text_final,label_manual
nikmat berkah mobil tren alih mobil indonesia terus tingkat bukti hemat biaya operasional hari masyarakat signifikan priyombodo lukita grahadyarini ratna sri widyastuti apr 2026 ekonomi bisnis fluktuasi harga minyak mentah dunia akibat tegang geopolitik kini tembus level 100 dolar per barel dengar ancam takut kas negara publik riuh bayang bayang naik harga bahan bakar minyak bbm ritel meski perintah jamin naik harga waktu dekat khawatir masyarakat merta lenyap khawatir uap balik kemudi mobil senyap guna krisis energi global asa jarak laju mulus lewat antre panjang pompa bensin pos sekat ganjil genap rasa waswas salah satu alam nyaman guna mobil alami friska wijaya warga utara guna mobil keluarga geser gantung mobil bahan bakar minyak mobil nilai mampu beri nyaman hemat biaya operasional signifikan banding mobil bbm awat mobil rasa lebih praktis contoh guna mobil konvensional habis biaya bahan bakar hingga juta per bulan alih mobil biaya isi daya turun drastis jadi 300 000 hingga 500 000 per bulan hemat biaya energi besar sebut buat mobil kini lebih andal keluarga masuk tempuh jalan jauh kondisi harga bbm sangat stabil pakai mobil lebih untung ujar hubung rabu 2026 himawan setiawan karyawan swasta tangerang banten rasa jumlah hemat sejak alih guna mobil tahun 2023 beli mobil dapat insentif potong pajak tambah nilai ppn besar persen tanggung ppn besar persen pajak tahun mobil listrik 143 000 jauh bawah kendara konvensional mobil listrik tempuh jarak hingga 000 kilometer makin rasa konsumsi energi mobil jauh lebih hemat ketimbang mobil bbm ilustrasi tempuh jarak mobil pakai butuh daya besar kilowatt jam kwh butuh daya sebut tara konsumsi liter bbm jarak tempuh sama beda lanjut himawan harga kwh daya ada kisar 700 000 gantung lokasi isi daya harga liter bbm nonsubsidi capai 300 kini bagi besar mal gedung kantor mulai sedia fasilitas parkir khusus mobil integrasi stasiun isi kendara umum spklu makin mudah isi daya manfaat guna mobil turut rasa handy pramudianto karyawan bumn domisili timur mulai guna mobil sejak akhir desember 2025 belum hari kendara mobil mesin diesel buat jepang keluar tahun 2022 ubah paling asa mulai guna mobil turun drastis biaya operasional jarak tempuh hari belum habis juta hingga juta per bulan bbm nonsubsidi jenis solar luar tanggung biaya servis juta rupiah pajak tahun bas juta rupiah padahal atas kertas guna mobil sebut tengah waktu ganti mobil biaya turun drastis isi daya laku minggu sekali biaya 150 000 sekali charging spklu jadi bulan 500 000 masuk jajan makan minum tunggu belum juta juta per bulan sekarang jadi 500 000 tutur minat mobil aku tinggi laku industri jongkie sugiarto ketua gabung industri kendara motor indonesia gaikindo beberapa tahun akhir tren jual mobil terus tingkat mobil bas baterai bev mobil hibrida hev mobil plug hybrid phev nilai makin suka biaya operasional sangat ringan ini sebab tren jual terus tingkat ujar pisah dasar data gaikindo jual bev baru mulai catat angka wholesales banyak 125 unit tahun 2020 lesat tajam tembus angka 103 931 unit akhir 2025 tingkat konsisten lihat segmen hev rangkak naik 787 unit 2019 jadi 943 unit tahun 2025 tumbuh awal tahun 2026 sokong kuat akselerasi penetrasi kendara jual bev lonjak signifikan besar 189 persen 783 unit januari februari 2025 jadi 508 unit tumbuh persentase paling fantastis catat segmen phev roket hingga 393 persen naik unit jadi 153 unit segmen hev tahan tren positif naik persen jadi 993 unit segmen mobil bekas rupa ricky prawiro milik showroom hobimobil pik tangerang lihat pasar mobil bekas tengah alami lonjak minta awal muncul mobil pasar rentang harga tinggi minim kompetisi situasi ubah lebih banyak main masuk hadir merek byd harga kisar 200 juta per unit buat pasar lebih jangkau dorong konsumen mulai berani alih masuk pasar mobil bekas tinggi minta lihat aktivitas showroom hari hingga lima calon beli datang sekadar cari informasi bahkan lihat unit pajang rata rata tiga hari laku kalau mobil konvensional biasa perlu waktu minggu margin lumayan kata momentum alih tuju kendara indonesia ada fase tumbuh gembira dasar tren historis catat usaha negara persero transaksi spklu tumbuh eksponensial awal mula 647 kwh 2020 roket jadi 568 297 kwh 2025 tumbuh tahun spklu konsisten ada atas 250 persen rekor lonjak hingga 528 persen jadi 2022 fenomena rupa skala volume konsumsi jauh lebih masif jadi layan isi daya rumah home charging konsumen indonesia tunjuk karakter kuat andal isi garasi rumah butuh hari data catat 199 264 kwh 2021 angka konsumsi lesat level 137 152 732 kwh 2025 arti tumbuh 141 persen kurun waktu satu tahun akhir bahkan catat tahun jalan hingga januari 2026 angka lesat 093 922 kwh waktu satu bulan 2026 dasar catat center economic and law studies celios alih kendara pribadi bbm mobil kira mampu hemat anggar subsidi hingga triliun per tahun transisi transportasi umum kendara pribadi seluruh proyeksi mampu hemat persen total anggar subsidi besar 210 triliun triliun per tahun hemat capai syarat benar benar jadi substitusi kendara bbm kendara perlu desain bijak efektif dorong substitusi sebut salah satu insentif upa ringan tarif tambah daya rumah tangga masyarakat laku isi daya mobil rumah ujar direktur eksekutif celios bhima yudhistira ketua umum masyarakat transportasi indonesia mti haris muhammadun sebut arah bijak insentif kendara indonesia perlu benah insentif sepeda motor mobil pribadi pada sektor milik dampak lebih luas transportasi publik logistik justru dapat dukung tara kalau insentif motor kendara pribadi cukup justru sekarang mti tuntut elektrifikasi bus mobil tumpang angkut umum truk logistik ujar hubung rabu tulis lukita grahadyarini ratna sri widyastutieditor aris prasetyopenyelaras bahasa priskilia bintang cornelia sitompul,Positif
video kemensos kaji ada mobil operasional sekolah rakyat sosial sebut tengah kaji kait rencana beli kendara operasional sekolah rakyat menteri sosial saifullah yusuf sebut rencana ada mobil prioritas sekolah rakyat kota kota besar kota kota lain guna bbm konvensional klik video lain sini,Netral
ketidakpastian regulasi hambat transisi motor kesiap infrastruktur hingga beri subsidi insentif beri pasti laku industri masyarakat kuat ekosistem elektrifikasi kendara hendra setyawan aguido adri apr 2026 ekonomi bisnis gejolak geopolitik timur tengah picu naik harga minyak dunia jadi momentum cepat transisi energi sektor transportasi bas meski implementasi konversi sepeda motor bahan bakar minyak bbm motor hadap banyak tantang akselerasi implementasi bijak insentif infrastruktur dukung nilai dorong warga makin lirik kendara ketua umum asosiasi industri sepeda motor indonesia aismoli budi setiyadi kata konflik kawasan timur tengah dampak langsung distribusi harga minyak global kondisi potensi tingkat tekan banyak negara masuk indonesia penting perintah lihat urgensi kendara salah satu cara tekan guna bbm kondisi geopolitik hingga tak kunjung reda lama perintah target program konversi sepeda motor bahan bakar minyak jadi sepeda motor sentuh angka 120 juta unit tiga hingga empat tahun depan target rupa salah satu langkah cepat elektrifikasi kendara sekaligus tekan konsumsi bbm subsidi bijak tatar policy atur apa perlu jelas lalu implementasi asosiasi siap dukung bijak kata budi hubung sabtu 2026 bijak cepat kendara benar rintis lalu atur presiden pres nomor tahun 2019 cepat program kendara motor bas baterai battery electric vehicle transportasi jalan salah satu tuju pres sebut kurang beban subsidi bbm upaya kuat lalu instruksi presiden nomor tahun 2022 wajib lembaga perintah pusat daerah guna kendara perintah lanjut budi beri subsidi beli motor 2023 2024 meski implementasi optimal dinamika regulasi meski jual tetap tunjuk kembang capai 000 kendara 2024 data aismoli tunjuk capai 2024 cukup signifikan banding 2023 jual sentuh angka 000 unit sayang jual 2025 turun jadi 000 unit laku industri koordinasi tim teknis energi sumber daya mineral esdm industri uang siap skema implementasi beri masuk kait skema konsep jalan kesiap industri sisi produksi siap jadi mitra perintah baik segi kualitas maupun kuantitas kata budi cepat program jadi momentum emas kembang industri motor hulu hingga hilir sekaligus buka peluang investasi lapang kerja baru pasti bijak regulasi nilai krusial utama laku usaha mulai hadap tekan pasar beberapa produsen bahkan mulai putus asa dukung perintah pasti bijak jadi sangat penting ujar sisi kapasitas budi sebut industri negeri milik mampu produksi hingga juta motor per tahun aismoli milik anggota produsen siap tingkat produksi iring tumbuh minta meski dukung subsidi produksi motor 2026 kira tumbuh batas 000 unit 2025 jadi 000 unit subsidi industri insentif masyarakat jangka waktu lebih panjang hingga 2029 produksi potensi tingkat hingga persen 000 unit per tahun insentif fiskal pajak nol persen budi dorong terap disinsentif kendara bas mesin bakar internal ice cepat alih sisi kesiap infrastruktur jadi faktor tentu adopsi masyarakat guna kendara motor sedia stasiun isi baterai luas mudah akses nilai penting dukung guna motor aktivitas hari hari guna motor bukan rumah kantor bagai aktivitas infrastruktur isi sedia luas mudah akses tambah institute for essential services reform iesr nilai target konversi motor masif realistis teknis batas ekosistem hingga akhir 2025 sedia bengkel sertifikasi jauh butuh minimal 000 bengkel capai target iesr desak perintah evaluasi gagal target tahun belum alih skema cash for clunkers beri subsidi masyarakat tukar kendara konvensional kendara perintah minta fokus segmen intensitas jalan tinggi milik dampak hemat bbm paling nyata chief executive officer iesr fabby tumiwa kata hingga akhir 2025 jumlah bengkel konversi sertifikasi baru unit angka sebut jauh bawah butuh minimal 000 bengkel dukung target konversi masif kondisi ekosistem target konversi skala besar realistis teknis ujar fabby terang tulis iesr nilai rencana konversi hingga 120 juta sepeda motor waktu singkat layak teknis atau ekonomis program sebut nilai risiko timbul beban fiskal baru milik peluang gagal tinggi efektif tekan gantung bbm program konversi sejati bukan baru 2022 esdm canang konversi 120 juta unit program capai target net zero emission hemat subsidi bbm alami naik harga iring naik harga minyak akibat serang rusia ukraina esdm target konversi 000 unit 2023 150 000 unit 2024 dukung subsidi juta hingga juta per unit realisasi jauh target capai 000 unit 2023 target revisi 2024 banyak 000 unit penuh fabby gagal sebut jadi dasar evaluasi seluruh utama kuat ekosistem konversi cakup sedia bengkel sertifikasi proses sertifikasi kendara cepat jangkau kesiap rantai pasok komponen baterai battery management system bms andal jangkau salah satu faktor tentu hasil program konversi sedia bengkel konversi sertifikasi konversi laku sesuai tentu regulasi dapat izin laik jalan kata hitung capai konversi 120 juta unit lima tahun perlu rata rata juta unit per tahun kapasitas satu bengkel kisar 900 hingga 500 unit per tahun indonesia butuh 000 hingga 000 bengkel sertifikasi sebar banyak daerah sedia bengkel konversi pada baik sisi jumlah maupun distribusi lokasi hingga akhir 2025 bengkel konversi sertifikasi hubung bagi besar bengkel ada bogor bandung bal bengkel bengkel konversi 000 kendara hingga akhir 2024 biaya konversi kisar juta hingga juta per unit nilai kompetitif banding harga motor baru dukung subsidi minat masyarakat laku konversi kira tetap rendah alternatif iesr usul jumlah dekat kait konversi kendara esdm pertama konversi fokus wilayah biaya logistik bbm tinggi akses batas mulai kendara dinas perintah contoh dua program konversi arah guna intensitas jalan tinggi kemudi ojek daring kurir logistik kerja kawasan industri segmen nilai milik potensi hemat bbm signifikan hingga 800 000 kiloliter per tahun target konversi juta unit tiga perintah dorong luas skema beli motor baru lalu produsen original equipment manufacturer dukung subsidi mekanisme tukar tambah skema kuat lalu program cash for clunkers beli motor lama usia atas tahun uang muka kendara baru tulis aguido adrieditor muhammad fajar martapenyelaras bahasa nanik dwiastuti,Netral
ekarsa inovasi kendara ugm mobilitas ramah lingkung rumah sakit inovasi kendara terus kembang teliti fakultas teknik universitas gadjah mada salah satu terobos baru hadir lalu kembang kendara nama ekarsa rancang khusus penuh butuh mobilitas lingkung rumah sakit khusus kawasan rumah sakit akademik rsa ugm kembang ekarsa prakarsa departemen teknik elektro teknologi informasi dteti ugm respons atas butuh nyata lapang utama dukung mobilitas pasien tenaga sehat unjung area parkir tuju gedung utama rumah sakit kepala dteti ugm prof hanung adi nugroho eng ipm smieee jelas ekarsa kembang waktu relatif singkat tiga bulan sejak januari hingga maret 2026 minta rsa cukup spesifik tantang berkat alam tim kolaborasi mitra industri kendara hasil wujud sesuai butuh ujar teknis ekarsa rancang kendara kawasan batas kapasitas hingga delapan tumpang kendara guna baterai lithium ferro phosphate lfp sistem kendali motor kembang mandiri tim ugm waktu isi daya relatif singkat tiga jam jadi salah satu unggul dukung operasional hari lingkung rumah sakit sisi desain ekarsa depan aspek repairability durability manfaat komponen otomotif lokal komponen komersial mudah oleh ban suspensi sistem elektronik rancang lokal dukung guna baterai lfp produksi negeri karoseri kembang sama industri wilayah diy solo mudah awat sekaligus kuat rantai pasok domestik aspek aman nyaman jadi perhati utama desain ekarsa kendara rancang sudut tajam guna komponen standar mudah awat utama ergonomi mudah guna ketua tim mobil ekarsa eka firmansyah eng ipm asean eng sama tim lintas disiplin libat dteti dtmi fakultas ugm kembang kendara gandeng mitra industri inamas sintesis teknologi kolaborasi jadi bagi penting dorong proses hilir riset kampus dunia industri dekan ugm prof selo ipu asean eng sampai ekarsa rupa lanjut kembang kendara belum ugm gate gadjah mada airport transporter tekan inovasi tunjuk mampu teliti ugm laku kustomisasi teknologi sesuai butuh spesifik guna nama ekarsa sendiri milik makna filosofis dalam rupa akronim kendara elektrik rsa kata karsa filosofi jawa rujuk hendak luhur lahir padu cipta rasa kemudian wujud tindak nyata cermin semangat dteti ugm henti riset hadir solusi konkret masyarakat luncur ekarsa mulai operasi rsa ugm kamis lalu jadi langkah nyata dorong hilir teknologi depan harap kembang lanjut tahap produksi lebih luas dukung industri mampu cipta ekosistem kendara nasional lanjut ras,Positif
tarif pln per april 2026 semua golong tarif pln per april 2026 semua golong referensi april 2026 bloomberg technoz perintah lalu energi sumber daya mineral esdm pasti tarif periode april hingga juni 2026 alami ubah bijak laku seluruh golong langgan baik subsidi maupun nonsubsidi langkah sebut ambil bagi upaya jaga daya beli masyarakat tengah dinamika ekonomi global stabilitas tarif harap mampu dukung langsung sektor industri nasional bijak tarif tetap banyak golong langgan nonsubsidi golong langgan subsidi pasti alami naik tarif hingga akhir juni 2026 bijak laku triwulan tahun 2026 rincian tarif nonsubsidi tarif per kwh langgan umum ikut rincian tarif golong langgan nonsubsidi lansir bloomberg technoz bagai sumber 900 rp1 352 per kwh 300 rp1 444 per kwh 200 rp1 444 per kwh 500 500 rp1 699 per kwh atas 600 rp1 699 per kwh tarif bisnis industri 600 200 kva rp1 444 per kwh atas 200 kva rp1 114 per kwh atas 200 kva rp1 114 per kwh atas 000 kva rp996 per kwh tarif fasilitas lain rp1 699 per kwh rp1 522 per kwh pju rp1 699 per kwh rp1 644 per kwh rincian tarif subsidi tarif rumah tangga subsidi 450 rp415 per kwh 900 rp605 per kwh tarif rumah tangga umum 900 rtm rp1 352 per kwh 300 rp1 444 per kwh 200 rp1 444 per kwh 500 500 rp1 699 per kwh atas 600 rp1 699 per kwh tarif bisnis industri sosial sektor bisnis industri tarif tetap sama golong nonsubsidi tarif sosial tetap lebih rendah 450 rp325 per kwh 900 rp455 per kwh 300 rp708 per kwh 200 rp760 per kwh 500 200 kva rp900 per kwh atas 200 kva rp925 per kwh,Positif
hoaks bahlil usir masyarakat tak pakai motor tribratanews polri viral facebook unggah judul menteri energi sumber daya mineral esdm bahlil lahadalia sebut wajib rakyat indonesia pakai sepeda motor narasi edar media sosial bahlil klaim kata rakyat pakai sepeda motor keluar indonesia fakta klaim sebut benar lansir sabtu tak temu bukti nyata bahlil wajib rakyat indonesia pakai sepeda motor bahlil memang tunjuk jadi ketua satgas cepat transisi energi pernah usir warga pakai sepeda motor,Positif
nengah senantara edukasi warga aman andal buleleng april anggota komisi dpr fraksi partai nasdem nengah senantara tegas penting kolaborasi perintah pln masyarakat cipta sistem ketenagalistrikan aman andal sebut sampai nengah sosialisasi edukasi listrik banjar dinas ambengan desa ambengan camat sukasada kabupaten buleleng bal jumat 2026 sinergi pln perintah daerah masyarakat sangat penting pasti manfaat jalan aman tertib edukasi jadi kunci bangun sadar sama ungkap nengah senantara nengah kata sosialisasi fokus tingkat paham masyarakat kait guna legal aman edukasi nilai penting cegah praktik sambung ilegal risiko selamat guna ilegal sangat risiko baik sisi selamat maupun aspek hukum ajak masyarakat guna guna tenaga listrik ahli guna bijak nyaman aman sama ujar legislator nasdem dapil bal tekan penting patuh masyarakat atur listrik ingat guna ilegal milik konsekuensi serius wakil masyarakat sekaligus keuta badan musyawarat desa bpd desa ambengan ketut joki sambut baik giat sebut nilai sosialisasi beri manfaat langsung warga paham risiko guna sesuai standar giat sangat baik beri paham masyarakat sekaligus ingat semua lebih peduli selamat guna kata manager pln up3 bal utara elashinta jelas giat rupa bagi upaya pln tingkat aspek selamat turut guna ilegal timbul bagai dampak rugi lalu sosialisasi harap masyarakat makin paham penting guna aman tertib sesuai tentu laku ungkap tegas risiko sambung ilegal upa rusa alat potensi bakar sengat dapat konsekuensi hukum kena langgar lalu giat pln sama mang penting harap masyarakat lebih sadar penting selamat listrik guna sesuai atur harap dukung aktivitas warga aman lanjut pengempon pura pemaksan dalem surya desa ambengan made raksa ungkap giat beri wawas erat hubung masyarakat mang penting rasa perhati giat buat masyarakat lebih paham sekaligus lebih dekat pln perintah kata lalu giat pln sama dpr harap sinergi jalin terus kuat cipta manfaat aman tertib lanjut tengah masyarakat erin,Positif
jaga daya beli tarif naik kuartal dua kontan perintah lalu energi sumber daya mineral esdm tetap tarif tenaga pln persero kuartal dua tahun april juni tetap alami ubah direktur utama pln darmawan prasodjo nyata kesiap pln jalan bijak perintah sekaligus pasti andal pasok seluruh langgan,Positif
wacana konversi 120 juta motor risiko gagal beban uang negara wacana perintah konversi 120 juta motor konvensional nilai risiko gagal sekaligus bakal membenani uang negara institute for essential services reform iesr nyata rencana efektif mangkas gantung indonesia bahan bakar minyak bbm chief executive officer iesr fabby tumiwa faktor tentu hasil program konversi ialah sedia bengkel sertifikasi kira mampu bengkel hingga tiga mekanik latih laku konversi 900 500 unit per tahun perlu 000 000 bengkel konversi sertifikasi seluruh indonesia baca amat ugm sebut perintah batas bbm subsidi harga minyak naik sedia bengkel konversi pada baik sisi jumlah maupun distribusi lokasi hingga akhir 2025 bengkel konversi sertifikasi hubung mana bagi besar ada bogor bandung bal kata fabby terang rabu 2026 tambah biaya konversi satu unit motor kira juta gantung kapasitas mesin baterai lengkap total biaya padan sanding harga motor baru lama waktu perlu konversi perintah milik opsi beri subsidi biaya konversi motor bakar tarik minat masyarakat konversi kendara apabila serah putus milik motor pasti laku konversi motor tinggi biaya jelas adapun program konversi motor jadi electric vehicle bukan baru lanjut era perintah belum baca uni eropa borong panel surya hingga tengah krisis energi energi sumber daya mineral esdm canang konversi 120 juta program capai target net zero emission hemat subsidi bbm alami naik naik harga minyak akibat serang russia ukraina tahun 2022 kala perintah target konversi 000 unit 2023 150 000 2024 subsidi besar juta lalu naik jadi juta per unit nyata target sebut capai capai konversi 000 unit motor 2023 revisi target 2024 jadi 000 capai papar fabby gagal program evaluasi esdm laku benah benah lalu kuat ekosistem konversi motor imbuh masuk sedia bengkel konversi proses sertifikasi kendara cepat murah rantai pasok motor baterai standar motor konversi himgga minat partisipasi masyarakat iesr usul perintah rencana ulang buat target lebih ukur sesuai kembang ekosistem konversi motor anggar perintah konversi prioritas wilayah biaya logistik bbm tinggi jangkau batas jamin mobilitas sekaligus memitigasi risiko langka pasok implementasi awal mandatori konversi kendara dinas operasional perintah kendara asn role model publik papar fabby akselerasi ekosistem lokal perintah perlu beri insentif khusus bengkel konversi sertifikat tingkat kabupaten sedia subsidi biaya konversi masyarakat tempat dua program konversi fokus masif guna sepeda motor intensitas jalan tinggi ojek online kurir logistik kerja kawasan industri target juta unit segmen prediksi mampu hemat guna bbm hingga 800 000 kiloliter per tahun perintah perlu luncur program subsidi beli tukar tambah motor lalu original equipment manufacturer oem penuh standar ketat kait kapasitas baterai jarak tempuh harga kompetitif kontribusi langsung upaya cegah atas masalah stunting indonesia ikut donasi klik jernih bagi artikel rupa bagi lestari media buah inisiatif akselerasi tuju bangun lanjut lengkap,Negatif
rincian tarif triwulan laku april 2026 cek lengkap perintah lalu energi sumber daya mineral esdm tetap tarif tenaga triwulan laku april mei juni 2026 tarif laku sebut alami naik bijak sebut jadi bagi upaya perintah jaga daya beli masyarakat bagaimana lansir detikfinance laksana tugas plt direktur jenderal ketenagalistrikan esdm tri winarno kata bijak naik tarif acu tentu laku timbang kondisi ekonomi masyarakat perlu cemas perintah tetap tarif periode triwulan 2026 tetap tetap laku jaga daya beli masyarakat laku hitung bagai parameter ekonomi makro ujar tri terang tulis senin 2026 atur tetap tarif dasar atur menteri esdm nomor tahun 2024 tarif tenaga sedia pln persero evaluasi penyesuain tarif tenaga golong langgan nonsubsidi laku tiga bulan acu ubah realisasi parameter ekonomi makro liput nilai tukar rupiah dolar harga rata rata minyak mentah indonesia indonesian crude price icp inflasi harga batubara acu hba tetap tarif triwulan tahun 2026 parameter ekonomi makro guna realisasi periode november 2025 hingga januari 2026 kurs besar 743 icp besar per barel inflasi besar hba besar per ton sesuai bijak dmo batubara parameter sebut formula tarif tenaga potensi alami ubah perintah putus tarif ubah masuk golong langgan subsidi tuju jaga daya saing industri daya beli masyarakat stabilitas ekonomi nasional tengah kondisi global daftar tarif april juni 2026 ikut rincian tarif laku triwulan dua bulan april mei juni mulai laku tanggal april 2026 tarif golong daya 900 harga 352 per kwh tarif golong daya 300 harga 444 per kwh tarif golong daya 200 harga 444 per kwh tarif golong daya 500 500 harga 699 per kwh tarif golong daya 600 atas harga 699 per kwh tarif golong daya 600 200 kva harga 444 per kwh tarif golong daya atas 200 kva harga 114 per kwh tarif golong daya atas 200 kva harga 114 per kwh tarif golong daya 000 kva atas harga 996 per kwh tarif golong daya 600 200 kva harga 699 per kwh tarif golong daya atas 200 kva harga 522 per kwh tarif golong terang jalan umum harga 699 per kwh tarif golong harga 644 per kwh rincian harga berkalu triwulan dua tahun 2026 moga guna,Positif
video maling kabel pln jambi ujung sengat tangkap polisi reyhan firmansyah alami luka bakar akibat sengat usaha curi kabel pln kota jambi sempat minta tangkap warga hingga aman pihak polisi aksi curi jadi gardu jb0484 jalan lingkar barat lurah pinang merah camat alam barajo kota jambi sekira pukul kamis 2026 ulah curi rugi warga dampak padam lama jam,Negatif
daftar rincian tarif rumah tangga april 2026 perintah lalu energi sumber daya mineral esdm tetap tarif laku april 2026 tetap laku tarif seluruh langgan pln masuk golong rumah tangga informasi langgan prabayar milik besar tarif pln sama langgan pascabayar langgan prabayar perlu beli token kemudian masuk meter dapat daya langgan pascabayar cukup bayar tagih pakai periode tentu lantas berapa tari harga token rumah tangga april 2026 sebut baca token tak kurang pakai apa laku tarif rumah tangga april 2026 ikut rincian lengkap tarif april 2026 laku golong rumah tangga tarif rumah tangga subsidi golong daya 450 415 per kwh golong daya 900 605 per kwh tarif rumah tangga non subsidi golong kecil daya 900 rtm 352 per kwh golong kecil daya 300 444 per kwh golong kecil daya 200 444 per kwh golong tengah daya 500 500 699 per kwh golong besar daya atas 600 699 per kwh baca salah beli token refund jawab pln beli token 000 100 ribu berapa kwh beli token pln tahu bakal selalu sesuai tarif dasar kini laku nominal token beli potong pajak terang jalan ppj daerah sesuai bijak perintah tempat misal ppj ikut 200 persen 500 500 persen 600 atas persen adapun rumus hitung besar kwh oleh ikut nominal token ppj daerah tarif dasar kwh dapat baca token kedaluwarsa jelas pln web pln ilustrasi meter harga token rumah tangga april 2026 harga token april 2026 lebih rinci ikut rincian besar kwh oleh beli token 000 100 000 masing masing golong langgan rumah tangga non subsidi beli token ribu berapa kwh rumah tangga daya 900 000 persen 352 kwh dapat 000 200 352 kwh dapat 800 352 kwh dapat 800 352 kwh rumah tangga daya 300 200 000 persen 444 kwh dapat 000 200 444 kwh dapat 800 444 kwh dapat 800 444 kwh rumah tangga daya 500 500 000 persen 699 kwh dapat 000 500 699 kwh dapat 500 699 kwh dapat 500 699 kwh rumah tangga daya 600 lebih 000 persen 699 kwh dapat 000 000 699 kwh dapat 000 699 kwh dapat 000 699 kwh baca muncul tulis periksa meter tanda apa kata pln beli token 100 ribu berapa kwh rumah tangga daya 900 100 000 persen 352 kwh dapat 100 000 400 352 kwh dapat 600 352 kwh dapat 600 352 kwh rumah tangga daya 300 200 100 000 persen 444 kwh dapat 100 000 400 444 kwh dapat 600 444 kwh dapat 600 444 kwh rumah tangga daya 500 500 100 000 persen 699 kwh dapat 100 000 000 699 kwh dapat 000 699 kwh dapat 000 699 kwh rumah tangga daya 600 lebih 100 000 persen 699 kwh dapat 100 000 000 699 kwh dapat 000 699 kwh dapat 000 699 kwh baca daftar kode rahasia meter token masuk atur alarm komitmen beri fakta jernih percaya imbang dukung lanjut jurnalisme jernih nikmat nyaman baca iklan lalu membership gabung plus sekarang,Netral
konversi pltd plts nilai hemat biaya hingga triliun per tahun editor upaya perintah kembang bangkit tenaga surya plts nilai tekan biaya nasional sekaligus kuat tahan energi salah satu lalu konversi bangkit tenaga diesel pltd plts wilayah pencil institute for energy economics and financial analysis ieefa nilai langkah sebut potensi hasil hemat hingga miliar dollar triliun per tahun program jalan target kembang plts besar 100 gigawatt tahap awal upa konversi pltd jadi plts kapasitas baca target baur ebt 2026 capai persen perintah kebut plts 100 hingga bbn lama guna pltd elektrifikasi wilayah pencil nilai beban uang negara tinggi biaya impor bahan bakar fluktuasi harga minyak global biaya produksi pltd catat tingkat signifikan 746 per kwh 2020 jadi 748 per kwh 2023 banding ieefa catat biaya plts kombinasi sistem simpan energi battery energy storage system bess ada kisar dollar per kwh angka sebut jauh lebih rendah banding pltd capai dollar per kwh bahkan sempat sentuh dollar per kwh 2023 research engagement lead ieefa mutya yustika kata alih plts potensi ubah struktur biaya utama wilayah pulau indonesia manfaat sinar matahari limpah simpan lokal distribusi andal gantung impor bahan bakar ujar terang kamis 2026 tekan biaya produksi konversi kira kurang impor diesel hingga hasil hemat miliar dollar sisi beban subsidi potensi kurang miliar dollar per tahun persen total subsidi kompensasi meski implementasi program hadap jumlah tantang salah satu ketidakpastian regulasi utama kait skema tarif proyek plts bess jelas tarif transparan proses penandatanganan janji jual beli ppa nilai potensi hambat baca prabowo perintah bangun plts 100 buat cepat transisi energi butuh investasi awal capai miliar dollar jadi tantang sendiri lebih tengah naik suku bunga global tingkat biaya biaya proyek masalah muncul aspek ada lahan kendala regulasi rencana tata ruang integrasi ieefa nilai bagai hambat sebut atas konversi pltd plts turun biaya kuat tahan energi nasional sekaligus dorong transisi tuju energi bersih kontribusi langsung upaya cegah atas masalah stunting indonesia ikut donasi klik jernih bagi artikel rupa bagi lestari media buah inisiatif akselerasi tuju bangun lanjut lengkap,Positif
kdm menteri sepakat transformasi sampah jadi energi tpa sarimukti kdm menteri sepakat transformasi sampah jadi energi tpa sarimukti subang gubernur jawa barat dedi mulyadi kdm gelar rapat koordinasi strategis sama menteri lingkung hidup hanif faisol nurofiq jumlah kepala daerah wilayah bandung raya sangga temu buah putus penting kait cepat tangan krisis sampah lalu transformasi tempat buang akhir tpa jadi bangkit tenaga sampah waste energy kdm tegas masalah sampah jawa barat khusus bandung raya purwakarta cianjur capai titik akut perlu tindak konkret lalu proses birokrasi belit belit target 100 persen sampah kelola 2029 menteri lingkung hidup hanif faisol nurofiq papar sampai presiden prabowo subianto garis target ambisius atur presiden nomor tahun 2025 perintah target kelola sampah tuntas terhandle 100 persen tahun 2029 tingkat kelola sampah nasional baru capai angka persen capai target sebut perintah komitmen akhir praktik open dumping buang buka lama picu bagai masalah lingkung celaka kerja jadi tpa bantar gebang baru baru milik waktu batas rata rata umur tpa nasional tahun standar operasional ideal tahun arti gegas laku terobos fundamental lalu teknologi waste energy ujar menteri optimalisasi empat titik kelola sampah diskusi sebut kdm tawar solusi optimal empat titik kelola sampah bagi beban volume sampah capai lebih 421 ton per hari wilayah bandung raya sekitar empat titik sebut tpa sarimukti bandung barat luas manfaat lahan hutan atas izin khusus presiden titik layan wilayah bandung barat cimahi bagi cianjur bagi purwakarta bagi kabupaten bandung tpa legok nangka nagreg fokus layan sumedang garut bagi kota bandung bagi kabupaten bandung tpa jelekong kabupaten bandung fokus wilayah kabupaten bandung kota bandung tpa kayu manis kota bogor layan wilayah bogor sekitar kdm tekan guna lahan negara hutan tpa sarimukti jauh lebih efektif cepat banding bebas lahan baru perlu pindah administratif atas perintah presiden efisiensi komitmen kepala daerah kdm minta bupati walikota khawatir kena beban apbd fokus utama tuntas masalah sampah tahun tahun selesai instruksi kepala dinas lingkung hidup bandung raya segera laku koordinasi teknis lebih baik punya empat tempat kelola sampah punya sama sekali tugas kepala daerah kerja sama presiden selesai problem akut tegas kdm temu akhir sepakat penandatanganan nota paham mou laksana selasa sore purwakarta bentuk komitmen sama lintas kabupaten kota sumber,Positif
uji coba budaya kerja baru gus ipul ngantor pakai mobil perintah mulai terap transformasi budaya kerja gera hemat energi sejak april kemarin langkah laku dorong ubah pola kerja aktivitas masyarakat lebih efisien tetap produktif bijak guna energi sekaligus kuat fondasi tahan ekonomi nasional lanjut menindaklanjuti bijak menteri sosial saifullah yusuf gus ipul seluruh jajar mulai laku uji coba terap budaya kerja baru lingkung sosial salah satu hemat guna kendara dinas dorong manfaat transportasi umum kendara sore gus ipul kendara mobil kecil wuling ada kantor kemensos tani sopir orang ajudan tampak kendara wuling putih berplat merah luar kantor pukul kendara sama guna pagi gus ipul berangkat kantor rumah dinas widya chandra sama laku wakil menteri sosial agus jabo priyono sama pak wamen sama pak sekjen jajar kemensos laku simulasi menindaklanjuti bijak perintah transformasi sekaligus dorong budaya baru lingkung perintah kata gus ipul terang tulis kamis 2026 lebih lanjut gus ipul tegas transformasi budaya kerja baru gera hemat energi tetap jalan iring produktivitas kurang kualitas layan masyarakat salah satu bahas tadi putus hari jumat jadi wfh penuh seluruh karyawan sosial tetap beri layan layan masyarakat papar terap satu hari work from home wfh gus ipul ajak seluruh pegawai guna transportasi umum sepeda maupun kendara sarana tuju kantor harap langkah sebut laku satu kali minggu coba ajak seluruh karyawan guna transportasi umum tuju kantor guna sepeda guna mobil harap satu kali minggu samping wfh imbuh gus ipul tegas meski laku wfh prinsip layan masyarakat tetap jalan bagaimana mesti hari jumat penuh wfh sekolah rakyat poltekesos command center sentra balai tetap layan masyarakat memang butuh layan sosial pungkas tonton video cocok buat dinas mercedes benz vle van super mewah,Positif
rekomendasi motor bekas awet hari harga masuk akal motor kini makin mati indonesia utama biaya operasional jauh lebih hemat banding motor bensin awat relatif sederhana beberapa tahun akhir motor litsrik bekas ikut tingkat harga lebih jangkau tetap fungsional butuh hari kerja kuliah hingga aktivitas ringan kota tarik pasar motor bekas indonesia mulai agam banyak pilih brand lokal maupun global rentang harga mulai rp6 juta hingga bas juta gantung kondisi spesifikasi advertisement unggul utama motor minim komponen gerak butuh oli buat unit bekas cukup layak pakai jangka panjang ikut rekomendasi motor bekas rangkum rabu 2026 alva one desain gaya maxi scooter beri nyaman ekstra kendara milik mobilitas tinggi jarak tempuh hari cukup jauh lebih utama letak ekosistem aplikasi alva mobile mungkin milik dua tetap pantau kondisi motor digital lalu smartphone spesifikasi utama jenis motor hub drive motor daya maksimum 000 watt torsi maksimum cepat maksimal jam jarak tempuh hingga satu baterai mode kendara mode eco cruise sport tipe baterai lithium ion kapasitas baterai kwh waktu isi jam harga harga alva one pasar otomotif bekas indonesia kisar rp17 000 000 rp21 000 000 gantung varian kondisi lengkap motor advertisement gesits karya anak bangsa gesits bukti durabilitasnya lama tahun tahun motor sering kali jadi pilih ingin performa tara motor matik bensin kelas 125cc spesifikasi utama jenis motor permanent magnet synchronous bldc motor daya motor 000 watt rated 000 watt peak maksimal tenaga maksimal torsi maksimal cepat maksimal jam akselerasi jam mode kendara eco urban sport jenis baterai lithium ion ncm volt kapasitas kwh per baterai jarak tempuh baterai 100 baterai waktu isi jam harga harga gesits pasar otomotif bekas indonesia kisar rp11 000 000 rp18 000 000 gantung varian kondisi lengkap motor united t1800 united t1800 hadir kendara suka fitur fitur futuristik motor tawar alam kendara beda hadir fitur suara mesin buat racer sound desain sangat modern spesifikasi utama motor bosch 60v 1800w rated power cepat maksimal jam torsi maksimal mode kendara level cepat jam mode turbo jam mode mundur reverse baterai lithium ion 60v 28ah jarak tempuh waktu isi jam harga harga united t1800 pasar otomotif bekas indonesia kisar rp10 000 000 rp13 000 000 gantung varian kondisi lengkap motor advertisement volta 401 milik mobilitas sangat tinggi mau repot tunggu waktu isi daya charging volta 401 bekas sistem tukar baterai sgb opsi paling logis desain fungsional kompak buat sangat praktis libas gang gang sempit spesifikasi utama motor dinamo 1500 watt brushless maksimum 1900w cepat maksimal jam jenis baterai sgb lifepo4 lithium ferro phosphate tahan panas kapasitas baterai 64v 21ah 60v 23ah slot baterai jarak tempuh hingga baterai 120 baterai waktu isi jam sistem sgb sistem ganti baterai swap harga harga volta 401 pasar otomotif bekas indonesia kisar rp6 500 000 rp9 000 000 gantung varian kondisi lengkap motor smoot tempur polytron rex maxi skuter premium rancang performa tinggi cepat maksimal capai 130 jam jarak tempuh impresif hingga 210 spesifikasi utama motor brushless 1500 watt maksimal 3000 watt baterai 64v swappable tukar cepat maks jam jarak tempuh daya maksimal 1500 watt torsi maksimal 112 750 rpm sistem baterai swappable tukar baterai lalu aplikasi swap kapasitas baterai 64v tipe baterai lithium ion beberapa versi guna lfp aman harga harga smoot tempur pasar otomotif bekas indonesia kisar rp6 000 000 rp9 000 000 gantung varian kondisi lengkap motor advertisement,Positif
pln uid raya pasok data center kuat ekosistem digital nasional pln uid raya pasok data center kuat ekosistem digital nasional tvmu pln persero unit induk distribusi uid raya menandatangani janji jual beli tenaga pjbtl usaha data center data center indonesia sukses perkasa disp starone mitra telekomunikasi bdx upaya kuat pasok sektor digital nasional serah pjbtl laku seremonial ruang batavia kantor pln uid raya kerja sama pln sedia pasok masing masing besar 2x29 mva dukung operasional dua pusat data sebut andal lanjut general manager pln uid raya moch andy adchaminoerdin tegas langkah rupa bagi komitmen pln dukung transformasi digital indonesia pln siap pasti butuh data center penuh lanjut jadi bagi kontribusi pln dorong transformasi digital tumbuh ekonomi nasional ujar andy data center indonesia sukses perkasa tahu sedia layan pusat data butuh cloud cerdas buat internet things iot konektivitas digital starone mitra telekomunikasi bdx layan segmen enterprise cloud global telekomunikasi hingga sektor perintah general affair data center indonesia sukses perkasa nova nurmegeni apresiasi dukung pln pasti andal pasok operasional pusat data apresiasi komitmen pln sedia pasok stabil lanjut dukung sangat penting operasional data center depan andal layan cloud konektivitas digital kata nova nada sampai chief business officer starone mitra telekomunikasi bdx dhany lingga nilai kerja sama jadi fondasi penting kembang layan data center skala besar indonesia kerja sama jadi langkah strategis hadir layan data center hyperscale andal langgan enterprise cloud global telco perintah sedia jamin jadi faktor utama jaga kualitas layan ungkap dhany andy tambah pln terus kuat sistem listrik tingkat kapasitas jawab butuh sektor industri strategis masuk industri digital kembang pesat terus hadir sedia energi andal ekosistem digital pln terus hadir layan adaptif lanjut langgan pungkas,Positif
video trump ultimatum iran buka selat hormuz besok bangkit hancur video trump ultimatum iran buka selat hormuz besok bangkit hancur presiden amerika serikat donald trump ancam serang bangkit hingga jembatan iran selat hormuz tak kunjung buka trump sebut serang lancar selasa 2026 besok,Negatif
daftar harga mobil april 2026 banyak merek tahan harga pasuk kuartal dua tahun 2026 peta saing mobil indonesia makin panas ramai deret model baru kian agam gera harga awal april jadi sinyal penting calon konsumen alih kendara niremisi dasar pantau bagai sumber diler mayoritas pabrikan tahan harga stabil dinamika tarik segmen premium beberapa model volume maker alami sesuai tipis baik faktor nik nomor identitas kendara baru maupun strategi positioning pasar baca jarang tahu alas baterai mobil ada lantai salah satu curi perhati bmw pabrikan asal jerman laku sesuai harga lini suv mewah bmw xdrive45 nik 2025 kini banderol 639 miliar naik tipis belum 628 miliar sedan kasta tinggi bmw xdrive60 nik 2025 kini sentuh angka 429 miliar gera harga jadi kubu byd salah satu main agresif tahun byd pantau naik harga model suv populer atto advanced baca adu hemat jaecoo honda hev mobil hybrid belum ada angka 390 juta per april 2026 harga koreksi jadi 415 juta meski byd tetap tawar opsi murah riah lalu atto dynamic banderol bawah 200 juta sedang timbang nimbang pinang mobil bulan penting perhati detail varian skema tawar sistem sewa baterai populer vinfast polytron skema bukti mampu tekan harga jual kendara signifikan awal segmen mobil murah kini makin ramai hadir vinfast wuling air lite saing ketat angka 150 juta hingga 200 juta suka performa hadir hyundai ioniq cyberster angka miliar hingga miliar beri warna baru skena mobil kencang indonesia ikut daftar lengkap harga mobil per april 2026 aion aion plus exclusive 419 juta aion plus premium 479 juta aion exclusive 449 juta aion luxury 489 juta aion standard 325 juta aion premium 363 juta hyptec premium 691 juta hyptec ultra 843 juta aletra aletra 488 juta aero line 493 juta bmw bmw edrive35 nik 2024 841 miliar bmw edrive40 nik 2024 225 miliar bmw m60 nik 2024 830 miliar bmw edrive40 touring nik 2024 275 miliar bmw ix1 edrive20 sport nik 2024 379 miliar bmw xdrive45 nik 2025 639 miliar belum 628 miliar bmw xdrive40 nik 2024 545 miliar bmw xdrive50 nik 2024 719 miliar bmw xdrive60 nik 2025 429 miliar belum 415 miliar bmw xdrive60 gran lusso two tone nik 2024 576 miliar byd byd atto dynamic 199 juta byd atto premium 235 juta byd dolphin dynamic 369 juta byd dolphin premium 429 juta byd atto advanced 415 juta belum 390 juta byd standard 383 juta byd superior seater 423 juta byd superior captain seat 433 juta byd seal premium 639 juta byd seal performance awd 750 juta byd sealion premium 629 juta byd sealion performance 719 juta changan changan deepal s07 599 juta changan lumin 178 juta chery chery omoda pure 379 juta chery omoda 419 juta chery rwd 560 juta chery iwd 625 juta chery rwd phantom edition 610 juta chery iwd phantom edition 675 juta chery j6t rwd 580 juta chery j6t iwd 645 juta citroen citroen 377 juta denza denza 950 juta dfsk dfsk gelora electric 350 juta dfsk gelora electric 399 juta geely geely ex2 pro 255 juta geely ex2 max 285 juta geely ex5 pro 465 juta geely ex5 max 505 juta gwm gwm ora 369 juta hyundai hyundai ioniq batik 911 juta hyundai ioniq prime standard range 809 juta hyundai ioniq signature standard range 873 juta hyundai ioniq prime long range 851 juta hyundai ioniq signature long range 925 juta hyundai ioniq miliar hyundai ioniq signature 237 miliar hyundai kona electric style 565 juta hyundai kona electric prime 583 juta hyundai kona electric prime 634 juta hyundai kona electric signature 651 juta hyundai kona electric signature 668 juta hyundai kona electric line 689 juta jaecoo jaecoo standard 249 juta jaecoo premium 299 juta kia kia ev9 line 985 miliar lexus lexus 300e 577 miliar lexus 450e 488 miliar mazda mazda 860 juta maxus maxus mifa 888 juta maxus mifa 750 juta mercedes benz eqb 250 progressive line miliar eqe 350 electric art line miliar eqe 350 4matic suv 885 miliar eqs 450 electric art line miliar eqs 450 amg line miliar eqs 450 edition one 995 miliar eqs 450 4matic amg suv miliar 580 technology miliar maybach eqs 680 suv miliar morris garages cyberster 704 miliar ignite 299 juta magnify max 405 juta max 419 juta 417 juta 333 juta magnify 355 juta magnify max 455 juta mini mini electric 029 miliar mini cooper 117 miliar mini jcw electric 283 miliar mini countryman all4 472 miliar mini aceman 170 miliar mitsubishi mitsubishi l100 323 juta neta neta 299 juta neta 428 juta nissan nissan leaf one tone 738 juta nissan leaf two tone 744 juta polytron polytron sewa baterai 329 juta polytron 461 juta polytron sewa baterai 373 juta polytron 505 juta porsche porsche taycan miliar porsche taycan miliar porsche taycan cross turismo miliar porsche taycan gts miliar renault renault twizy 409 juta renault zoe 888 juta renault megane tech 375 miliar seres seres type 189 juta seres type 219 juta seres 349 juta tesla tesla model standard range miliar tesla model long range miliar toyota toyota urban cruiser 759 juta toyota bz4x 799 juta volvo volvo ex30 plus 930 juta volvo ex30 ultra miliar volvo ex40 288 miliar volvo ec40 288 miliar vinfast vinfast sewa baterai 152 juta vinfast 192 juta vinfast sewa baterai 212 juta vinfast 272 juta vinfast e34 sewa baterai 283 juta vinfast e34 320 juta vinfast eco sewa baterai 308 juta vinfast eco 334 995 juta vinfast plus sewa baterai 364 juta vinfast plus 397 juta vinfast eco sewa baterai 418 juta vinfast eco 468 juta vinfast plus sewa baterai 508 juta vinfast plus 568 juta volkswagen buzz 495 miliar buzz business edition 575 miliar wuling wuling air lite standard range 214 juta wuling air lite long range 251 juta wuling air pro 307 juta wuling binguo lite 318 juta wuling binguo pro 363 juta wuling cloud lite 415 juta wuling cloud pro 443 juta wuling cortez darion 399 juta wuling cortez darion 459 juta wuling mitra blind van long range 328 juta wuling mitra blind van premium range 358 juta wuling mitra minibus long range 348 juta wuling mitra minibus premium range 378 juta xpeng xpeng pro 619 juta xpeng standard 990 juta xpeng long range pro 059 miliar xpeng long range pro plus 099 miliar,Netral
bagaimana regulasi bbnkb pkb atas kendara salah satu rencana strategis nasional dukung guna energi bersih baru perintah laku cepat adopsi kendara bas bagai bijak insentif pajak guna salah satu insentif fiskal beri kurang bebas bea balik nama kendara motor bbnkb pajak kendara motor pkb regulasi pajak daerah kendara bas tentu pajak daerah hubung milik kendara bas atur regulasi hukum undang undang nomor tahun 2022 hubung uang perintah pusat daerah hkpd atur menteri negeri republik indonesia nomor tahun 2026 dasar kena pajak kendara motor bea balik nama kendara motor pajak alat berat tahun 2025 permendagri 2026 tentu tarif pkb bbnkb atas kendara bas tentu kait pkb bbnkb atas kendara bas atur hkpd pasal ayat huruf jelas atas milik kuasa kendara motor bas energi baru rupa objek kecuali pkb kecuali pkb pasal ayat huruf hkpd jelas milik kuasa kendara motor bas energi baru rupa objek kecuali kena bbnkb selaras tentu sebut pasal ayat huruf pasal ayat huruf permendagri 2026 jelas sama milik kuasa kendara motor bas energi baru kendara kecuali objek pkb bbnkb milik kuasa kendara motor bas energi baru kendara rupa objek kecuali objek pkb bbnkb ilustrasi hitung pkb bbnkb atas kendara bas dasar lampir permendagri nomor 2026 perintah tetap nilai jual kendara motor njkb dasar kena pkb kali bobot adapun dasar tetap bobot mobil tumpang umum bobot sama 050 ikut ilustrasi hitung rivandi beli mobil milik dua harga besar rp500 000 000 dki sesuai regulasi atas kendara motor bas energi baru masuk kendara rupa objek kecuali pkb bbnkb hitung pajak kendara motor hitung pkb dki milik dua dasar permendagri 2026 kendara kecuali kena pkb dasar kena pkb njkb bobot dasar kena pkb rp500 000 000 050 dasar kena pkb rp525 000 000 pkb rp525 000 000 pkb rp0 hitung bea balik nama kendara motor dki tarif bbnkb tetap besar dasar permendagri 2026 kendara kecuali kena bbnkb bbnkb dasar kena pkb tarif bbnkb bbnkb rp525 000 000 bbnkb rp0 dasar kasus rivandi perlu bayar pkb maupun bbnkb atas milik mobil kendara sebut kategori kendara motor bas energi baru bebas kena pkb bbnkb,Positif
guru besar ipb university respons positif rencana bangun bangkit tenaga sampah guru besar ipb university respons positif rencana bangun bangkit tenaga sampah rencana bangun proyek bangkit bas sampah tempat olah pemrosesan akhir sampah tppas galuga kabupaten bogor dapat respons positif bagai pihak masuk kalang akademisi guru besar ipb university ketua divisi teknik lingkung prof arief sabdo yuwono nilai olah sampah jadi energi jadi solusi strategis kurang timbun sampah sekaligus hasil energi baru baru sebut kelola sampah jadi terap beberapa daerah indonesia salah satu tpa benowo surabaya jawa timur jadi referensi kembang proyek rupa daerah tpa benowo surabaya bahan baku sampah hasil 600 800 ton per hari mampu hasil megawatt juta watt kalau rata rata sampah masuk 1700 ton per hari efisiensi watt per kilogram ujar turut teknologi guna proyek bogor lebih maju banding guna surabaya alam sebut jadi referensi awal kota kota kembang olah sampah jadi energi tegas hasil kelola sampah jadi sangat gantung pilah sampah sejak sumber utama tingkat rumah tangga lama pilah sampah bantu masyarakat tempat asal kawasan didik kantor rumah sakit restoran produksi lebih efektif efisien pilah sampah tempat asal faktor kunci jelas tentu kena kelola sampah rumah tangga benar atur undang undang nomor tahun 2008 tekan penting kelola sampah mulai tingkat rumah tangga turut implementasi lapang jauh harap dapat tantang kembang bangkit tenaga sampah pltsa indonesia karakteristik sampah pengaruh kondisi iklim tropis curah hujan tinggi jurnal hitung curah hujan rata rata khusus bogor 900 000 milimeter per tahun sebab kadar air sampah jadi tinggi turun efisiensi hasil tutup adapun tppas galuga camat cibungbulang kabupaten bogor rencana jadi lokasi proyek pltsa milik kapasitas 500 ton sampah per hari diri atas 500 ton kota bogor 000 ton kabupaten bogor,Positif
sambut presiden resmi pabrik rakit kendara komersial bas sambut presiden resmi pabrik rakit kendara komersial bas vktr sakti industries magelang jawa tengah bismillahirrahmanirrahim assalamu alaikum warahmatullahi wabarakatuh selamat siang salam sejahtera sekali syalom salve swastiastu namo buddhaya salam kebaji hormat gubernur jawa tengah komisaris jenderal polisi purnawirawan ahmad luthfi serta jajar forkopimda provinsi jawa tengah hadir pangdam diponegoro mayor jenderal tni achiruddin darojat kapolda jawa tengah irjen polisi ribut hari wibowo gubernur akademi militer mayor jenderal tni rano maxim tilaar wakil wali kota semarang saudara iswar aminuddin bupati magelang saudara grengseng pamuji komisaris utama vktr teknologi mobilitas sekaligus ketua umum kadin saudara anindya bakrie tuan rumah serta seluruh pegawai vktr sakti hormat menteri kabinet merah putih hadir sini sama hari menteri energi sumber daya mineral saudara bahlil lahadalia menteri sekretaris negara saudara prasetyo had sekretaris kabinet republik indonesia letnan kolonel infanteri teddy indra wijaya ketua umum himpun usaha muda indonesia saudara akbar buchari kemudian chief executive officer vktr teknologi mobilitas saudara ardiansyah bakrie serta seluruh jajar pimpin asosiasi transportasi pimpin usaha swasta hadir damri trisakti cahaya bluebird tujuh sukses easygo transjakarta tokoh agama tokoh masyarakat daerah magelang hormat seluruh hadirin undang rekan pers media hormat tentu insan takwa mari henti henti panjat puji syukur hadirat allah swt umat islam tuhan mahakuasa tuhan maha besar milik sekali alam nya lah doa nya lah mohon tolong syukur atas segala baik segala karunia atas sehat beri sekali atas damai beri bangsa negara hadir acara sangat bangga resmi fasilitas rakit kendara komersial pertama bas vktr sakti industries sangat sambut baik harga giat inisiatif ambil sejak berapa tahun saudara anindya bakrie serta keluarga semua kelompok usaha terus kerja visi sangat jelas visi ikut bangun bangsa indonesia transformasi bangsa kelompok usaha ikut industrialisasi industrialisasi bagi akhir suatu bangkit teknologi suatu bangsa teknologi olah jadi industri manfaat suatu bangsa industri tentu bagai bagai tingkat industri dasar industri tengah habis industri sangat tinggi bagai sadar sekarang tiap bangsa mandiri bidang bidang paling tentu antara paling utama pangan habis energi negara besar kalau mau merdeka kalau mau survive tahan hidup mau mau mandiri energi salah satu bidang sangat tentu alhamdulillah akibat kerja sama baik banyak pihak mandiri bidang pangan relatif swasembada mungkin beberapa komoditi inti takut masalah pangan penting sekarang perata orang lapar indonesia bidang energi sangat kaya sangat banyak sumber sumber jadi tengah dunia krisis banyak negara cemas waspada optimistis hadap tantang beberapa bulan datang punya resources punya sumber sumber sangat kuat sangat banyak walaupun bagaimana hemat energi walaupun bagaimana sekarang tuju energi bersih energi baru salah satu langkah guna elektrifikasi pakai pakai terlalu banyak bbm fosil karbon jadi inisiatif laksana vktr vktr industries sejarah suatu tonggak bangga ibarat dulu ajar pepatah ibarat pucuk cinta ulam tiba jadi ini harap putra putra putri putri bangsa indonesia memang negara butuh tinggal energi karbon fosil guna strategis sekarang avtur kelapa sawit punya banyak kelapa sawit bahkan avtur jelantah limbah sisa minyak goreng olah jadi avtur beberapa buka pusat pusat olah refinery refinery investasi besar besar bidang jadi hari sangat gembira sangat bangga sekarang indonesia punya mampu produksi bus truk sangat sangat penting memang rencana harap tahun 2028 produksi besar besar mobil sedan jadi sekarang bus truk mampu cukup besar bangga lapor mampu vktr produksi ribu bus konten tkdn nya negeri sekarang persen waktu sebentar mungkin tahun tuju persen tahun tuju persen sangat bangga jadi industri bus industri truk terima kasih gubernur jawa tengah kata perintah daerah jawa tengah pesan berapa puluh bus dki cukup banyak transjakarta harap pihak beli produk bangsa sendiri seluruh tanah air mensesneg catat gubernur gubernur pesan produk negeri bus truk bagai tni suruh beli negeri jadi bangga langsung ingat jadi saudara anindya memang visioner jadi erti paham arah bangun jalan jadi kira walaupun memang bapak kawan kira hari cukup bangga kok tidak sini hari coba tegur presiden republik indonesia iya kan kira sangat luar biasa jadi bahagia arah sedang bentuk usaha produksi sedan sedan jadi saudara saudara putus jalan program elektrifikasi 100 gigawatt 100 gigawatt harap capai tahun bangkit guna diesel guna solar tutup bangkit tenaga diesel buah pln tutup tutup hemat 200 ribu barel hari perlu impor sekarang juta barel hari tutup pltd hemat langsung persen 100 gigawatt hemat sangat sangat besar mungkin tahun perlu impor bbm sama sekali punya kuat besar benar sungguh sungguh mandiri kuat diri atas kaki sendiri jadi anak anak muda masa depan cerah bilang cerah bilang indonesia gelap mungkin mata kurang bagus mata hati mau diapain orang kalau hati tulus mata buram indonesia gelap indonesia gelap indonesia sangat sangat cerah sangat kuat makin kuat tumbuh baik tahun depan bikin kejut seluruh dunia indonesia sedang bangkit this giant waking will not anymore the sleeping giant are rising saudara saudara bahagia kira susul bangga bangga terobos terobos tadi sebut masalah sampah selesai teknologi anak anak indonesia sendiri sangat murah saudara saudara sekali ucap terima kasih saudara saudara sekali semua pihak buat hari tonggak sejarah bangga hadir sini terus pantau progres saudara kalau sulit sulit saudara punya banyak jalur sampai selesai anggap suatu industri sangat penting harap vktr jadi salah satu national champion kalau jepang punya isuzu punya hino kalau korea punya hyundai daewoo harap berapa tahun anggap lihat vktr salah satu champion indonesia kalian milih nama seri gunung tidar betul waktu muda besar lembah tidar banyak kenang tidar banyak kenang magelang saudara pilih nama seri dua lokon ibu minahasa jadi gunung lokon sangat kenal minahasa intel pak anin sangat bagus pilih kan gunung kerinci pilih seri meru pilih tidar sama lokon dukung terima kasih jangan panjang panjang pidato gin kalau prabowo subianto kasih podium sama mic ceramah tiga jam kopi sini izin minum kopi janji terus sambut yakin saudara baca kalimat akhir terima kasih selamat juang wassalamu alaikum warahmatullahi wabarakatuh salam sejahtera sekali syalom salve santi santi santi namo buddhaya salam kebaji merdeka ucap bismillahirrahmanirrahim siang hari kamis april 2026 prabowo subianto presiden republik indonesia resmi pabrik rakit kendara komersial bas vktr,Netral
magelang punya pabrik kendara dukung mandiri energi magelang punya pabrik kendara dukung mandiri energi lihat 849 kali presiden republik indonesia prabowo subianto resmi pabrik kendara vktr tempur magelang kamis 2026 presiden republik indonesia prabowo subianto turut damping menteri sekretaris negara prasetyo had menteri sekretaris kabinet teddy indra wijaya menteri energi sumber daya mineral bahlil lahadalia komisaris utama vktr anindya bakrie gubernur jawa tengah ahmad lutfi bupati magelang grengseng pamuji sampai apresiasi sambut baik resmi pabrik kendara vktr industri khusus serap tenaga kerja kabupaten magelang sambut presiden tegas penting mandiri energi fondasi utama tuju indonesia kuat mandiri daulat komisaris utama vktr anindya bakrie nilai kembang industri kendara rupa langkah strategis capai target dekarbonisasi sekaligus kuat mandiri ekonomi nasional,Positif
presiden prabowo resmi pabrik rakit kendara mensesneg transformasi indonesia tuju energi baru presiden prabowo resmi pabrik rakit kendara mensesneg transformasi indonesia tuju energi baru presiden prabowo subianto resmi pabrik rakit kendara bas magelang jawa tengah kamis 2026 menteri sekretaris negara mensesneg prasetyo had sampai resmi rupa bagi upaya transformasi tuju energi baru baru ebt rangka wujud mandiri energi nasional mesti alih energi bas fosil jadi energi energi baru baru salah satu bas ujar mensesneg nyata kompleks istana presiden rabu 2026 beberapa waktu lalu perintah umum bijak transformasi budaya kerja nasional langkah strategis hadap dinamika global dorong pola kerja lebih efisien produktif bas digital mensesneg ungkap guna kendara bas transportasi massal rupa bagi bijak transformasi budaya kerja sebut harap semua mulai pelan pelan baik transportasi publik harap mulai geser guna transportasi massal harap semua depan mandiri energi memang butuh waktu ujar mensesneg tambah perintah dorong batas guna kendara dinas jadi bahan fosil coba efisien kurang guna kendara kendara bas fosil perintah mulai kurang guna kendara dinas ujar tak dorong mandiri energi perintah tengah fokus laksana bagai program prioritas tuang rencana bangun jangka panjang rpjp rencana bangun jangka tengah nasional rpjmn hingga rencana kerja tahun perintah tangan masalah swasembada pangan fokus kejar swasembada energi fokus tangan masalah didik baik infrastruktur maupun sumber daya manusia tangan kerja keras luar biasa masalah ekonomi kemudian bentuk danantara kemudian salah satu kunci industrialisasi hilir ujar semua program sebut jalan perintah tingkat fondasi ekonomi nasional sekaligus dorong mandiri bangsa beri dampak nyata masyarakat insyaallah semua komitmen kelola baik baik kerja baik baik sekali orientasi bapak presiden selalu penting bangsa negara penting masyarakat pungkas mensesneg humas kemensetneg,Positif
saat kendara tancap gas insentif dorong tingkat jual 2024 2025 persentase kendara bawah persen total populasi kendara priyombodo aditya putra perdana abdullah fikri ashri dionisius reynaldo triwibowo apr 2026 ekonomi bisnis kendara kian ramai hilir mudik jalan kota kota besar hadir jadi tiba tiba dorong bagai strategi mulai ringan pajak hingga mudah impor mobil completely built cbu meski porsi populasi kendara kecil tren tunjuk daya tarik kendara tingkat bijak mudah impor mobil cbu serta syarat produsen komitmen laku produksi negeri periode 2024 2025 pasar kendara justru penuh produk impor buat harga mobil lebih murah belum sisi bijak muncul kritik insentif lebih banyak untung produsen luar negeri ketimbang industri domestik tarik lebih jauh arah bijak mulai tunjuk pola lebih utuh head industry trade and investment institute for development economics and finance indef andry satrio nugroho lihat pintu impor buka sekadar beri akses pasar jadi umpan investasi dorong indonesia jadi bagi produsen kendara global situ mulai muncul efek lap satu sisi harga kendara jadi lebih jangkau konsumen sisi fondasi industri negeri perlahan bentuk mulai investasi pabrik hingga kuat ekosistem insentif fiskal cukup upaya akselerasi adopsi kendara indonesia tantang benar insentif nonfiskal laku bijak bebas ganjil genap transportasi publik relatif baik bagaimana daerah kondisi arti banyak variabel faktor perlu pikir sama kata andry diskusi kelompok pumpun fgd tantang cepat adopsi kendara indonesia gelar hari menara rabu 2026 data indef olah gabung industri kendara motor indonesia gaikindo tunjuk ekspansi pasar mobil 2025 lebih banyak topang jual unit impor cbu tingkat porsi mobil rakit indonesia completely knocked down ckd turun persen 2024 jadi persen 2025 guna baterai nikel mangan kobalt nmc ada kategori harga premium cbu guna baterai lithium ferrophosphate lfp milik harga lebih murah jumlah dukung insentif cepat adopsi kendara nilai beri dampak positif ekonomi indonesia 2025 misal kontribusi besar triliun kendati lebih kecil banding kontribusi kendara konvensional potensi terus tingkat iring kembang ekosistem kendara kapasitas produksi investasi tingkat adopsi harap ekosistem kendara makin matang beri dampak lebih besar ekonomi nasional lanjut andry ketua umum kumpul industri kendara indonesia periklindo moeldoko muka adopsi kendara cukup dorong masyarakat alih kendara bahan bakar minyak target pangsa pasar kendara capai persen populasi kendara indonesia dapat tiga komponen utama capai target adopsi kendara luas pertama goal target lalu bagaimana cara capai target bagaimana sarana prasarana misal bagaimana instrumen atur siap kemudian dukung masyarakat apa jadi tentu target ujar jumlah insentif perintah impor mobil cbu akhir desember 2025 kini muncul dorong bijak lanjut jaga daya tarik kendara tengah naik harga minyak mentah akibat dinamika geopolitik timur tengah kendara nilai jadi alternatif utama indonesia gantung impor minyak bbm kendati tingkat jual topang bagai insentif hingga akhir 2025 populasi kendara relatif kecil populasi kendara kurang persen total populasi kendara mobil bus truk sepeda motor indonesia capai 172 juta unit asisten deputi konektivitas lanjut koordinator bidang infrastruktur bangun wilayah meinarti fauzie tambah skema insentif jadi salah satu strategi perintah cepat adopsi kendara lanjut bahas lembaga kait cepat adopsi kendara jadi bagi upaya perintah dekarbonisasi sektor transportasi capai target emisi nol bersih 2060 sedang bahas susun bijak insentif fiskal konsumen kendara nonfiskal industri ujar meinarti anggota dewan energi nasional den unsur mang penting bidang industri sripeni inten cahyani tutur target awal tetap ialah juta sepeda motor 2030 jumlah liput juta sepeda motor baru juta sepeda motor konversi hingga 2026 target sulit capai inten ungkap rupa momen tepat wujud visi negara alih kendara ada tegang timur tengah perang dampak krisis minyak global tahu selat hormuz tutup semua dampak masuk harga minyak lambung jadi momen tepat kejar target persen kata tambah masyarakat tak merta ajak laku konversi kendara semua pihak masuk media perlu kolaborasi beri edukasi edukasi perlu gera hemat bbm transportasi jadi biasa kalau mau belanja depan gang naik sepeda motor bagaimana mau hemat kalau pakai motor bbm lanjut inten insentif perlu wacana batas produksi kendara bahan bakar minyak total kendara terus tambah batas target persentase kendara sulit capai utama batas motor sisi umur motor usia tua sumbang emisi lebih besar jadi lebih baik konversi tenaga ujar kait usul batas sebut moeldoko ungkap nada sebut adopsi kendara cukup dorong masyarakat alih kendara bahan bakar minyak batas kendara konvensional perlu kendara warga hemat biaya transportasi perintah tekan beban fiskal akibat impor minyak ucap rencana bangun jangka tengah nasional rpjmn 2025 2029 kembang kendara jadi prioritas penting jalan arah bijak nasional masuk visi tumbuh ekonomi tantang implementasi besar insentif perintah tetap perlu picu capai tahap awal adopsi capai skala tentu insentif rang sisi biaya akses kredit leasing kendara jadi kendala beda kendara konvensional mudah biaya kendara milik dukung biaya kuat pangsa pasar kecil tulis aditya putra perdana abdullah fikri ashri dionisius reynaldo triwibowoeditor aris prasetyopenyelaras bahasa nanik dwiastuti,Netral
asa kompor dapur warga fluktuasi harga elpiji impor tekan fiskal negara pakai kompor dorong lebih hemat kuat tahan energi nasional raditya helabumi lukita grahadyarini ratna sri widyastuti apr 2026 ekonomi bisnis perang timur tengah tekan geopolitik picu khawatir ganggu rantai pasok elpiji negara impor elpiji indonesia mau mau turut rasa dampak meski perintah menep isu langka elpiji bayang bayang bengkak harga tetap hantu masyarakat khawatir cukup alas data energi sumber daya mineral esdm tunjuk konsumsi elpiji hingga februari 2026 lonjak hingga 000 metrik ton per hari banding lurus impor elpiji lambung lebih persen tengah situasi serba masyarakat alih kompor mulai rasa solusi nyata buah rasa aman fluktuasi harga pasok energi ketut metriani warga denpasar bal salah satu alih lama empat tahun akhir guna kompor bantu usaha negara persero penuh butuh empat anggota keluarga belum sangat gantung elpiji kilogram metri hasil transisi tak lepas peran subsidi terima kompor daya rumah naik ada ubah tarif naik daya pln bayar tetap daya 450 volt ampere belum ujar hubung rabu 2026 efisiensi biaya langsung asa guna kompor gas metri butuh tabung elpiji per bulan biaya 125 000 hingga 150 000 asumsi harga 000 per tabung kini kompor biaya turun drastis kira kira biaya tara pakai tabung gas elpiji 000 per bulan lumayan sekali turun subsidi kata kondisi harga elpiji lapang memang tengah fluktuatif wilayah metri tinggal harga elpiji tembus 000 per tabung akibat langka bahkan lapor capai 000 per tabung jumlah daerah kampung hemat kompor tawar unggul segi fitur aman dasar alam guna kompor lengkap fitur atur waktu timer mati otomatis proses masak jadi lebih kendali minimal risiko masakan gosong meski tinggal tiada api hilang risiko gas bocor buat kompor jauh lebih aman bahkan ramah guna anak anak manfaat rupa rasa dwi asal cibubur depok jawa barat keluarga guna kompor panas makan praktis pagi hari masak skala kecil istilah mau kompor bersih ujar guna elpiji rumah kini cukup satu tabung per bulan butuh masak asisten rumah tangga rumah tangga transisi topang napas usaha mikro kecil tengah umkm lenny desyanti jual kantin mahasiswa universitas airlangga surabaya alih kompor sejak 2017 kelola kampus larang guna gas akibat insiden bakar kompor bukti lebih efisien alur masak ikut pesan misal rebus telur kalau pakai gas butuh delapan menit kalau pakai empat menit matang bagi creamy ujar lenny bebas biaya bahan bakar tanggung kelola kantin jadi topang penting usaha guna tiga kompor daya 200 watt ganti siasat sistem aman kompor otomatis mati guna henti kalau pakai tabung gas biasa minggu sekali habis kalau ramai minggu habis tiga tabung kalau sekarang gratis kata ciputat tangerang selatan andria putri milik warung kopi dalu tengah siap ganti beberapa kompor gas kompor traumatik hadap langka elpiji februari 2025 jadi dorong besar sulit cari gas meski harga lonjak 000 per tabung jadi 000 per tabung tahun lalu parah rusuh bingung habis tabung gas dagang andal pakai gas elpiji ujar putri selasa 2026 lancar transisi putri rela investasi proses tambah daya warung 300 jadi 200 buru kompor komersial putri tambah alih kompor jadi jalan keluar kurang gantung guna elpiji lama warung kopi pakai enam tabung elpiji melon tiga hari rata rata tabung gas melon per bulan gantung tinggi elpiji tuai khawatir jadi langka gas balik segala mudah transisi energi tingkat akar rumput bukan hambat metri keluh kompor listrik rusak baik bijak servis kini beban biaya capai 300 000 konsumen paksa guna elpiji waktu sekretaris eksekutif yayasan lembaga konsumen indonesia rio priambodo benar transisi energi buah niscaya perlu iring mitigasi purnajual kompor minim informasi pelihara jadi cemas konsumen perintah dorong inklusi energi beri mudah akses informasi biaya hingga pasti tarif insentif ucap tantang imbuh rio ada kompor awal cukup mahal banding kompor biasa pasar biaya awal cukup berat konsumen alih kompor konsumen tambah daya sesuai kapasitas kompor tantang tingkat konsumen nyata banding lurus beban berat pikul negara akibat gantung energi fosil head center industry trade and investment institute for development economics and finance indef andry satrio nugroho ingat tinggi gantung impor picu rentan rantai pasok impor elpiji indonesia lebih persen butuh nasional banyak persen impor elpiji asal amerika serikat persen timur tengah harga elpiji pacu risiko eskalasi geopolitik sulit prediksi apabila harga minyak mentah indonesia icp sentuh 100 dolar beban biaya subsidi tanggung perintah capai triliun naik harga icp bakal tambah beban subsidi gelontor negara naik inflasi hingga dampak langka elpiji alih sumber energi alternatif lewat elektrifikasi perlu laku konsisten bareng harga jangkau masyarakat elektrifikasi dukung kesiap industri ada kompor negeri harga jual lebih jangkau momentum mitigasi risiko rentan elpiji lewat diversifikasi energi rumah tangga konsisten elektrifikasi kurang beban subsidi ujar andry temu rabu 2026 dorong lepas diri jerat impor kian kuat parlemen anggota komisi xii dpr sekaligus wakil ketua mpr eddy soeparno nilai konversi kompor induksi solusi strategis tahan energi nasional eddy papar data khawatir tahun 2026 butuh elpiji kira capai juta kiloliter hingga persen antara impor situasi uras devisa negara sekaligus lahir beban subsidi masif gambar biaya riil produksi elpiji 000 per tabung harga tingkat konsumen jaga kisar 000 000 per tabung perintah paksa tanggung subsidi 000 per tabung jadi impor habis devisa kemudian subsidi masalah banyak subsidi sebut tepat sasar ucap eddy rabu program konversi kompor elpiji kompor indonesia uji coba pln 2022 wilayah surakarta jawa tengah bal proyek contoh libat ganti kompor elpiji milik masyarakat 000 kompor esdm dukung penuh inisiatif sebut nilai langkah nyata alih konsumsi energi sumber impor energi domestik kuat tahan energi nasional terap program luas akhir tunda tahun sama perlu evaluasi dalam menteri koordinator bidang ekonomi airlangga hartarto tegas bijak sebut laku anggar laksana bahas atau tuju dpr kini tengah ketidakpastian harga energi global wacana konversi kompor cuat prioritas perintah kutip laman sekretariat kabinet minggu 2026 menteri didik tinggi sains teknologi brian yuliarto nyata presiden prabowo subianto instruksi cepat transisi energi kurang gantung impor ganti kompor elpiji pandang langkah strategis tekan impor kurang beban subsidi energi negara meski perintah tetap tenggat timeline fokus sedia energi konvensional krisis energi global jadi momentum emas butuh impor energi kelak lebih kendali bijak transisi elektrifikasi siap jadi landas kokoh lepas indonesia belenggu elpiji impor tulis lukita grahadyarini ratna sri widyastutieditor aris prasetyopenyelaras bahasa nanik dwiastuti,Positif
working harmony nurturing the future jember april 2026 masalah limbah kian tingkat jadi tantang serius indonesia jawab isu sebut mahasiswa universitas jember unej hasil cipta inovasi upa insinerator mampu olah limbah jadi energi inovasi jadi solusi alternatif kurang tumpu sampah sekaligus hasil energi baru ramah lingkung aditya bintang imani muhammad reihan rafsanzani mahasiswa program studi ilmu awat fakultas awat fkep unej ada balik inovasi insinerator rancang desain sistem bakar kendali mampu olah bagai jenis limbah padat khusus limbah organik non organik rumah tangga tingkat emisi rendah lihat masalah sampah indonesia jadi tantang besar utama limbah anorganik sulit urai sisi butuh energi terus tingkat ungkap reihan wawancara lalu dekat inovasi kembang mampu jawab masalah besar sekaligus satu solusi praktis situ coba gabung solusi satu inovasi olah limbah jadi energi lalu sistem insinerator rancang lebih efisien minim emisi dekat tarik jawab masalah sekaligus kelola limbah butuh energi baru imbuh reihan resah isu lingkung sehat masyarakat dorong dua mahasiswa terus ekspansi olah limbah reihan kembang perangkat deteksi jadi luar biasa klb sakit vektor bas kondisi cuaca real time seluruh indonesia perangkat integrasi nanti sumber data out source dianalisa beri prediksi cuaca intervensi apa perlu laku jelas tambah teknologi peran meta data jadi alat bantu ambil bijak bukan beri berita memitigasi klb beri intervensi mang penting kena apa tindak laku depan tambah unggul inovasi tajam gagas mahasiswa fkep unej bukti lewat rentet prestasi luar biasa kurun waktu tiga bulan pertama tahun 2026 tanggung tanggung enam gelar juara hasil sabet mulai tingkat regional nasional hingga internasional juara lomba social project tingkat nasional januari 2026 juara lomba esai aksiessay tingkat nasional januari 2026 juara lomba esai green generation dlh dinas didik lampung tingkat nasional februari 2026 juara lomba esai ipech tingkat internasional februari 2026 juara lomba esai ummad tingkat nasional februari 2026 juara lomba esai metday institut tani bogor ipb tingkat nasional maret 2026 rentet prestasi harap mampu jadi bukti nyata inovasi mahasiswa unej siap jawab tantang lingkung makin kompleks lalu integrasi teknologi olah limbah sistem deteksi bas potensi dampak negatif lingkung sehat masyarakat diminimalisir sejak dini dil adi diktisaintekberdampak unejberdampak iku3,Positif
tiga kepala daerah teken pks psel banjarmasin raya dorong ramah lingkung banjarbaru tiga kepala daerah kalimantan selatan menandatangani janji kerja sama pks bangun instalasi olah sampah jadi energi psel kawasan aglomerasi banjarmasin raya kamis 2026 pagi penandatanganan langsung gedung auditorium idham chalid banjarbaru libat bupati banjar saidi mansyur wali kota banjarmasin yamin bupati barito kuala bahrul ilmi giat sebut turut hadir wakil perintah pusat staf ahli hubung antar lembaga pusat daerah lingkung hidup klh hanifah dwi nirwana wakil perintah provinsi kalimantan selatan staf ahli hubung antar lembaga pusat daerah klh hanifah dwi nirwana sampai kerja sama cakup wilayah kota banjarmasin kabupaten barito kuala kabupaten banjar program acu atur presiden nomor 109 tahun 2025 tuju dorong bangun bas sampah teknologi ramah lingkung program acu pres nomor 109 tahun 2025 dorong bangun ramah lingkung bas sampah ujar hanifah ungkap total pasok sampah tiga daerah sebut proyeksi capai 635 ton per hari kontribusi besar asal kota banjarmasin fasilitas psel rencana bangun satu lokasi banjarmasin pusat olah kawasan aglomerasi turut proyek rancang program jangka panjang hingga tahun perlu komitmen lanjut perintah daerah utama sedia lahan pasti pasok sampah klh siap kandidat lokasi bangun lanjut serah danantara proses investasi sama pihak kembang daerah pasti pasok sampah penuh kena penalti sesuai tentu tegas hanifah tekan penting pilah sampah sejak sumber tingkat efektivitas produksi energi fasilitas sebut reporter faidillah rajani editor ronny lattar uploader suhendra,Positif
pln pasti 100 nyala jumlah wilayah sempat alami madam akibat ada ganggu pln pasti 100 nyala per pukul 100 nyala pln pasti seluruh wilayah alami ganggu suplai gardu induk normal pukul kata senior manager komunikasi umum pln uid raya haris andika terang kamis 2026 haris kata jumlah wilayah selatan barat sempat dampak madam kini normal semua mulai wilayah angke kebon jeruk kebayoran lama kebayoran baru mampang ketapang karet ujar ganggu suplai belum haris ungkap ganggu suplai sumber beberapa gardu induk pln laku normal tahap jadi ganggu suplai beberapa wilayah sumber beberapa gardu induk wilayah dampak padam daerah angke sekitar pln tengah laku upaya normal tahap ucap haris tutur masyarakat lapor adu bila alami keluh sampai keluh adu sampai lalu layan 123 aplikasi pln mobile adu keluh langgan sampai lalu aplikasi pln mobile contact center pln 123 tutur simak video mendagri tito sebut spbu aceh tamiang mulai normal,Netral
apa harga baterai mobil indonesia harga baterai mobil indonesia faktor tentu tips pilih tepat diterbitkan9 apr 2026 sedang cari gambar umum harga baterai mobil rencana anggar paham bagaimana garansi servis pengaruh nilai investasi jangka panjang bahas dalam informasi autofamily dapat insight lebih baik makin yakin milik mobil paham harga baterai mobil sangat penting 2026 baterai rupa komponen mahal mobil sering sumbang total harga kendara berkat maju teknologi produksi massal harga per kwh terus alami turun signifikan buat biaya ganti baterai makin kompetitif banding awat mesin konvensional jangka panjang calon milik paham harga baterai mobil bantu hitung total cost ownership tco realistis masuk hemat bahan bakar awat rendah nilai residu kendara indonesia dukung jaring dealer auto2000 makin kuat percaya lalu garansi panjang layan profesional faktor faktor tentu kisar harga baterai mobil beberapa elemen utama pengaruh kisar harga baterai mobil pasar indonesia jenis teknologi baterai baterai bas lfp lithium iron phosphate umum lebih jangkau tahan lama aman suhu tinggi jenis nmc nickel manganese cobalt tawar densitas energi lebih tinggi cocok jarak tempuh lebih jauh meski harga cenderung premium kapasitas baterai kwh makin besar kapasitas baterai makin tinggi kisar harga baterai kendara kota kecil biasa lebih ekonomis banding rancang suv jalan jarak jauh segmen kendara kualitas material kendara entry level cenderung milik kisar harga baterai lebih rendah segmen tengah hingga premium guna material sistem dingin lebih canggih pengaruh biaya ganti kondisi pasar bijak lokal turun harga bahan baku global tingkat produksi lokal lalu tkdn insentif perintah turut tekan kisar harga indonesia fluktuasi bahan baku lithium pengaruh stabilitas harga masa datang kisar harga ganti baterai mobil indonesia 2026 dasar data pasar kini kisar harga baterai mobil indonesia variasi cukup luas kendara segmen kota compact mulai kisar rp100 juta segmen tengah kapasitas sedang rp150 juta hingga rp200 juta segmen premium kapasitas besar teknologi tinggi capai kisar rp500 juta angka angka rupa estimasi ganti paket baterai utuh masuk biaya pasang diagnostik harga aktual beda gantung kondisi pasar sedia suku cadang program servis dealer penting selalu konsultasi langsung bengkel dapat tawar kini transparan garansi baterai mobil indonesia biasa capai tahun 160 000 gantung mana capai lebih dulu garansi beri tenang cakup ganti jadi turun kapasitas bawah standar pabrik baca cek informasi lengkap garansi layan servis mobil auto2000 tips rawat baterai mobil awet hemat biaya awat tepat panjang umur baterai hingga tahun lebih ikut pandu praktis isi daya optimal guna hari hindar isi penuh guna charger parkir tempat terlalu panas laku servis rutin cek sehat baterai sistem dingin manfaat fitur regenerative braking energi lebih efisien hindar isi cepat ulang jalan jauh awat konsisten bengkel harga baterai mobil jadi investasi jauh lebih nila jarang perlu ganti total faq putar harga baterai mobil indonesia harga baterai mobil terus turun masa depan prediksi global tunjuk tren turun lanjut berkat maju teknologi lfp tingkat produksi lokal meski fluktuasi bahan baku tetap jadi faktor ganti baterai full pack per modul gantung model diagnosis teknisi bengkel biasa laku nilai seluruh beri solusi paling efisien hemat bagaimana cara tahu kondisi sehat baterai lalu periksa rutin dealer lengkap alat diagnostik khusus harga baterai mobil makin jadi pilih masuk akal harga baterai mobil makin kompetitif berkat turun biaya produksi global dukung ekosistem lokal indonesia paham kisar harga faktor tentu penting garansi awat bantu buat putus cerdas mobilitas lanjut jangan lewat sempat rasa alam kendara lebih tenang efisien ramah lingkung sama mobil toyota bz4x kunjung auto2000 digiroom sekarang lalu aplikasi situs booking test drive simulasi cicil promo servis agam tarik lain dapat tawar baik dukung penuh dealer toyota percaya indonesia semua satu genggam informasi konten artikel alami ubah beda sesuai kembang situasi strategi bisnis maju teknologi bijak tentu pemberitahuan lebih promo kait lihat semuaartikel lain lihat semuashare with auto2000 digiroom dealer toyota besar indonesia layan jaring jasa jual awat baik sedia suku cadang toyota besar seluruh indonesia,Positif
jumlah orang jebak lift mrt lebak bulus padam jumlah wilayah alami madam akibat ganggu suplai gardu induk lift stasiun mrt lebak bulus sempat dampak sebab jumlah orang jebak dalam orang jebak lift akibat ganggu jumlah daerah alhamdulillah hasil evakuasi tugas damkar kata warga ada lokasi ijoel konfirmasi detikcom kamis 2026 ijoel ada stasiun mrt lebak bulus lihat peristiwa lalu lapor tugas dinas tanggulang bakar selamat gulkarmat dasar lapor damkar jaksel lapor terima tugas pukul banyak tim rescue sudin gulkarmat jaksel satgas pejaten timur kerah lokasi tugas bawa jumlah alat evakuasi warga jebak lift evakuasi orang jebak lift kata kasudin gulkarmat jaksel asril rizal proses evakuasi laku pukul selesai pukul orang jebak lift evakuasi pukul stasiun mati tugas security coba beri tolong bantu keluar tumpang jebak lift sisi downtrack kata padam upaya evakuasi awal hasil pintu lift akhir buka cara paksa akhir tim damkar minta tuju stasiun manager tim rbm buka paksa pintu lift buka paksa akhir tumpang selamat keluar lift korban luka ucap operasional mrt sempat dampak operasional mrt sempat dampak akibat ada madam jumlah wilayah beberapa stasiun mrt sempat dampak sore tadi mrt roda sampai jadi ganggu operasional beberapa stasiun kamis april 2026 pukul kata kepala divisi corporate secretary mrt rendy primartantyo hubung kamis rendi kata pasok pln sempat kendala sebut fasilitas stasiun mrt sempat alami ganggu kini normal ganggu operasional sebab kendala pasok sisi pln csw akibat bagi fasilitas stasiun terang elevator eskalator beberapa fasilitas lain alami ganggu seluruh stasiun elevated sempat alami kondisi blackout hasil normal ujar pln unit induk distribusi raya uid jaya disjaya sedang laku normal tahap senior manager komunikasi umum pln uid raya haris andika ungkap ganggu suplai sumber beberapa gardu induk jadi ganggu suplai beberapa wilayah sumber beberapa gardu induk wilayah dampak padam daerah angke sekitar pln tengah laku upaya normal tahap kata haris terang kamis haris tutur masyarakat lapor adu bila alami keluh sampai keluh adu sampai lalu layan 123 aplikasi pln mobile informasi kapan madam laku kata normal capai,Negatif
tantang tesla windrose china kirim truk berat pertama tantang tesla windrose china kirim truk berat pertama tiongkok startup truk asal china windrose catat kirim perdana amerika serikat serah truk tractor class jarak jauh usaha logistik texas allogic lalu mitra distribusi lokal xos trucks kendara sebut banderol 285 000 guna platform r700 baterai 729 kwh arsitektur 800 volt mampu tempuh jarak 400 450 mil sekali isi daya diri 2022 kantor pusat antwerp belgia windrose meski akar china oleh sertifikasi kendara china eropa amerika selatan tuju oseania target oleh paruh dua 2026 kutip automotiveworld produsen truk jauh kantong lebih 100 unit pesan jadwal kirim enam bulan depan lima antara tuju pasar seluruh kendara produksi pabrik windrose provinsi hubei china ekspor depan usaha rencana kembang produksi regional kurang gantung ekspor china fasilitas prancis belgia tengah siap tarif impor jadi tantang bea masuk 100 truk tengah berat asal china hitung harga jual 285 000 rencana awal bangun fasilitas rakit bagi besar tinggal meski jumlah produsen kendara komersial china utama byd california milik jejak manufaktur batas negara sebut opsi produksi regional tetap buka masuk arizona tennessee mungkin lalu mitra xos trucks windrose nilai tarif bukan hambat besar ceo han wen belum nyata usaha tetap raih untung tengah bijak tarif harga truk windrose relatif banding tesla semi banderol 290 000 varian jarak tempuh 500 mil tantang struktural utama justru letak infrastruktur layan purna jual produsen truk mapan daimler volvo paccar hingga tesla milik jaring dealer servis luas amerika utara operator armada butuh kendara selalu siap operasi faktor jaring servis jadi krusial meski harga jarak tempuh lebih kompetitif windrose andal xos trucks distribusi dukung purna jual jaring usaha sebut kuat main lama volvo trucks daimler pimpin pasar truk kembang saing kuat windrose mungkin tesla tengah tingkat produksi semi nevada milik jaring megacharger koridor logistik utama windrose sendiri adopsi standar megawatt charging system mcs jalin mitra isi daya infrastruktur mcs batas luar rute tentu,Positif
ganggu jumlah wilayah padam jumlah wilayah padam madam jadi lantar ada ganggu pln unit induk distribusi raya uid jaya disjaya benar jadi madam tahap kini pln sedang laku normal betul sedang ganggu tahap upaya normal kata manajer komunikasi pln uid jaya disjaya intan nugrahani hubung kamis 2026 informasi lebih lanjut kapan madam selesai laku beberapa wilayah daerah selatan listrik padam saksi blak blakan tuju kota global pramono bicara buka datang lihat video jumlah wilayah bekas padam malam,Negatif
manfaat sampah jadi terus gencar perintah cepat selenggara olah sampah jadi energi wilayah sulawesi utara jawa tengah pradipta pandu mustika apr 2026 lingkung perintah lalu lingkung hidup badan kendali lingkung hidup terus upaya atas soal sampah salah satu upaya terus gencar ialah lalu langkah strategis ubah sistem kelola sampah nasional pola lama jadi bas teknologi nila energi beberapa bulan akhir lingkung hidup badan kendali lingkung hidup klh bplh gencar bangun olah sampah jadi energi psel jumlah daerah baru klh bplh menandatangani sepakat sama selenggara psel wilayah sulawesi utara jawa tengah psel bukan sekadar bangun fasilitas ubah cara kelola sampah sampah pandang sumber daya manfaat jadi energi ujar menteri lingkung hidup kepala bplh hanif faisol nurofiq penandatanganan sepakat sama selenggara psel senin 2026 kembang psel wilayah sulut laku lalu dekat aglomerasi manado raya libat kota manado kota bitung kota tomohon kabupaten minahasa kabupaten minahasa utara skema rancang pasti cukup pasok sampah sekaligus jaga lanjut operasi fasilitas jangka panjang jateng penandatanganan tambah jumlah aglomerasi strategis jadi tiga wilayah utama semarang raya kalong raya tegal raya tiga aglomerasi sebut proyeksi mampu kontribusi langsung kurang sampah nasional hingga 000 ton per hari hanif hasil proyek psel sangat gantung kesiap perintah daerah upaya khusus jamin pasok sampah bangun sistem angkut andal pasti kualitas sampah sesuai butuh bangun psel jalan efektif lanjut penting siap bagai aspek mulai kesiap lembaga dukung regulasi daerah hingga skema biaya jelas gubernur sulut yulius selvanus nyata dukung komitmen daerah kembang psel wilayah giat pendandatanganan rupa wujud komitmen sulut psel jalan optimal lanjut nada ungkap gubernur jateng ahmad luthfi tegas jateng siap peta jalan road map kelola sampah integrasi tingkat pusat hingga daerah jalan target nasional tuju indonesia bebas sampah 2029 penandatanganan sepakat jadi tahap awal ditindaklanjuti susun janji kerja sama pks lebih rinci masuk bagi peran mekanisme operasional skema dana proyek nanti klh bplh beri dukung lalu fasilitas bijak damping teknis pasti cepat implementasi psel daerah sulut jateng sejak beberapa waktu jumlah per provinsi cepat bangun fasilitas psel antara jawa barat jawa timur banten cepat laku wilayah aglomerasi bandung raya jambi raya samarinda raya balikpapan raya padang raya makassar raya selenggara psel jumlah wilayah laku lalu kolaborasi antardaerah sedia sampah bahan baku olah energi komitmen perintah daerah jadi faktor kunci utama sedia lahan angkut sampah konsisten jaga kualitas sampah masuk fasilitas sesuai standar operasi hanif minta perintah daerah pasti kualitas sampah masuk fasilitas psel sesuai standar kandung limbah kaca pvc aluminium foil olah jalan optimal aman lingkung tegas bangun psel bagi transformasi sistem kelola sampah nasional jalan instruksi presiden prabowo subianto lalu atur presiden nomor 109 tahun 2025 tangan sampah kota lalu olah sampah jadi energi baru meski pandang atas soal sampah ulang kali wahana lingkung hidup indonesia walhi nilai cepat psel bukan solusi utama balik cepat psel nilai bentuk gagal negara bangun sistem kelola sampah lanjut adil pihak selamat publik manajer kampanye kota adil walhi wahyu eka styawan belum tekan cepat cermin cenderung bijak utama solusi teknologi skala besar pusat bijak tutup ruang evaluasi kritis dampak lingkung sehat masyarakat biaya wahyu tetap psel proyek strategis nasional kebut waktu singkat risiko geser prioritas utama kelola sampah kurang sumber kuat tps kelola bas komunitas proyek psel abai karakteristik sampah indonesia teknologi insinerasi rancang bakar sampah kering nila kalor tinggi plastik kertas komposisi sampah nasional dominasi sampah organik basah bakar sampah lepas emisi polutan bahaya walhi tegas solusi krisis sampah fokus ubah sistemik hulu aspek sebut cakup kurang sumber batas produk sekali pakai terap tanggung jawab produsen extended producer responsibility pilah kuat kelola sampah organik bas komunitas tulis pradipta pandu mustikaeditor ichwan susantopenyelaras bahasa priskilia bintang cornelia sitompul,Positif
kemarin prabowo resmi pabrik kendara vktr magelang see more juli 2026 juli 2026 juli 2026 juli 2026 juli 2026 juli 2026 bakrie group kendara prabowo subianto resmi pabrik vktr ronal foto istimewa pasardana pabrik rakit kendara komersial bas milik vktr teknologi mobilitas tbk idx vktr magelang resmi presiden prabowo subianto ucap bismillahirahmanirahim siang hari kamis april 2026 prabowo subianto presiden republik indonesia resmi pabrik rakit kendara komersial bas vktr ujar sambut prabowo aku sambut baik inisiatif ambil lama beberapa tahun lalu keluarga kelompok usaha bakrie group kata presiden bisnis milik visi sangat jelas turut bangun bangsa indonesia tengah transformasi ubah guna energi fosil jadi energi baru tahap kelompok usaha ikut industrialisasi industrialisasi bagi akhir suatu bangkit teknologi suatu bangsa teknologi olah jadi industri manfaat suatu bangsa industri tentu bagai bagai tingkat industri dasar industri tengah habis industri sangat tinggi bagai imbuh resmi jadi tonggak penting cepat transformasi industri transportasi nasional tuju energi bersih tahu pabrik sebut rupa fasilitas rakit kendara bas completely knocked down ckd pertama indonesia segmen kendara komersial fasilitas produksi bus ukur meter tingkat komponen negeri tkdn atas persen vktr sendiri rupa usaha transformasi bisnis distribusi kendara komersial jadi produsen kendara awal bakrie steel industries diri 2007 usaha kemudian alih fokus elektrifikasi mobilitas jadi entitas publik lantai bursa efek indonesia juni 2023 langkah strategis jalan agenda perintah dorong transisi energi fosil tuju energi baru baru ebt khusus sektor transportasi lama jadi salah satu sumbang emisi besar kembang vktr produksi bus bagai kendara komersial truk dump truck hingga kendara angkut sampah bas usaha jalin kerja sama bagai instansi perintah bumn panjang operasional vktr catat jumlah capai kirim lebih 100 unit kendara jarak tempuh operasional lebih juta kilometer hemat lebih juta liter bahan bakar guna kendara sebut klaim tekan emisi karbon lebih 000 ton co2 sisi efisiensi guna armada hasil hemat biaya operasional hingga lebih rp27 miliar tingkat andal tinggi rusa besar lama operasional,Positif
awal mula panel smpn 201 jakbar ledak hingga bakar mcb instalasi smpn 201 cengkareng jakbar alami korsleting hingga timbul ledak polisi ungkap awal mula jadi korsleting pagi tadi kanit reskrim polsek cengkareng akp parman gultom jelas peristiwa jadi pukul pagi tadi dadak padam kepala sekolah zoom meeting ruang kepala sekolah tiba tiba mati lanjut kepala sekolah luar ruang cari tahu mati kata gultom konfirmasi rabu 2026 kepala sekolah kejut kepul asap api mcb sekolah tak api dengar suara ledak ulang kali sumber bakar kepala sekolah lihat gardu keluar api bunyi dor dor petas lanjut kepala sekolah langsung instruksi guru henti aktivitas ajar ajar siswa lantai atas evakuasi kepala sekolah perintah guru turun anak anak ajar sedang ajar lantai turun lantai cari tempat aman jelas upaya madam sempat laku mandiri jaga sekolah guru guna alat madam api ringan apar api baru padam total orang warga paham listrik bantu putus kabel utama hubung mcb sebut kabel putus api langsung padam tutur kepala suku dinas kasudin tanggulang bakar selamat gulkarmat barat suheri kata pihak kerah satu unit mobil madam bakar lokasi jadi konfirmasi api padam tugas tiba unit lokasi api hasil padam ujar pihak polisi damkar pasti korban jiwa maupun luka luka insiden rugi materiil lapor upa unit gardu hangus bakar gardu instalasi masalah sebut tangan pln lihat video gedung klaten hangus bakar gegara korsleting,Negatif
perintah daerah jateng beli bus presiden puji gubernur foto fajar humas jateng foto fajar humas jateng magelang gubernur jawa tengah komjen pol drs ahmad luthfi damping presiden prabowo subianto resmi fasilitas rakit kendara komersial vktr sakti industries vkts kabupaten magelang kamis april 2026 resmi tanda kuat industri kendara nasional sekaligus upaya dorong transisi energi bersih mandiri energi acara hadir menteri sekretaris negara mensesneg prasetyo had menteri energi sumber daya mineral esdm bahlil lahadalia serta jajar forum koordinasi pimpin daerah forkopimda jawa tengah presiden nilai langkah ambil usaha vktr jadi bagi penting industrialisasi nasional utama sektor strategis energi transportasi khusus puji perintah daerah jawa tengah sebut mes puluh bus harap langkah rupa ikut perintah daerah lain terima kasih gubernur jawa tengah kata perintah daerah jawa tengah pesan beberapa puluh bus harap perintah daerah sikap beli produk bangsa sendiri produk tanah air ucap presiden komisaris utama vktr teknologi mobilitas tbk anindya bakrie kata usaha milik kapasitas produksi 000 unit bus truk per tahun potensi ekspansi hingga 000 unit per tahun turut kapasitas jadi langkah awal masuk pasar kendara komersial nasional besar populasi bus 280 ribu unit truk capai juta unit nilai elektrifikasi kendara komersial proses ganti kendara bahan bakar minyak bbm beri dampak ekonomi signifikan kalau seluruh bus truk elektrifikasi jadi kendara hemat buat indonesia miliar dolar per tahun subsidi bbm ujar anindya tambah kembang bus truk bukan soal bisnis usaha bagi bangkit industri otomotif lokal bas usaha vktr terus tingkat guna komponen negeri capai tingkat komponen negeri tkdn besar tahun 2025 tahun 2026 target dekat harap ada fasilitas rakit magelang kuat ekosistem kendara jateng buka peluang industri komponen lokal fasilitas nilai potensi jadi anchor industry industri jangkar mampu dorong tumbuh industri dukung investasi baru sektor manufaktur kendara perintah provinsi jawa tengah sendiri siap bagai dukung program kendara motor bas baterai sedia 283 unit stasiun isi kendara umum spklu 179 lokasi jateng diy regulasi guna kendara siap tenaga terampil lalu politeknik sekolah vokasi smk magelang gubernur jawa tengah komjen pol drs ahmad luthfi damping presiden prabowo subianto resmi fasilitas rakit kendara komersial vktr sakti industries vkts kabupaten magelang kamis april 2026 resmi tanda kuat industri kendara nasional sekaligus upaya dorong transisi energi bersih mandiri energi acara hadir menteri sekretaris negara mensesneg prasetyo had menteri energi sumber daya mineral esdm bahlil lahadalia serta jajar forum koordinasi pimpin daerah forkopimda jawa tengah presiden nilai langkah ambil usaha vktr jadi bagi penting industrialisasi nasional utama sektor strategis energi transportasi khusus puji perintah daerah jawa tengah sebut mes puluh bus harap langkah rupa ikut perintah daerah lain terima kasih gubernur jawa tengah kata perintah daerah jawa tengah pesan beberapa puluh bus harap perintah daerah sikap beli produk bangsa sendiri produk tanah air ucap presiden komisaris utama vktr teknologi mobilitas tbk anindya bakrie kata usaha milik kapasitas produksi 000 unit bus truk per tahun potensi ekspansi hingga 000 unit per tahun turut kapasitas jadi langkah awal masuk pasar kendara komersial nasional besar populasi bus 280 ribu unit truk capai juta unit nilai elektrifikasi kendara komersial proses ganti kendara bahan bakar minyak bbm beri dampak ekonomi signifikan kalau seluruh bus truk elektrifikasi jadi kendara hemat buat indonesia miliar dolar per tahun subsidi bbm ujar anindya tambah kembang bus truk bukan soal bisnis usaha bagi bangkit industri otomotif lokal bas usaha vktr terus tingkat guna komponen negeri capai tingkat komponen negeri tkdn besar tahun 2025 tahun 2026 target dekat harap ada fasilitas rakit magelang kuat ekosistem kendara jateng buka peluang industri komponen lokal fasilitas nilai potensi jadi anchor industry industri jangkar mampu dorong tumbuh industri dukung investasi baru sektor manufaktur kendara perintah provinsi jawa tengah sendiri siap bagai dukung program kendara motor bas baterai sedia 283 unit stasiun isi kendara umum spklu 179 lokasi jateng diy regulasi guna kendara siap tenaga terampil lalu politeknik sekolah vokasi smk berita baru,Positif
jumlah desa kabupaten batang hari sentuh jaring muara bulian batanghari jumlah desa sebar delapan camat kabupaten batang hari jambi sentuh permanen usaha negara pln sebab aksesibilitas jarak jauh 124 desa lurah kabupaten batang hari lama jadi titik perhati perintah daerah hingga kini dapat wilayah alir permanen kata bupati muhammad fadhil arief muara bulian selasa pihak koordinasi pln tempat hasil maksimal hingga sekarang ujar perintah daerah sampai pln batas kondisi wilayah cukup jauh realisasi sepenuh kondisi hingga warga andal lampu minyak genset hidup waktu batas akibat kondisi ganggu anak sekolah ajar terang batas masuk layan sehat usaha warga ikut dampak dasar data perintah camat tunjuk wilayah sentuh permanen sebut cukup banyak kepala keluarga langkah cepat ada solusi kerja sama minta dukung anggota dpr daerah pilih jambi elpisina ujar politis fraksi pkb duduk komisi xii sebut harap mampu jadi sambung aspirasi perintah pusat khusus bidang energi sumber daya mineral ada wakil dpr harap aspirasi lebih cepat pusat dorong program masuk desa segera sasar desa desa sebut ujar fadhil tegas sedia rupa pintu masuk tingkat kualitas didik sehat sejahtera masyarakat pemkab batang hari komitmen terus awal usul hingga seluruh wilayah bumi serentak bak regam alir jadi terang warta riski apriyanieditor siri antoni copyright 2026 larang keras ambil konten laku crawling indeks otomatis situs web izin tulis kantor berita,Negatif
kendara jac motors siap dukung operasional tambang kendara jac motors siap dukung operasional tambang kendara besut jac motors indonesia siap dukung operasional industri tambang lalu unit double cabin tampil ajang giicomvec 2026 tambang tengah dorong dekarbonisasi industri jac motors indonesia hadir kendara jawab butuh operasional sektor tambang lebih lanjut jac trekker salah satu tiga produk unggul jac motors luncur indonesia agustus 2025 hadir pionir kendara double cabin 4x4 madu efisiensi ramah lingkung tangguh hadap agam medan indonesia tahu jac trekker doble kabin populasi indonesia tambang tambang jadi lebih dinamis laku after sales area area site sebut ungkap chief operating officer indomobil jac reggie kurnia awak media jiexpo mayor kamis reggie jelas jac trekker bekal fitur unggul cakup performa tangguh lalu sistem dual motor 4x4 bagai driving mode sesuai sesuai butuh dukung efisiensi kendara milik baterai kapasitas kwh range 344 beri daya jelajah optimal lengkap teknologi v2l vehicle load mungkin guna nyala alat kerja hingga lengkap outdoor fitur selamat kendara lengkap airbags teknologi modern esc electronic stability control hingga sistem rem canggih auto hold safety penting sesuai kendara butuh operasional area tambang bagai fitur selamat apar siap sesuai standar laku ucap technical after sales division head jac motors indonesia edo putro sempat sama sisi kembang jac lengkap kendara fitur pre installation dukung butuh tambah lampu rotator lampu belakang hingga perangkat radio kini guna kabel imbuh tampil perdana giicomvec 2026 jac motors indonesia pertama kali turut ramai pamer kendara komersial gaikindo indonesia international commercial vehicle expo giicomvec 2026 jiexpo mayor april 2026 jac trekker ajang jac motors indonesia hadir model kendara komersial unggul lain rancang dukung butuh operasional bagai sektor industri partisipasi jadi bagi upaya usaha kenal solusi kendara niaga efisien lanjut laku usaha indonesia bangga kenal brand nya jac motors sama indomobil group laku langkah posisi penting jac motors indonesia utama beri pilih baru konsumen lalu nikmat ada kendara komersial operasional lebih jangkau ramah lingkung imbuh reggie jac urbanmover n90 kapasitas angkut optimal fitur modern jac urbanmover n90 hadir solusi ideal usaha butuh armada distribusi maupun kirim kargo efisien ramah lingkung milik gross vehicle weight gvw ton bekal baterai kapasitas 106 kwh tempuh jarak 250 kendara tampung muat besar milik daya jelajah baik kelas dukung pto electric power take off beri fleksibilitas milik pakai lintas industri fitur selamat urbanmover n90 lengkap esc electronic stability control hsa hill start assist hingga sistem rem air brake system jac metromover n35 pick jac metromover n35 hadir jawab butuh distribusi efisien ramah lingkung usaha logistik maupun laku usaha kawasan kota jac metromover n35 milik cabin panjang kelas ukur 350 gross vehicle weight gvw ton milik opsi kapasitas baterai model baterai kapasitas kwh range 230 model baterai kapasitas kwh range 297 sesuai butuh operasional kendara lengkap pto electric power take off fitur selamat esc electronic stability control anti lock braking system abs hsa hill start assist hingga parking sensor hadir produk unggul jac motors indonesia kuat ekosistem kendara listrik lalu resmi cabang sales service spare parts pertama lokasi pantai indah kapuk pik utara hadir fasilitas lantai cabang rancang pusat layan padu cakup konsultasi jual layan test drive hingga layan purna jual pasti nyaman lanjut operasional langgan bagi usaha hasil luas jangkau bagai negara jac motors indonesia terus upaya kuat komitmen indonesia lalu kembang lini produk unggul hingga ekspansi laku bagai wilayah strategis pungkas reggie jac motors undang seluruh masyarakat unjung giicomvec 2026 unjung booth lokasi hall lihat rasa langsung inovasi kendara komersial baru rancang penuh butuh bisnis bagai industri,Positif
kepala bgn ungkap alas ada motor kepala sppg marina ekatari apr 2026 politik hukum alas kendara butuh jangkau wilayah wilayah sulit akses tengah bagai soal tuntas putus justru muncul tanya tulis marina ekatarieditor andri setiantocover tiurma clara jessicaproduser marina ekatarivideo rian septiandi yogi yuka rozaki ridwan arifin,Negatif
truk masuk arena miring artikel kolom seluruh isi opini rupa pandang pribadi tulis bukan cermin sikap redaksi indonesia lompat masa depan truk sama kaki ikat realitas lama truk tua lebih muat pasar sepenuh adil suatu pagi labuh lihat dunia jalan damping satu masa depan truk bersih efisien masa kini truk tua sarat muat tetap menang pasar dua keluar gerbang pasar pilih dua bukan lebih baik lebih murah situ soal logistik indonesia mula elektrifikasi transportasi niscaya dunia gerak sana indonesia tinggal tekan tahan energi global masuk gejolak harga minyak dunia sempat lewat 100 dollar per barel dorong cepat transisi energi baca kereta cepat serah kemenkeu logistik bijak energi henti bangkit spklu masuk mesin truk biaya operasional akhir harga barang bayar masyarakat dasar data bappenas biaya logistik indonesia persen pdb transportasi darat sumbang hingga tengah struktur ubah kecil biaya angkut langsung rambat jadi tekan harga seluruh rantai pasok tanya bukan perlu elektrifikasi siap tanggung konsekuensi struktur biaya logistik paksa transisi benah pasar risiko jadi picu inflasi pangan biaya akhir bayar masyarakat teori truk lebih efisien biaya energi lebih rendah awat lebih sederhana emisi lebih kecil teori henti atas kertas lapang industri trucking indonesia operasi pasar sepenuh sehat tiga distorsi utama bentuk harga pertama praktik lebih muat odol buat biaya per ton jadi jauh lebih murah semu truk lebih muat benar benar murah biaya tekan hilang pindah publik bentuk rusa jalan biaya pelihara infrastruktur risiko selamat ini ekonomi sebut eksternalitas negatif untung privat bayar negara dua dominasi armada tua milik beban susut mampu tekan tarif tiga akses bbm subsidi sepenuh tepat sasar empat lemah awas simpul simpul strategis labuh seberang gerbang tol jadi filter paling efektif akibat harga logistik cermin efisiensi baik biaya rendah bahkan asal praktik langgar atur struktur teknologi baru saing adil masuk arena sejak awal miring hitung per ton realitas ubah beban baterai berat capai ton kurang kapasitas muat bersih truk banding diesel ukur investasi awal tinggi tingkat biaya susut baca inflasi amat defisit toleransi kritik hasil biaya per ton truk lebih tinggi banding truk diesel taat atur jauh atas truk operasi patuh sini letak ilusi efisiensi efisien energi efisien logistik diskursus publik subsidi bbm sering anggap sumber masalah konteks logistik peran lebih kompleks subsidi bbm lama fungsi tahan biaya distribusi tanpa biaya angkut potensi lonjak drastis langsung dampak harga pangan butuh pokok masalah bukan subsidi sendiri bagaimana subsidi beri subsidi kontrol panjang umur armada tua kuat praktik odol buruk distorsi pasar hapus reformasi dampak justru naik biaya logistik nasional sini butuh dekat lebih presisi subsidi bas patuh kendara laik jalan langgar muat verifikasi digital hak terima subsidi subsidi bukan hak otomatis insentif patuh arti truk kir aktif indikasi odol daftar sistem digital akses bbm subsidi subsidi konteks bukan tahan sistem lama jembatan tuju sistem lebih efisien adil lama terlalu fokus teknologi lupa fondasi paling dasar tega hukum lama truk odol bebas operasi lama kendara tua dominasi kontrol pasar pernah sehat dekat lebih efektif bukan razia jalan awas simpul logistik labuh seberang gerbang tol titik titik ini seluruh arus barang lewat sistem kontrol negara benar milik instrumen sangat kuat simpul logistik labuh seberang gerbang tol alih alih buru truk jalan raya luas filter gerbang lewat baca lpdp tolak dosen pppk teknologi weigh motion integrasi data kir sistem digital patuh tegak sistemik bukan sporadis langkah elektrifikasi jadi bijak pernah benar benar jadi lapang elektrifikasi truk logistik bukan tolak justru balik masa depan siap transisi hasil bukan paling cepat paling adil jangka pendek bulan prioritas baik struktur pasar tertib odol batas usia armada pasti subsidi tepat sasar jangka tengah bulan infrastruktur isi daya kendara berat bangun koridor logistik utama jangka panjang bulan elektrifikasi kembang alami ekosistem siap tahap jadi bukan transisi energi tingkat biaya logistik akhir soal bukan sekadar energi teknologi imbang kurang emisi jaga harga barang tetap jangkau dorong inovasi mati laku usaha masa depan lebih hijau korban stabilitas hari elektrifikasi tuju adil pasar prasyarat jalan raya hukum fisika negosiasi beban lebih bayar rem mesin akhir selamat bijak publik hukum ekonomi abai biaya lihat muncul tempat harga barang inflasi daya beli masyarakat elektrifikasi tega hukum akhir jadi bijak kosmetik butuh truk sekadar tampak hijau muka sistem logistik sehat logistik hal ekonomi jujur biaya fondasi adil pasar hijau cukup jujur segala situasi komitmen beri fakta jernih lapang ikut terus update topik notifikasi penting aplikasi download sekarang,Netral
sampah jadi danantara hadir denera danantara indonesia komitmen dorong solusi kelola sampah padu cipta nilai jangka panjang lingkung masyarakat bagai daerah indonesia lalu bentuk daya energi bersih nusantara denera danantara konsolidasi usaha kelola sampah integrasi seluruh entitas laksana proyek waste energy kelola sampah jadi energi psel indonesia denera bentuk april 2026 danantara investment management dim bentuk denera konsolidasi seluruh giat investasi kembang operasional proyek psel bagai wilayah indonesia struktur denera jadi holding badan usaha kembang kelola bupp psel mana masing masing bupp rupa gabung denera konsorsium mitra pilih lalu struktur danantara indonesia tuju kuat efisiensi kelola proyek tarik partisipasi investor domestik global dorong transfer teknologi olah sampah seluruh bentuk denera rupa wujud komitmen danantara indonesia bangun struktur lembaga kuat transparan kelola sampah integrasi indonesia ada denera pasti standar operasional tata kelola investasi koordinasi mitra domestik internasional jalan lebih efektif akuntabel ujar pandu patria sjahrir chief investment officer danantara indonesia diri denera jalan amanat atur presiden nomor 109 tahun 2025 kena tangan sampah kota lalu kelola sampah jadi energi baru bas teknologi ramah lingkung visi perintah indonesia bangun kota kota lebih bersih tangguh lanjut program psel danantara indonesia target bangun fasilitas olah sampah jadi energi jumlah kota seluruh indonesia denera cipta platform investasi struktur daya saing tinggi denera peran katalis kelola sampah hulu kelola bagai tipe sampah tambah pandu danantara indonesia komitmen dorong solusi kelola sampah padu cipta nilai jangka panjang lingkung masyarakat bagai daerah indonesia,Positif
krl green line sempat mati lampu alir ganggu kata kci salah satu kereta rel krl relasi tanah abang rangkasbitung sempat padam sore tadi kai commuter jelas padam alir tak langsung lama betul tadi jam ganggu teknis alir atas jalur antar stasiun parungpanjang stasiun cilejit kata corporate secretary vice president kai commuter indonesia kci karina amanda senin 2026 kata insiden ganggu alir atas jalur sebut timbul efek ganggu jalan commuter line lain ganggu langsung lama menit normal dampak ada lambat kata salah orang tumpang krl green line sebut akrab krl relasi tanah abang rangkasbitung bagi video singkat padam kereta tumpang video lihat suasana gerbong kereta sempat gelap mayoritas lampu padam kondisi krl tampak sedang terlalu padat tumpang pintu kereta tampak tutup tumpang tetap duduk diri posisi masing masing tak lama kemudian lampu gerbong krl nyala simak video kai siap strategi transportasi efektif warga urban jbr fas,Netral
sebab madam dadak jumlah wilayah alami madam dadak kamis malam april 2026 ganggu jadi beberapa kawasan masuk pusat utara barat sempat ramai keluh warga media sosial senior manager komunikasi umum pln uid raya haris andika benar ada ganggu sebut sebut madam picu masalah suplai jumlah gardu induk scroll bawah lanjut baca iklan jadi ganggu suplai beberapa wilayah sumber beberapa gardu induk malam kata haris kutip terang teretulis kamis april 2026 hingga pukul madam jadi lurah angke utara sekitar pln kata haris tengah laku proses normal tahap terus beri baru masyarakat ganggu turut dampak layan transportasi mrt roda lapor sempat jadi ganggu operasional jumlah stasiun sejak pukul akibat kendala pasok sisi pln jumlah fasilitas terang lift eskalator sempat fungsi bahkan seluruh stasiun elevated alami kondisi blackout pihak mrt nyata kondisi sebut kini angsur normal laku tangan cepat tugas terus pantau situasi lapang pasti layan jalan stabil mrt sampai mohon maaf guna atas ketidaknyamanan jadi tegas selamat tumpang tetap jadi prioritas utama pilih editor dana sal kuras tambal subsidi bbm,Negatif
wow toyota bikin motor desain futuristik siap pakai hari apr 2026 708 views blackpals baru nih konsep motor toyota beri nama toy scooter concept motor konsep satu tampil beda biasa toy scooter rupa konsep skuter inovatif kembang bawah awas toyota europe design development rancang aliya davenne maena herbomez kurang padat lalu lintas konsep tonjol sistem kargo unik rancang khusus mobilitas kota efisien bikin makin tarik motor alias awal memang arah realistis buat produksi jadi bukan konsep ngawang cuma keren foto potensi turun jalan beneran design futuristik unik segi tampil motor langsung lihat beda siluet cenderung minimal ramping clean khas kendara modern beberapa ciri khas tonjol seluruh desain bukan tipe over konsep aneh banget justru asa motor langsung pakai kalau produksi area tengah lihat lebih kosong mesin bensin khas motor garis bodi simpel tegas lampu lampu tipis modern overall siluet liat ringkas tarik desain lebay masuk akal buat pakai hari bukan aneh aneh kayak motor konsep banyak jadi kalau tiba tiba muncul versi produksi bakal kaget platform lebih sekadar motor biasa masuk bagi teknis mungkin besar pakai motor tanam tengah langsung roda plus baterai modular sesuai motor mungkin besar pakai tarik campur tangan toyota besar mungkin dekat fokus penting banyak motor tanya soal durability nya walaupun spek detail arah kembang liat fokus efisiensi durability jadi dna nya toyota jadi bekal fitur modern kayak riding mode konektivitas smartphone biar makin relevan sama gaya hidup sekarang posisi kendara ergonomi bentuk motor mungkin rancang guna urban kota arti target bukan motor sport touring berat lebih daily commuter inti bukan motor buat ngebut sirkuit lebih partner daily ride praktis nyaman pakai tiap hari nah tanya bakal laris kalau ngaca sukses mobil toyota avanza toyota kijang innova kunci benar simpel harga masuk akal irit rewel kalau motor penuh tiga plus dukung jaring servis toyota kuat peluang buat jadi motor juta umat buka lebar simpul motor punya semua bahan buat jadi game changer dunia roda desain sudah dapet konsep jelas paling penting nama toyota belakang tinggal gimana eksekusi kalau harga masuk baterai tahan lama bukan mungkin bakal jadi avanza nya motor masa depan ziz timbx berbagaisumber,Positif
mobil laris maret 2026 jaecoo juara byd atto merosot pasar mobil indonesia alami sedikit rem maret 2026 ikut daftar mobil laris bulan tiga 2026 dasar data wholesales gabung industri kendara motor indonesia gaikindo distribusi mobil pabrik dealer catat banyak 572 unit turun persen banding capai februari mampu tembus 314 unit turun sebut sebut faktor musim singkat waktu operasional akibat libur panjang idul fitri cuti sama buat kirim unit dealer jadi batas turun banding bulan februari 2026 ingat libur hari raya idul fitri bulan maret 2026 ujar jongkie sugiarto ketua gaikindo meski pasar seluruh lambat peta saing justru makin panas suv jaecoo sukses tahan takhta mobil laris indonesia distribusi 959 unit posisi dua byd sealion tampil primadona baru pabrikan asal tiongkok sebut angka 236 unit tarik byd atto biasa dominasi angka ribu unit kini justru lorot angka 672 unit byd napas lega segmen mpv byd justru naik daun mobil seater distribusi banyak 976 unit lonjak bulan belum 523 unit model flagship denza naik jadi 455 unit geely mulai tunjuk taring model compact geely ex2 diam diam sedot perhati distribusi banyak 949 unit tempel ketat posisi tiga besar walaupun maret sedikit lesu akumulatif rapor mobil awal tahun hijau royo royo panjang januari hingga maret 2026 total distribusi capai 150 unit angka roket tajam besar persen banding periode sama 2025 bukti minat masyarakat kendara ramah lingkung tunjuk tren positif sangat kuat ikut daftar mobil laris maret 2026 jaecoo 959 unit byd sealion 236 unit byd 976 unit geely ex2 949 unit byd atto 672 unit denza 455 unit wuling darion 301 unit vinfast vf3 258 unit aion 238 unit aion 242 unit riar rgr,Netral
konversi motor indonesia rata minat masyarakat laku konversi sepeda motor bensin jadi motor rata salah satu sebab ragu kait fungsi utama motor indonesia beda konsep awal kendara roda baca diler mulai kurang jelas honda prospect motor abdu laku usaha dolland motor electric kata asumsi masyarakat ialah motor dasar lebih cocok guna mobilitas jarak dekat motor untuk jarak dekat benar masuk kalau konotasi motor guna jarak pendek kata abdul panggil senin 2026 turut biasa masyarakat indonesia guna motor bagai butuh mulai kerja hari hingga jalan jauh buat motor anggap solusi utama kan rata rata motor guna ojol hari touring segala macam kata baca adaptasi wajib ubah biasa alih motor jadi balik orang banyak mental serius perintah kalau lihat ujar abdul abdul tambah minat motor biasa muncul kelompok tentu guna biasa milik lingkung dukung orang orang punya motor komunitas sama guna motor lama terjun guna kendara mungkin minat timbul ujar umum dapat kelompok konsumen laku konversi motor baca varian baru isuzu giicomvec 2026 wajah baru max baca komunitas mercedes benz w211 gelar aksi sosial pertama kalang hobi dua ikut program perintah balik hobi ikut program program perintah kalau program perintah minat lebih arah masif semua orang arah konversi motor jadi kata abdul meski sebut angka spesifik abdul ungkap hingga konversi lebih banyak laku kalang hobi kalau rentang tetap bilang iya lebih banyak hobi tetap lebih banyak hobi kalang hobi surat surat belang surat bensin motor ujar komitmen beri fakta jernih percaya imbang dukung lanjut jurnalisme jernih nikmat nyaman baca iklan lalu membership gabung plus sekarang,Negatif
jangan asal pasang bahaya pakai ban mobil biasa mobil tren kendara electric vehicle indonesia tengah tunjuk tumbuh signifikan tanda tingkat jual panjang 2025 capai 141 persen banding tahun belum lonjak sepenuh ikut paham awat mobil sedikit beda mobil konvensional masuk pilih ban umum bagi pabrikan lengkap mobil ban bawa sifat compatible teknologi sepenuh rancang karakter asli kendara guna ban mobil konvensional kendara sering laku upaya tekan biaya padahal langkah sebut justru turun performa kendara mulai boros baterai hingga buat usia pakai ban jadi lebih pendek baca parkir mobil ban belok rusak power steering jelas apriyanto yuwono national sales manager passenger car radial hankook tire sales indonesia jelas ban rancang khusus mobil kembang sesuai karakteristik kendara struktur ban umum lebih kuat mampu tahan torsi instan akselerasi kendara umur pakai lebih panjang sesuai standar tetap guna ban khusus mobil beri jarak tempuh lebih maksimal meminimalisir frekuensi ganti ban ujar apriyanto terang kamis 2026 urus tahan ban khusus lengkap teknologi redam suara jaga kabin tetap senyap ingat karakter mesin minim suara guna ban sesuai picu suara bising gesek ban muka jalan baca ducati panigale hadir indonesia superbike dna motogp lini ban khusus hankook ion evo terap guna busa khusus ban redam bising sebut teknologi klaim buat alam kendara asa hingga persen lebih senyap apriyanto tambah tips ban mobil lebih awet rutin periksa tekan angin laku rotasi ban hindar akselerasi lebih langkah langkah milik mobil nikmat umur ban lebih awet sekaligus alam kendara mobil lebih nyaman senang kata apriyanto komitmen beri fakta jernih percaya imbang dukung lanjut jurnalisme jernih nikmat nyaman baca iklan lalu membership gabung plus sekarang,Positif
harga bensin roket perang iran saat kendara sinar lambung harga minyak dunia beri tantang dunia jaga tahan energi indonesia manfaat krisis cepat program transisi energi kuat perata guna mobil kendara jadi batu loncat penting perang iran lawan amerika serikat israel timbul ketidakpastian rantai pasok bakar harga bahan bakar minyak bbm global tengah situasi perintah indonesia jamin aman energi negeri dukung tumbuh ekonomi masalah produksi bbm negeri 582 ribu barel per hari selisih jauh butuh negeri banyak juta barel per hari alhasil perintah rajin impor bbm buat indonesia rentan efek buruk gejolak harga minyak dunia perintah hadap pilih sulit keluar anggar negara lebih banyak akibat subsidi bahan bakar minyak bbm bengkak naik harga bbm efek domino harga barang lain langkah antisipasi perintah laku bijak work from home wfh work from anywhere wfa bijak sebut masuk akal ingat sektor transportasi kontribusi total emisi gas rumah kaca kait energi antara asal guna bbm transportasi darat butuh bijak lebih lanjut kurang gantung bbm salah satu dekat rasional kendara electronic vehicle jual industri alami tumbuh signifikan luas elektrifikasi sektor transportasi perlu jadi program prioritas perintah sekaligus pasti lanjut transisi energi hijau dukung tumbuh ekonomi nasional banyak inovasi bijak dukung atas kertas elektrifikasi transportasi signifikan kurang gantung indonesia bbm posisi indonesia produsen nikel besar dunia beri posisi tawar strategis negara bangun industri baterai nasional bagi rantai pasok kendara tren jual mobil khusus tipe mobil bas baterai terus positif 150 unit tahun 2020 jadi ribu unit kuartal 2025 realisasi sebut nila total jual mobil indonesia bagai bijak dukung beri perintah bebas pajak barang mewah kurang pajak kendara hingga tarif standar hingga subsidi besar rp7 juta kendara roda tak mungkir cukup efektif sayang tahun perintah cabut insentif pajak tambah nilai tanggung perintah ppn dtp besar bebas bea masuk mobil impor meski bebas bea impor maklum lindung industri mobil negeri insentif paja kendara bentur masalah infrastruktur dukung rata per akhir 2025 nasional 655 stasiun isi kendara umum spklu jawa barat banten milik jaring infrastruktur jauh lebih mapan banding provinsi lain perintah target bakal ribu spklu tahun 2030 senjang koordinasi perintah pusat daerah perlu benah perata infrastruktur tunjang kendara lebih rata read more jual kurang moncer mobil butuh promosi besar pasar lebih luas tangkap momen kembang industri mobil memang hasil emisi lebih rendah banding mobil bahan bakar minyak emisi motor lebih rendah banding motor bas bbm skenario nol emisi 2060 guna capai potensi kurang emisi tinggi tinggi mobil motor emisi sebut bakal makin kurang perintah cipta fasilitas transportasi umum murah nyaman bas kendara upaya kurang emisi perlu imbang perintah produksi komponen dukung neger target juta motor juta mobil 2030 pasti jumlah butuh baterai negeri sangat tinggi unit baru minta suku cadang unit read more salah kaprah besar soal isu kendara tambang nikel indonesia biaya produksi baterai kian kompetitif biaya guna baterai lithium iron phosphate lfp turun 110 kwh januari 2023 jadi kwh agustus 2024 turun rp1 juta jadi rp855 ribu baterai nickel cobalt manganese ncm622 136 kwh per januari 2023 jadi kwh agustus 2024 nila rp2 juta jadi rp1 juta kuat guna kendara potensi dukung program perintah bahan bakar nabati biodiesel bioetanol benar sifat jangka pendek risiko intai kendati potensial adopsi guna cepat dampak limbah baterai makin tingkat 2020 limbah baterai lithium ion indonesia capai 250 ribu ton tantang muncul soal fulus mundur salah satu donatur besar mitra transisi energi indonesia paksa perintah inovasi lebih cari sumber dana potensial krisis minyak global memang paksa indonesia terus laku transformasi energi nasional indonesia milik tugas tantang besar jawab dinamika read more bijak wfh hemat energi kaum mampu pihak kerja informal,Positif
kendara mulai tara mobil konvensional tengah upaya dorong cepat kendara arah bijak justru tunjuk sinyal baru populasi kendara sangat batas kini mulai posisi tara kendara mesin bakar internal internal combustion engine ice khusus skema paja lalu atur menteri negeri permendagri nomor tahun 2026 perintah tetap kendara bas baterai battery electric vehicle bev tetap jadi objek pajak kendara motor pkb bea balik nama kendara motor bbnkb arti atur mobil otomatis ada kategori kecuali pajak baca rem terlalu panas hilang fungsi bahaya nyata jalan meski perintah pusat buka ruang insentif upa bebas kurang pajak bijak sebut kini serah masing masing perintah daerah besar pajak kendara potensi beda tiap wilayah sisi dasar kena pajak kendara kendara konvensional beda hitung pkb tetap acu nilai jual kendara motor njkb bobot koefisien cermin dampak jalan lingkung lampir atur dapat beda bobot mobil mobil bahan bakar fosil gambar kendara byd milik koefisien tara mobil konvensional segmen rupa tegas sisi hitung dasar pajak dua kini laku sejajar kondisi sebut muncul tingkat adopsi kendara indonesia ada tahap awal bahkan dorong ekosistem lebih matang jumlah pihak nilai perlu ambang minimal persen total populasi kendara adopsi kembang organik suatu ekosistem kata matang lewat fase early adopter biasa kisar persen ujar anggota dewan energi nasional den sripeni inten lama tegas kendara golong teknologi baru tengah populasi kendara sangat besar tingkat adopsi tahap awal nilai langsung ganggu pasar kendara konvensional kendara barang baru populasi sangat besar persen benar ganggu kata meski tunjuk tren tumbuh jumlah kendara indonesia relatif kecil banding total populasi kendara motor hubung catat hingga akhir 2025 jumlah kendara capai 342 118 unit dasar data sertifikat registrasi uji tipe srut jumlah sebut sepeda motor jadi kontributor besar 229 820 unit susul mobil banyak 110 524 unit sisa diri kendara roda tiga mobil barang bus jumlah jauh lebih batas banding total populasi kendara motor nasional capai ratus juta unit angka sebut sangat kecil persentase jumlah kendara bahkan tembus persen total populasi kendara indonesia,Netral
sengat motor badan gizi nasional orang kerja bangun usap peluh wajah sembari terus cat satu sisi bangun pabrik motor emmo jalan olympic raya kaveling sentul bogor beberapa sisi bangun mulai rapi beberapa sisi beranta warga tempat detikx temu sebut pabrik baru operasi pek lalu belum gedung kosong kata rahmat bukan nama benar kamis april 2026 bangun lantai tempat adlas sarana elektrik emmo anak usaha yasa artha trimanunggal menang tender ada motor badan gizi nasional bgn yasa artha trimanunggal jadi pegang saham mayoritas emmo 006 lembar nila 006 000 000 bagi pegang saham lain abdullah alwi banyak 003 lembar nila 003 000 000 gunanjar barokah banyak 001 lembar nila 001 000 000 alwi jabat direktur utama gunanjar direktur adlas sarana elektrik warga tempat sebut awal operasi adlas sarana elektrik sempat jaga beberapa aparat seragam detikx sempat upaya masuk gedung minta klarifikasi kait jaga sebut sekaligus soal kesiap adlas sarana elektrik ada motor bgn orang karyawan usaha sebut pimpin usaha ada tempat detikx bincang bincang karyawan mobil hitam mewah masuk area gudang sempat potret mobil sebut orang laki laki muda paksa reporter detikx hapus foto hingga luar gudang adlas sarana elektrik jajar motor emmo jvx emmo jvh max pes bgn duga jumlah ratus gudang anggap lokasi head office situs gudang sentul adlas sarana elektrik simpan kendara pesan bgn jalan bioskop atom karang asem timur citeureup kabupaten bogor alamat sebut detikx dapat daftar inventarisasi barang jasa produksi negeri pdn industri adlas sarana elektrik data lokasi situ datang detikx luar tak tampak kendara lihat beberapa kendara roda tiga ada koperasi desa merah putih tugas aman area gedung citeureup pimpin usaha adlas sarana elektrik datang kantor hari karyawan tugas jaga lokasi klaim tempat simpan motor bgn sebut sewa kaisar kaisar motorindo industri sejak lebaran maret 2026 kata tugas aman reporter detikx ratus pesan kendara badan gizi nasional salah satu gudang adlas sarana elektrik emmo jvx jvh max jalan olympic raya kavling sentul bogor kamis 2026 duga gudang tak muat kendara sebut simpan luar gedung foto rifkianto nugroho detikfoto adlas sarana elektrik jadi suplai tunggal sepeda emmo jvx emmo jvh max induk usaha tang tender bgn tender sebut buka beberapa kali bgn akhir oktober 2025 jabat buat komitmen ada sebut ialah budi utomo sebut detikx dapat konfirmasi kepala bgn dad hindayana staf budi kerja sekretaris deputi bidang sedia salur bgn tinbot emmo jvx jvh max rupa jenama rebranding ganti label embel embel emmo adlas sarana elektrik usaha tempel stiker bgn merek asli emmo jvx tinbot kollter es1 pro motor produksi usaha manufaktur asal china jiangsu keyroad transportation technology ltd konfirmasi kepala bgn dad hindayana motor eropa merek jenis merek beda kalau eropa nama tinbot eropa kanada satu jenis kata dad sembari ecek ulang jenama motor sebut lalu layar ponselnya temu detikx adlas sarana elektrik baru dapat ahu hukum ham agustus 2025 kemudian agustus 2025 abdullah alwi gunanjar barokah baru daftar jenama emmo jvx direktorat jenderal kaya intelektual djki hingga kini duga status djki tahap periksa substantif putus akhir terima tolak akhir september 2025 adlas sarana elektrik baru rilis produk pertama jvx jvh max lalu instagram resmi emmo mobility produk sebut dad pasar eropa sebut paksa lantai negara tropis indonesia hingga kini emmo adlas sarana elektrik tak milik dealer tempat servis situs resmi cantum showroom ruang pamer tempat servis jalan raya daan mogot 345 lurah jambar grogol tambur barat detikx datang lokasi sebut tampak layak bangun kosong dalam lihat plang besar emmo pampang tampak baru belakang plang emmo lihat area gudang tutup seng seng karat pintu masuk ruang pamer tutup seng seng karat kantor induk usaha yasa artha trimanunggal kawasan grogol tampak sepi lokasi ada area mukim padat duduk jalan indraloka wijaya kusuma grogol tambur barat kantor menang tender motor bgn diri atas rumah dua tampak rumah mewah sangat colok rumah rumah sisi kanan kiri kendara milik padma logistik xpress semuwa aviasi mandiri sam air rupa anak usaha yasa artha trimanunggal parkir situ rabu april 2026 gudang adlas sarana elektrik emmo lain jalan bioskop atom karang asem timur citeureup kabupaten bogor tampak justru kendara roda tiga ada koperasi desa lurah merah putih foto rifkianto nugroho detikfoto satu rumah tampak baru renovasi cat asa segar putih sedikit noda bagi belakang seng karat tutup sedikit bagi rumah tanda kerja bangun situ orang jaga warung dekat kantor sebut rumah memang baru renovasi kayak baru beberapa bulan deh kata rina bukan nama benar detikx sengaja sambang lokasi lokasi sebut minta klarifikasi pimpin usaha yasa artha trimanunggal adlas sarana elektrik kait ada motor bgn detikx kirim surat mohon wawancara dua usaha sebut alwi hubung lalu pesan singkat hari dapat jawab apa hubung narahubung cantum website pasar daftar test drive hingga kini respons menang tender tanya ketidaksiapan bangun gegas menang tender hingga bentuk usaha turut jadi tanya wakil ketua komisi dpr charles honor charles tanya alas bgn tunjuk adlas sarana elektrik emmo merek tunggal menang tender kendara roda bgn padahal kata charles banyak aspek usaha siap terang sulit bgn nanti dapat rusa motor beli sebut ingat layan purnajual usaha sangat batas betul sempat datang dealer nya beberapa hari lalu minggu lalu daan mogot barat mana lihat sendiri lokasi sana dealer nya jadi bangun memang siap ungkap charles lalu sambung telepon detikx charles duga ada kes paksa akal akal bgn habis anggar 2025 serap anggar bgn dekat akhir 2025 sangat kecil kalau salah ingat kata charles beberapa rapat dpr serap anggar bgn 2025 persen mungkin dorong habis anggar cepat tahun ikut potong tetap alokasi jadi suatu ada sangat prudent laku ungkap charles ketidaksiapan usaha rekam jejak yasa artha trimanunggal hias beberapa noktah komisaris utama direktur andri mulyono yenna yuliana sempat panggil komisi berantas korupsi saksi kasus korupsi bantu sosial 2020 kondisi sepi lokasi klaim showroom emmo jalan raya daan mogot 345 kel jambar grogol tambur barat rabu 2026 foto fajar yusuf rasdianto detikx usaha catat pernah hukum wanprestasi adil negeri barat akhir 2025 yasa artha trimanunggal hukum bayar sisa tagih kerja last mile proyek distribusi bantu pangan cadang beras perintah cbp perum bulog pos indonesia kepala bgn dad hindayana aku ada alpa pihak lihat rekam jejak menang tender motor bgn sebut baru tahu yasa artha trimanunggal sempat hukum wanprestasi usaha sebut menang tender dad kemudian minta inspektorat bgn laku kece ulang kesiap usaha minta klarifikasi budi utomo januari 2026 kata dad temu detikx kantor satu layan penuh gizi sppg citaringgul babakan madang jumat april lalu sekarang ada motor jenis emmo jvx jadi sorot komisi berantas korupsi juru bicara kpk budi prasetyo kata pihak kini beri perhati motor proses ada barang jasa perintah kerap rawan korupsi kpk budi bakal lihat seluruh proses ada motor bgn mulai hulu hingga hilir masuk soal tunjuk menang tunggal ada nanti temu masalah kpk minta pertanggungjawaban bgn beri argumentasi kait tunjuk sebut kemudian kait butuh butuh rata arti kendara spek rata butuh semua lokasi apa pungkas budi kutip selasa april 2026 reporter fajar yusuf rasdianto ani mardatila ahmad thovan sugandi khatibul azizy alfairuz magang tulis fajar yusuf rasdianto editor dieqy hasbi widhana desainer fuad hasim,Netral
pln teken pjbtl enam usaha tambang hijau makin masif pln persero teken janji jual beli tenaga pjbtl memorandum understanding mou integrated bussiness solution dorong elektrifikasi operasional tambang kerja sama tanda pjbtl mou jalin trubaindo coal mining besar mva sembada makmur sejahtera besar mva marga bara jaya besar mva maruwai coal besar mva makmur sejahtera wisesa besar 106 mva rau coal besar mva integrated bussines solution pln lalu anak usaha jalin kolaborasi jumlah usaha antara masmindo dwi area bangun instalasi gardu langgan maruwai coal kerja bangun instalasi milik langgan sembada makmur sejahtera kerja engineering design bangun instalasi tegang tinggi ari hendrawanto koordinator konservasi mineral batu bara energi sumber daya mineral esdm jelas elektrifikasi alat berat jadi kunci utama reduksi emisi wilayah operasional tambang langkah sangat krusial ingat target besar nasional capai nret zero emissions nze tahun 2060 lebih cepat strategi kurang emisi laku lalu bagai dekat kurang produksi substitusi energi sumber biomassa tingkat efisiensi elektrifikasi elektrifikasi alat berat jadi salah satu solusi utama ingat konsumsi energi besar ada giat angkut pindah material ujar ari focus group disscusion powering the future green mining beberapa waktu lalu ari tambah transisi beri untung finansial nyata laku industri banding harga diesel tarif dapat potensi hemat biaya operasional hingga rp2 miliar per tahun unit alat berat terap luas efisiensi hasil sangat besar kata adi priyanto direktur retail niaga pln persero tegas urgensi transisi energi bukan sekadar jawab tantang iklim strategi kuat mandiri energi nasional kembang green mining sektor tambang jadi salah satu solusi strategis tekan emisi gas rumah kaca sekaligus pasti lanjut industri batu bara depan ujar adi adi pln siap beri dukung penuh seluruh laku industri lalu bagai layan inovatif sesuai karakteristik butuh tambang forum jadi momentum identifikasi potensi tumbuh demand sektor tambang tentu batas optimal layan pln rumus strategi kelola aset listrik pasca umur tambang jelas adi dini sulistyawati executive vice president jual layan langgan enterprise pln identifikasi titik kritis konsumsi energi ada tahap angkut hasil tambang manfaat energi bersih bas proses hauling jadi salah satu langkah konkret bagaimana tingkat efisiensi operasional sekaligus turun emisi ujar dini priyadi ketua umum asosiasi tambang batubara indonesia apbi sambut positif sinergi upaya sama pendek rantai pasok energi fosil impor lanjut industri nah sempat baik baik produsen batu bara maupun pln sedia strumnya jadi simbiosis mutualisme paling untung kata priyadi adi supriyatna division head project expansion borneo indobara nyata elektrifikasi jadi langkah strategis usaha respons tantang ubah iklim sekaligus tekan fluktuasi harga bahan bakar elektrifikasi borneo indobara rupa langkah strategis tuju tambang hijau respons ancam ubah iklim tren naik harga bahan bakar transisi dukung bangun infrastruktur listrik masif sama pln operasi bagai alat berat stasiun isi daya 700 unit truk kata adi,Positif
pajak serah daerah konsumen mobil potensi kena beban ganda upaya cepat elektrifikasi kendara indonesia potensi hadap hambat akibat bijak baru perintah indef green transition initiative indef gti sorot terbit permendagri nomor tahun 2026 nilai jalan arah bijak nasional kepala center industry trade and investment indef andry satrio nugroho nilai atur sebut kirim sinyal tolak belakang upaya perintah dorong kendara baca daftar titik baik tol cipularang padaleunyi hingga april 2026 pasal insentif butuh luas adopsi pasti bebas pajak justru cabut serah masing masing perintah daerah perintah kirim pesan kontradiktif masyarakat investor justru rugi semua pihak ujar andry senin 2026 sisi prabowo subianto belum tegas komitmen cepat elektrifikasi kendara strategi kurang gantung bahan bakar minyak bbm harga terus tingkat bahkan rencana produksi sedan nasional masuk daftar proyek strategis ambisi sebut butuh pasar domestik kuat insentif lemah daya tarik mobil konsumen potensi turun permendagri baru buat bijak pajak kendara jadi wenang daerah arti wilayah terap skema beda timbul ketidakpastian konsumen maupun laku industri padahal investasi sektor kendara tiga tahun akhir capai triliun indef kira ekosistem terus kembang kontribusi ekonomi capai 225 triliun cipta hingga juta lapang kerja 2030 andry ketidakpastian regulasi risiko buat investor alih dana negara lebih agresif beri insentif vietnam cabut insentif pajak nilai tambah beban konsumen ilustrasi mobil harga 400 juta kena bea balik nama hingga juta awal beli tambah pajak tahun juta kondisi anggap ironis kendara hasil emisi gas buang laku tara mobil bahan bakar minyak mobil lebih bersih justru kena beban sama kendara konvensional hasil emisi kata andry indef sorot soal subsidi energi kaji belum tunjuk persen kuota bbm subsidi jenis pertalite justru nikmat kelompok tengah atas rata rata subsidi nikmat mobil bahan bakar minyak capai juta per tahun jauh lebih besar banding mobil rp2 juta per tahun,Negatif
koalisi masyarakat sipil kritisi firing biomassa bakar kayu bukan solusi koalisi masyarakat sipil sampai kritik perintah kait implementasi firing oplos kayu pltu jawa barat proyek nilai bawa rusa ekologis ekonomis dampak buruk sehat warga jawa barat koalisi tanya minim peran perintah daerah program bandung jawa barat april 2026 koalisi masyarakat sipil kritisi implementasi program firing oplos biomassa kayu bangkit tenaga uap pltu jawa barat implementasi program firing biomassa jegal pensiun dini bangkit energi fosil picu bagai soal operasi pltu indramayu pltu labuh ratu potensi sumbang rugi produk domestik regional bruto pdrb hingga rp4 triliun per tahun angka asal rusa masif ekosistem laut darat lumpuh sektor ikan tani lokal beban ekonomi dampak sehat timbul bakar campur biomassa kayu batubara ada level khawatir polutan bahaya pm2 no2 so2 dua bangkit sebut kira tanggung jawab atas 817 angka mati orang dewasa per tahun ribu kasus baru asma ganggu napas kronis lain konversi nilai ekonomi rugi nasional akibat dampak sehat dua pltu sebut capai rp8 triliun tiap tahun krisis makin parah konflik agraria sektor hulu tepat area kembang hutan tanam energi hte salah satunyadi sukabumi alokasi lahan luas 915 hektar klaim lahan kritis nyata tumpang tindih lahan garap lama jadi tumpu hidup tani hadir proyek biomassa merekonfigurasi hubung agraria cara represif akses lahan warga sempit skema klaster adil tani jadi buruh borong upah rendah ulang pola dominasi hutan politik lama buat warga hilang daulat atas tanah sendiri hidup bawah bayang bayang kriminalisasi usaha ujar rendi sajogyo institute koalisi nilai skema firing biomassa solusi palsu tuju jaga lanjut operasional batu bara bawah legitimasi transisi energi kembang firing biomassa pltu bukan solusi transisi energi justru luas soal sosial maupun ekologi program sebut buat pasok energi tetap gantung bahan bakar fosil operasi pltu tahan alih alih dorong dekarbonisasi sumber biomassa runcing timpang akses lahan lewat kembang kebun biomassa tingkat beban ekosistem tanggung masyarakat ujar bayu maulana putra juru kampanye bioenergi trend asia wilayah indramayu soal batubara bilang alot masyarakat misal masyarakat jaring asap batubara indramayu jatayu pasok bukan hte rantai pasok serbuk kayu sekam padi saing harga akomodasi imbang muncul praktek culas lapang hutan inkompeten kembang hte guna kayu luar standar tetap lihat upaya legitimasi tebang caplok atas kawasan hutan guna lama masyarakat fauqi muhtaromun divisi kampanye walhi jawa barat koalisi dorong perintah pusat daerah laku audit seluruh seluruh rantai pasok biomassa henti represi masyarakat adat segera laksana pensiun dini pltu tingkat bijak regulasi energi hutan indonesia tunjuk kembang biomassa lebih arah dukung lanjut operasi pltu batubara ketimbang benar benar transisi energi ujar maulida pbh lbh bandung libat perintah daerah proyek jelas padahal pres 2023 tegas bagi wewenang perintah daerah kembang energi baru baru daerah masuk firing pungkas maulida foto trend asia narahubung kontak media trend asia email protected kontak media lbh bandung email protected,Negatif
konversi motor urus pribadi bukan perintah upaya perintah dorong cepat ekosistem kendara indonesia terus tuai sorot salah satu jadi perhati program konversi motor bahan bakar minyak bbm tenaga bijak nilai kurang tepat sasar selesai masalah fundamental transportasi tanah air perintah anggap terlalu fokus milik kendara pribadi ketimbang benah transportasi publik baca bukan konversi motor bus kota nilai lebih masuk akal amat transportasi institut studi transportasi instran darmaningtyas kata diri tanya apa perintah gencar dorong konversi motor bensin turut inisiatif ubah moda transportasi pribadi jadi ranah individu bukan jadi beban prioritas perintah kalau mau konversi biar urus masyarakat sendiri punya motor mau konversi tidak urus perintah sedia angkut umum bukan fasilitas konversi motor pribadi ujar darmaningtyas hubung lama baca jalan terjal konversi motor legalitas bengkel minim lebih lanjut darmaningtyas sorot efektivitas beri insentif kendara lama jalan turut respons pasar rendah jadi sinyal masyarakat sepenuh tarik skema sebut kan punya alam tahun tahun minimal tahun akhir beri insentif masyarakat beli motor mobil minat kan tidak tinggi kata darmaningtyas kondisi lanjut jadi bahan evaluasi perintah lang lebih jauh program program rupa sasar sektor privat darmaningtyas saran anggar sumber daya alih ada armada angkut umum langkah nilai lebih beri dampak nyata masyarakat luas utama wilayah wilayah minim akses transportasi arti masyarakat tidak terlalu senang lebih baik perintah beli bus bus guna angkut umum bagi daerah daerah jelas konkret ujar sedia angkut umum pada perintah nilai lebih mampu tekan angka macet konsumsi bahan bakar fosil sistemik banding dorong pindah jenis energi kendara pribadi komitmen beri fakta jernih percaya imbang dukung lanjut jurnalisme jernih nikmat nyaman baca iklan lalu membership gabung plus sekarang,Negatif
proyek sampah jadi kebut target konstruksi mulai minggu perintah cepat rencana kembang olah sampah jadi energi psel waste energy proyek sulap sampah jadi target mulai bangun kurun waktu tujuh minggu depan menteri koordinator bidang pangan zulkifli hasan kata laksana proyek penting segera realisasi sesuai arah presiden prabowo subianto pasal indonesia nilai masuk kondisi darurat sampah masuk kategori darurat sampah apa bukti gunung kemarin bencana bantar gebang kata zulhas kantor kemenko pangan pusat selasa 2026 lebih tujuh minggu selesai cepat semua jalan baik nah kalau semua selesai total aglomerasi selesai semua baru selesai masalah sampah sambung sama sore kantor kemenko pangan laku penandatanganan janji kerja sama perintah daerah badan usaha kembang kelola bupp olah sampah jadi energi sempat dapat lima wilayah kabupaten kota jalan kerja sama proyek olah sampah jadi tiga bupp kota bekas wangneng bekas environment nusantara kota bogor kabupaten bogor weiming nusantara bogor new energy kota denpasar kabupaten badung weiming nusantara bal new energy iring penandatanganan kerja sama perintah target proses bangun infrastruktur mulai maksimal tujuh minggu depan sesuai target cepat proyek waste energy pak gubernur improvisasi cari mitra segala macam jangan lambat perintah bapak prabowo langsung kalau tujuh minggu selesai paksa ambil ujar luar zulhas kata waktu dekat perintah laku penandatanganan kerja sama perintah daerah bupp proyek psel lain kemudian lebih tujuh minggu selesai cepat semua jalan baik tegas sempat sama wakil menteri negeri bima arya sugiarto kata implementasi proyek laku tahap masuk gelombang pertama lalu penandatanganan kerja sama hari tahap gelombang pertama lima daerah tadi kota bogor kabupaten bogor kota bekas kabupaten bandung kota denpasar ucap bima lebih lanjut bima jelas proses bangun target segera mulai waktu tujuh minggu iring kesiap lahan investor siap eksekusi proyek ganti jadi mulai proses bangun kan lahan siap mulai jadi investor siap kalau ambil alih kata bima adapun fasilitas bangkit tenaga sampah target mulai operasi 2027 meski bima kendala utama kait sedia lahan jumlah daerah wilayah siap masuk gelombang ikut proses investasi butuh tahap bebas lahan jauh masalah lahan makanya gelombang ikut semua perintah daerah punya lahan lalu proses bebas ujar simak video perintah cepat proyek sampah jadi igo fdl,Positif
kerja duke energy maju internat duke energy ikan miliar ringan tagih iring tumbuh data center lewat customer protection plus duke energy luncur kerangka customer protection plus kelola tumbuh data center jaga andal manfaat langgan rencana libat janji jangka panjang data center lindung langgan lama,Positif
pln guna benar cegah bakar pln guna benar cegah bakar makassar pln lalu unit induk distribusi sulawesi selatan sulawesi tenggara sulawesi barat uid sulselrabar imbau seluruh langgan guna benar nyaman hindar bahaya bakar langgar pakai masyarakat perlu jaga aman nali jenis jenis langgar pakai hindar sanksi denda sesuai janji jual beli tenaga ujar general manager pln uid sulselrabar edyansyah makassar kamis edyansyah jelas umum dapat tiga jenis tagih langgan tagih pakai bulan tagih susul karena lain ukur tagih susul tertib pakai tenaga p2tl tagih susul akibat lain ukur pakai jadi apabila rusa kwh meter pln pakai ukur tagih dapat tagih susul p2tl temu langgar pakai tenaga sisi langgan pln rutin laku tertib p2tl pasti kwh meter fungsi baik tugas p2tl laku periksa jaring pln tuju rumah pakai langgan sendiri tambah edyansyah jelas dapat empat jenis golong langgar pakai pertama kata langgar golong langgar pengaruh batas daya besar ukur miniature circuit breaker mcb meter daya langgan lebih besar banding daya langgan dua langgar golong langgar pengaruh ukur kwh meter lambat putar meter tiga langgar golong iii iii langgar pengaruh batas daya ukur energi contoh sambung langsung instalasi langgan lalu ukur batas daya empat langgar golong langgar laku bukan langgan contoh ambil langsung jaring pln sah nyantol perlu register pln imbau langgan selalu aju pln butuh layan listrik lalu aplikasi pln mobile bahaya guna sah potensi timbul risiko jadi bahaya listrik korsleting bakar kata warta nur suhra wardyah editor riski maruto copyright 2026 larang keras ambil konten laku crawling indeks otomatis situs web izin tulis kantor berita,Netral
skema pajak ubah konsumen perlu cermat biaya awal mobil skema pajak kendara ubah terbit permendagri nomor tahun 2026 atur beri pasti bebas pajak nasional serah bijak insentif masing masing perintah daerah ubah sebut mobil otomatis bebas bea balik nama kendara motor bbnkb maupun pajak kendara motor pkb perintah daerah tetap milik opsi beri bebas kurang pajak besar beda tiap wilayah baca beijing auto show 2026 pamer otomotif besar merek tampil ubah buat hitung biaya beli mobil konsumen perlu hitung tambah biaya luar harga kendara utama komponen pajak awal beli kepala center industry trade and investment indef andry satrio nugroho sebut ubah pengaruh minat masyarakat beli kendara gambar mobil harga 400 juta kena bea balik nama hingga juta bayar awal tambah pajak tahun juta ujar selasa 2026 angka sebut gambar skenario beban pajak penuh praktik biaya siap konsumen gantung bijak masing masing daerah andry ilustrasi mobil harga 400 juta bea balik nama ada kisar juta apabila daerah beri insentif insentif rang biaya tingkat rentang juta hingga juta kondisi insentif nilai dekat juta beda sebut buat biaya awal milik mobil seragam antar daerah konsumen bukan hadap tambah biaya ketidakpastian besar pajak gantung wilayah tempat kendara daftar sisi perintah dorong cepat elektrifikasi kendara kurang gantung bahan bakar minyak bbm presiden prabowo subianto belum tegas komitmen luas guna kendara negeri andry nilai konsistensi insentif jadi salah satu faktor penting jaga daya tarik kendara pasar domestik pasti sebut mobil risiko anggap produk biaya awal mahal baca kapan harley davidson bawa livewire indonesia jelas skema pajak seragam laju adopsi kendara indonesia potensi jalan lebih lambat utama kalang konsumen timbang harga faktor utama komitmen beri fakta jernih percaya imbang dukung lanjut jurnalisme jernih nikmat nyaman baca iklan lalu membership gabung plus sekarang,Negatif
sengat tegang tinggi warga tesbatan tinggal dunia sengat tegang tinggi warga tesbatan tinggal dunia amarasi tbn orang warga desa tesbatan camat amarasi kabupaten kupang nusa tenggara timur lapor tinggal dunia sengat jaring tegang tinggi sabtu 2026 pagi korban tahu nama kornel paulus bunga warga domisili 006 003 dusun desa tesbatan peristiwa tragis sebut jadi pukul wita lokasi tempat tinggal korban dasar informasi himpun jadi mula korban panjat pohon lamtoro potong daun pakan ternak nahas potong dahan korban sadar potong dahan sebut jatuh kena kabel utama milik pln akibat korban langsung sengat alir tegang tinggi kondisi sebut korban sempat teriak minta tolong salah satu saksi yoram ataupah dengar ria korban segera lari tuju lokasi jadi lihat korban ada atas pohon kondisi sengat saksi kemudian minta bantu warga meski jumlah warga datang berani laku tolong khawatir ada alir tegang tinggi bahaya korban akhir tinggal dunia lokasi jadi dapat lapor bhabinkamtibmas desa tesbatan aparat polisi pimpin kspkt aipda nixon kase sama anggota jaga langsung tuju tempat jadi perkara tkp laku tangan jumlah langkah polisi laku antara terima lapor datang tkp koordinasi tim medis pustu desa tesbatan laku olah tkp evakuasi korban rumah duka hasil periksa luar tugas medis pustu desa tesbatan maria sinta bhara amd kep tunjuk ada luka bakar dua telapak tangan luka bakar lutut betis kiri korban hasil periksa sebut pasti temu tanda tanda keras tubuh korban korban tinggal dunia akibat sengat alir tegang tinggi terang tim medis pihak keluarga terima jadi sebut musibah tolak laku autopsi jenazah korban nyata tolak autopsi sampai pihak keluarga wakil kandung korban melkisedek saebesi jenazah korban evakuasi rumah duka 006 003 desa tesbatan semayam rencana makam tunggu sepakat pihak keluarga peristiwa jadi ingat masyarakat lebih hati hati aktivitas jaring hindar jadi rupa,Negatif
era baru pajak mobil tak gratis daerah kini pegang kendali era baru pajak mobil tak gratis daerah kini pegang kendali mobil sekarang otomatis bebas pajak perintah daerah jadi pihak wenang tetap kurang bebas pajak mobil perintah mulai ubah arah bijak insentif kendara indonesia lalu atur menteri negeri permendagri nomor tahun 2026 kendara sepenuh bebas pajak kendara motor pkb bea balik nama kendara motor bbnkb masuk skema pajak lebih fleksibel peran besar perintah daerah tingkat daerah sesuai bijak sebut mulai siap perintah provinsi dki misal tengah rancang skema pajak kendara nilai lebih adil gubernur dki pramono anung kata bijak baru timbang bagai fasilitas lama nikmat guna kendara waktu dekat perintah dki atur bijak kait kendara adil kendara kan fasilitas ganjil genap pajak persen ujar pramono terang senin kutip tambah lama kendara oleh jumlah mudah mulai bebas pajak hingga bebas atur ganjil genap bijak depan rancang lebih imbang hilang peluang insentif bebas bebas 100 persen kena kurang bagai segera putus ucap pramono badan dapat daerah bapenda dki nyata tengah rancang insentif fiskal optimal beban masyarakat sekaligus tetap jalan regulasi laku bijak jadi bagi upaya jaga stabilitas ekonomi daerah tengah tekan global sembari dorong adopsi kendara tingkat nasional atur baru sebut tegas ubah posisi kendara sistem paja permendagri nomor tahun 2026 mulai laku sejak april 2026 kendara kecuali objek pkb bbnkb belum atur tahun 2025 kendara bas masuk guna energi baru maupun hasil konversi dapat bebas penuh dua jenis pajak sebut kini beberapa kategori tentu tetap kecuali kendara tahan aman kendara diplomatik kendara bas energi baru tentu sesuai tentu meski perintah tetap buka ruang insentif atur baru perintah daerah beri wenang beri bebas kurang pkb bbnkb kendara masuk kendara produksi 2026 hasil konversi bahan bakar fosil hingga kini tunjuk teknis laksana bijak sebut tahap susun banyak tentu masing masing perintah daerah ikut salur whatsapp cna indonesia dapat berita tarik lain pasti fungsi notifikasi nyala tekan tombol lonceng,Netral
inggris rencana pisah harga silvaco gandeng nvidia cepat desain semikonduktor digital twin bas silvaco nvidia kerja sama tingkat desain manufaktur semikonduktor gabung komputasi cepat nvidia simulasi bas fisika silvaco kolaborasi tuju cipta digital twin kualitas tinggi,Positif
mobil kena pajak gac aion yakin reaksi konsumen tantang kendara indonesia uji laku pajak kendara dasar atur menteri negeri nomor tahun 2026 dasar kena pajak kendara motor bbnkb pajak alat berat lalu bagaimana reaksi konsumen nih salah satu produsen mobil indonesia gac aion beri pandang ceo gac aion andry ciu pajak kendara laku reaksi masyarakat reaksi masyarakat kalau naik harga reaksi jauh apa lihat responnya masyarakat apa kata andry catat perintah keluar atur baru kait pajak kendara nanti pajak kendara otomatis meski tetap insentif kendara pajak lebih murah perintah provinsi dki sedang siap atur baru kait pajak kendara kepala badan dapat daerah dki lusiana herawati konfirmasi kendara nanti kena pajak kendara motor bea balik nama kendara motor perintah provinsi dki sedang godok atur iya kendara gratis pajak red regulasi sedang siap kata lusiana detikoto beberapa waktu lalu bijak siap dki rupa turun atur menteri negeri nomor tahun 2026 dasar kena pajak kendara motor bbnkb pajak alat berat tulis pasal atur menteri negeri nomor tahun 2026 kena pkb bbnkb kendara bas baterai beri insentif bebas kurang pkb bbnkb sesuai tentu atur undang undang lanjut kena pkb bbnkb kendara tahun buat tahun 2026 beri insentif bebas kurang pkb bbnkb masuk kendara laku konversi bahan bakar fosil jadi kendara beri insentif bebas kurang pkb bbnkb atur baru indikasi kendara otomatis bebas pajak kendara arti perintah daerah terap kurang pajak bukan semata mata bebas pajak lusiana dki tetap siap insentif kendara pihak sedang siap atur ringan pajak kendara red tetap beri insentif sedang rumus kata,Negatif
cetak sejarah bogor siap operasi bangkit tenaga sampah pertama indonesia tahun depan kompim rudy susmanto bupati bogor final lokasi bangkit tenaga sampah psel bogor raya wisma danantara indonesia kamis 2026 proyek harap jadi solusi lanjut kelola sampah sekaligus kuat sinergi antardaerah manfaat energi sempat sebut rudy tekan penting sinergi perintah daerah khusus kabupaten bogor kota bogor hadir solusi padu soal sampah turut kerja sama rupa bentuk komitmen sama beri dampak nyata masyarakat lingkung kolaborasi sama sama tangan sampah bogor indonesia buah sempat baik jadi langkah pernah jadi belum ujar bupati bogor lebih lanjut bupati bogor sampai bangun psel bogor raya harap jadi tonggak penting transformasi kelola sampah indonesia optimistis dukung bagai pihak proyek segera realisasi beri manfaat luas kurang timbul sampah hasil energi alternatif insyaallah tahun depan milik bangkit tenaga sampah pertama indonesia jadi harap masa depan wujud indonesia bersih bebas sampah tambah perintah kabupaten bogor pandang hadir psel bogor raya kuat ekosistem bangun lanjut sekaligus dukung bijak nasional kelola lingkung hidup kolaborasi bagai pihak masuk danantara jadi kunci pasti kesiap infrastruktur lanjut program depan perintah kabupaten bogor terus awal proses final hingga tahap implementasi proyek jalan tepat waktu beri manfaat optimal masyarakat sekaligus jadi model kelola sampah modern tingkat nasional swa,Positif
video ponpes mamuju bakar duga picu korsleting bakar landa ponpes hidayatullah mamuju sulawesi barat api duga asal korsleting pos sekuriti cepat rembet jumlah bangun beberapa ruang kantor pos sekuriti hingga kelas paud ikut bakar korban jiwa peristiwa,Negatif
jamin murah harga sepeda cuma gin transmart jamin murah harga sepeda cuma gin transmart indonesia sepeda makin mati lantar milik bagai unggul mulai ramah lingkung emisi rendah hingga biaya guna lebih hemat banding kendara motor sepeda relatif lebih jangkau butuh awat minimal jawab butuh sebut transmart hadir program transmart full day sale tawar diskon tarik promo potong laku seluruh gerai transmart indonesia khusus minggu april 2026 toko buka hingga tutup pukul waktu tempat promo bagai pilih sepeda banderol jauh lebih murah wilayah pulau jawa harga turun 450 000 jadi 680 000 konsumen luar pulau jawa nikmat harga khusus 450 000 jadi 920 000 sepeda sepeda biasa dapat harga 039 200 harga normal 499 000 pulau jawa luar pulau jawa produk dapat harga 119 200 harga normal 599 000 perlu tahu sepeda laku beli partai besar diskon besar besar transmart laku langgan guna bank mega bank mega syariah bank mandiri tak diskon sebut laku bagai produk mulai butuh hari hari pakai buah buah hingga barang barang elektronik jangan lupa segera rapat transmart dekat kota dapat barang ingin harga sangat tarik source google gambas video,Positif
pajak kendara apa tahu jauh atur pajak kendara simpang siur semua kait mismanajemen fiskal level pusat menteri negeri tito karnavian perintah semua kepala daerah bebas pajak kendara muka tengah polemik kait pajak kendara motor mobil jumlah ekonom nilai atur simpang siur kait mismanajemen fiskal level pusat dasar surat edar nomor 900 3764 terbit april 2026 poin tiga bunyi ingat situasi kondisi ekonomi global sebab instabilitas sedia harga energi minyak gas dampak kondisi ekonomi negeri dukung energi baru minta gubernur ambil langkah opsi putus beri insentif fiskal upa bebas pkb bbnkb kendara motor bas baterai kepala daerah minta lapor beri insentif fiskal lampir putus gubernur lalu direktorat jenderal bina uang daerah kemendagri paling lambat tanggal mei 2026 surat edar sebut rilis atur mendagri nomor tahun 2026 sah april 2026 beleid sebut sebut jelas kena kendara motor bas baterai kendara kecuali pkb bbnkb atur sebut tulis kendara motor bas energi baru turut kecuali pajak kendara motor pkb jelas lebih lanjut jumlah ekonom nilai atur simpang siur timbul ragam tafsir nilai cipta ketidakpastian warga konsumen maupun investor dalam bbc indonesia langsung whatsapp klik sini akhir whatsapp polemik kena naik pajak mobil muka jumlah gubernur timbang mungut pajak upa pajak kendara motor pkb bea balik nama kendara motor kendara bbnkb kendara motor bas baterai salah satu gubernur jawa barat dedi mulyadi nyata rencana tarik pajak kendara pajak kendara rupa kontribusi daerah guna bangun daerah jaga stabilitas fiskal daerah gubernur dki pramono anung gubernur jawa tengah ahmad luthfi tengah kaji mendagri kemudian atur mendagri nomor tahun 2026 sah april 2026 riuh suara warga kemendagri keluar surat edar kepala pusat terang kemendagri benni irwa kata perintah daerah instruksi jadi pajak kendara target dapat daerah beri insentif bebas jadi nol kata benni ekonom universitas indonesia telisa falianty kata perintah perlu hati hati buat bijak kaji sangat matang tak picu ketidakpastian konsumen maupun investor kendara motor kait transisi energi perlu insentif tepat jadi beban tambah kelas tengah terus tekan segala sisi lalu bijak perintah direktur eksekutif celios bhima yudhistira ekonom universitas airlangga nilai ada mismanajemen fiskal kemudian korban konsumen laku usaha bahkan perintah daerah efek efisiensi anggar daerah signifikan jadi perintah daerah butuh terima kendara semua kait mismanajemen fiskal level pusat ujar bhima paling insentif bebas pajak lima tahun ade salah orang guna mobil ungkap alas pindah kendara lama tahun belakang lebih hemat operasional pakai mobil bahan bakar bensin ade habis lebih rp1 juta isi bahan bakar bulan rincian beli bensin besar rp300 000 rp400 000 tiap pekan pajak tahun mobil keluar 2021 lebih rp7 juta alih mobil operasional jauh turun perlu bayar rp60 000 hingga rp70 000 sekali isi daya hingga 100 kalau full 100 460 kilometer arti daya baterai kilometer jarak rumah kantor kilometer bolak balik habis pakai jalan kota habis minggu lah arti kan bulan tidak rp300 000 tutur ade muncul rencana bayar pajak kendara benar terlalu kejut sadar insentif pkb bbnkb rp0 lama mikirnya lima tahun lah sdah kali bayar tahun tidak kena pkb jadi cuma bayar rp200 000 administrasi swdkllj sumbang wajib dana celaka lalu lintas jalan ucap ade harap jelas rinci hitung pajak kelak insentif tiada baca pisah alfin guna mobil baru pindah mobil bahan bakar bensin hemat operasional lama biaya bensin bulan capai rp1 juta tengah kondisi ekonomi pikir pakai mobil bantu hemat kena pajak baru bayar tahun depan oleh kabar insentif pajak alfin aku sempat pikir paling hitung hitung hemat biaya operasional harap perintah daerah tangsel punya bijak insentif kata alfin bagaimana skema hitung kena pajak dasar kena pajak kendara motor sama kendara motor umum jadi implementasi hitung ikut pajak kendara motor pkb dasar kena pkb persentase atur tiap daerah misal asumsi mobil wuling air tahun 2026 pkbnya ikut rp181 650 000 rp3 633 000 bea balik nama kendara motor kendara bbnkb guna rumus rupa ikut simulasi jenis mobil sama rp181 650 000 rp22 706 250 besar pkb rujuk permendagri 2026 adapun persentase tiap daerah beda salah satu jawa barat persentase pkb bbnkb besar persentase opsen tanggung semua simulasi hitung kendara pertama beli baru apa kait mismanajemen fiskal pajak kendara direktur eksekutif celios bhima yudhistira kata mismanajemen fiskal lepas bagai program populis nila jumbo gencar perintah makan gizi gratis mbg koperasi desa merah putih lanjut ibu kota nusantara ikn hingga sekolah garuda alih alih benah sistem didik efek beban bunga utang tembus lebih rp590 triliun 2026 proyeksi perang jadi kalau tambah naik beban utang ada konflik iran bunga utang bayar lebih total terima negara sangat berat ujar bhima akibat mismanajemen dampak efisiensi anggar daerah potong transfer daerah tambal ruang fiskal kian sempit nada sampai ekonom universitas airlangga rahma gafmi jadi kan perintah pusat lalu kemendagri geser daerah beban kompensasi subsidi apbn macam strategi pusat kata rahma sisi perintah daerah tanggung jawab bangun daerah kena pajak kendara seluruh masuk kendara sempat hendak ambil daerah butuh dapat bangun lokal lebih maju tidak mungkin terap jadi gerus efisiensi belum manfaat ruang patok pajak ekonom telisa falianty tambah insentif perlu upaya kalau pajak harus rendah beban kelas tengah jepit bagai sisi,Negatif
pakar itb sorot peluang besar industri mobil indonesia pakar itb sorot peluang besar industri mobil indonesia anggun nindita editor anggun nindita dok freepik bandung itb kembang mobil indonesia tunjuk tren makin positif beberapa tahun akhir tinggi minat masyarakat kendara ramah lingkung jadi sinyal kuat transformasi tuju transportasi lanjut sedang langsung balik tumbuh sebut pakar pusat sistem transportasi lanjut institut teknologi bandung itb sekaligus dosen kelompok ahli ketenagalistrikan sekolah teknik elektro informatika stei itb agus purwadi nyata penting jaga imbang cepat adopsi teknologi kuat industri negeri beliau ungkap bagi besar mobil edar indonesia asal impor bahkan persen kendara pasar nasional dominasi produk china turut kondisi rupa wajar tahap awal kembang ekosistem kendara depan perlu strategi lebih arah indonesia jadi pasar main utama industri indonesia milik peluang besar bangun basis produksi lokal kuat laku negara ujar dok stei itb agus tambah tumbuh pasar mobil pesat perlu imbang kuat sektor manufaktur domestik masuk tingkat kandung lokal tkdn investasi riset kembang transfer teknologi data tunjuk panjang 2025 jual mobil indonesia hampir capai 100 ribu unit jumlah sebut persen rupa kendara impor bentuk utuh cbu sisa rakit negeri dok freepik meski upaya tuju mandiri industri benar mulai lihat jumlah produsen otomotif global investasi bangun fasilitas rakit indonesia jadi langkah awal tuju ekosistem lebih integrasi agus nilai bijak impor mobil rupa bagi strategi jangka panjang perintah cepat adopsi kendara implementasi perlu konsisten target kembang industri nasional impor jadi pintu masuk tarik investasi tahap ikut produksi lokal jadi fokus utama manfaat ekonomi rasa lebih luas jelas lebih jauh indonesia nilai milik unggul strategis rantai pasok kendara global utama lalu sumber daya nikel limpah bahan baku baterai potensi buka peluang besar indonesia jadi konsumen produsen utama industri kendara dunia bijak adaptif kolaborasi perintah industri akademisi kembang mobil indonesia yakin jalan iring kuat ekonomi nasional transformasi bukan soal teknologi bangun masa depan industri lanjut daya saing tinggi,Positif
cepat transisi energi mendagri dorong gubernur bebas pajak kendara kilas info kontribusi anggelina rentika karolina april 2026 baca 116 kali mmckalteng menteri negeri mendagri muhammad tito karnavian instruksi seluruh gubernur indonesia beri insentif fiskal upa bebas pajak milik kendara arah sebut tuang surat edar nomor 900 3764 beri insentif fiskal upa bebas pajak kendara motor bea balik nama kendara motor kendara motor bas baterai langkah ambil tindak lanjut atur presiden pres nomor tahun 2023 ubah atas pres nomor tahun 2019 cepat program kendara motor bas baterai battery electric vehicle transportasi jalan sekaligus tindak lanjut atur menteri negeri permendagri nomor tahun 2026 baca buka gera pangan murah kendari mendagri tekan intervensi stok beras kendali inflasi bijak tuju tingkat efisiensi energi tahan energi konservasi energi sektor transportasi wujud energi bersih jaga kualitas udara ramah lingkung instruksi keluar timbang dinamika ekonomi global sebab instabilitas sedia harga energi minyak gas dampak kondisi ekonomi negeri beri insentif upa bebas kurang pajak daerah cakup pajak kendara motor pkb bea balik nama kendara motor bbnkb adapun beri insentif kendara tahun buat 2026 tahun 2026 atur pasal permendagri nomor tahun 2026 beri insentif bebas kurang pajak daerah upa bbnkb kbl bas baterai masuk kendara motor laku konversi bahan bakar fosil jadi kbl bas baterai tulis mendagri ditandatangani rabu 2026 sebut laksana gubernur minta lapor beri insentif fiskal lampir putus gubernur negeri kemendagri lalu direktorat jenderal ditjen bina uang daerah uda paling lambat mei 2026 sumber puspen kemendagri rupa salah satu kontributor multimedia center provinsi kalimantan tengah,Positif
atur baru pajak kendara buka ruang insentif daerah tarif nol rupiah ikpi perintah tetap bijak baru kait pajak kendara lalu atur menteri negeri nomor tahun 2026 atur besar pajak kendara masuk kendara bas baterai regulasi sebut kendara kini masuk objek pajak kendara motor pkb bea balik nama kendara motor bbnkb ubah tanda sesuai sistem paja kendara indonesia menteri uang purbaya yudhi sadewa jelas meski status ubah jadi objek pajak besar pajak kena merta tinggi bahkan tarif sangat rendah hingga nol rupiah besar pajak sangat kecil bahkan nol gantung bijak daerah masing masing ujar selasa 2026 tentu kena fleksibilitas atur pasal pasal sebut perintah daerah beri wenang tentu bentuk insentif beri milik kendara bijak buka ruang masing masing daerah sesuai strategi fiskal baik dorong guna kendara ramah lingkung maupun jaga terima daerah ada wenang sebut bijak pajak kendara depan sifat seragam nasional daerah milik dekat beda sesuai butuh prioritas masing masing satu sisi fleksibilitas nilai cepat adopsi kendara daerah agresif beri insentif sisi beda bijak antarwilayah potensi cipta variasi beban pajak masyarakat perintah pusat tetap buka ruang koordinasi perintah daerah bijak ambil tetap jalan arah transisi energi nasional kembang kendara indonesia,Positif
jelas pln soal madam siang jumlah wilayah alami madam kamis april 2026 mulai pukul hingga pukul rupa jadi dua bulan sama madam rupa jadi april 2026 ganggu jadi bagi utara pusat selatan ramai keluh warga lalu media sosial pln persero nyata madam picu ganggu suplai scroll bawah lanjut baca iklan pln sedang laksana giat baik bangkit perlu atur operasional manajemen beban bagi wilayah tulis pln senior manager komunikasi umum pln unit induk distribusi raya haris andika kata proses pulih laku sejak awal ganggu jadi baik lalu sistem kontrol maupun tangan langsung lapang tim teknis sedang laku tangan intensif pulih seluruh sistem listrik ujar terang tulis haris proses tangan laku paralel telusur sumber ganggu pln imbau masyarakat tetap tenang pengaruh informasi verifikasi kembang pulih sampai kala lalu aplikasi pln mobile nomor pusat pln 123 sektor transportasi kai commuter pasti operasional krl tetap jalan normal operasional jalan commuter line ganggu atas jadi padam kata manager public relations kai commuter leza arlan kutip meski madam dampak ganggu lampu lalu lintas jumlah titik picu padat kendara tmc polda metro jaya sebut tugas kerah atur arus lalu lintas belum madam sempat jadi jumlah wilayah kamis malam april 2026 ganggu sebut bahkan dampak operasional transportasi masuk layan mrt sempat alami kendala akibat pasok pln pilih editor rawan curang seleksi manajer koperasi merah putih,Negatif
keliru kode token gratis tiga bulan unggah facebook arsip klaim ada kode tentu beri layan gratis lama tiga bulan video sebut isi tutorial orang masuk jumlah angka meter konten muat informasi isi token rp20 000 kode sebut buat daya tahan hingga tiga bulan pakai scroll bawah lanjut baca iklan benar kode token video sebut sedia gratis tiga bulan periksa fakta tim cek fakta wawancara dosen teknik elektro pihak pln banding sumber kredibel hasil kode tentu hasil layan gratis lama tiga bulan manager pln unit layan langgan ulp lamongan jawa timur selamet nyata teknis cara sebut buat token tahan hingga tiga bulan informasi sebut benar kata selamet selasa april 2026 dosen teknik elektro universitas riau iswadi hasyim rosma nyata cara sebut mustahil jadi pasti pln rugi pln rugi besar kata iswadi program pln gratis tiga bulan program pln gratis tiga bulan diskon persen pernah laku 2020 bijak tuju ringan beban ekonomi masyarakat akibat pandemi covid langgan pascabayar ringan langsung potong tagih rekening mei juta langgan prabayar akses token lalu website layan whatsapp catat bijak presiden joko widodo mulai laku april 2020 banyak juta langgan daya 450 volt ampere nikmat program sebut pln beri diskon persen juta langgan daya 900 subsidi ringan tarif laku lama tiga bulan april mei juni 2020 hingga tahun pln milik program gratis tiga bulan simpul verifikasi simpul klaim kode token buat gratis tiga bulan keliru tim cek fakta punya informasi klaim cek fakta hubung chatbot layang kritik berat masuk artikel cek fakta lalu email email protected,Netral
siap insentif beli motor kontan perintah tengah siap bijak insentif beli motor rencana laku 2026 program tahap awal rumus mulai bahas lintas menteri uang purbaya yudhi sadewa ungkap nilai subsidi sedang kaji kisar juta per unit skema beri bantu nanti laku sekaligus tahap sesuai kesiap anggar negara,Positif
minta maaf pln pasti mati bagi pulih pln persero sampai mohon maaf usai alir beberapa wilayah sempat mati pukul hari kondisi sebab ketidaknyamanan masyarakat senior manager komunikasi umum pln uid raya haris andika tegas pihak terus kuat sistem listrik indonesia pln terus upaya kuat andal sistem listrik sampai mohon maaf atas ketidaknyamanan jadi ujar haris terang tulis kamis 2026 haris bilang pihak laku baik sejak ganggu sebut jadi kata mulai pukul sistem listrik jumlah wilayah pulih bagi besar langgan dampak nikmat pasok pukul persen lain hasil pulih pukul kata haris tambah mati tadi jadi gardu induk alami ganggu adapun total sistem listrik wilayah sekitar topang gardu induk langgan butuh informasi layan pln akses aplikasi pln mobile contact center pln 123 pungkas haris hrp,Netral
bbm naik tarif april 2026 ikut naik rinciannya bbm nonsubsidi tiba tiba naik padahal belum indonesia sempat jaga tarif tetap stabil tengah krisis energi global laku tarif tarif per kwh pekan hingga april 2026 putus alami sesuai tarif laku acu harga kuartal 2026 lansir postingan akun pln tbe putus sebut ambil perintah jaga stabilitas ekonomi nasional daya beli masyarakat pln terus komitmen jaga andal hulu hingga hilir aktivitas masyarakat tetap nyaman produktif mekanisme tetap tarif tetap tarif laku sembarang perintah acu atur menteri esdm nomor tahun 2024 atur mekanisme tarif tenaga pln persero regulasi sebut jelas tarif khusus langgan nonsubsidi evaluasi tiga bulan sesuai tarif dasar jumlah indikator ekonomi makro kuartal 2026 hitung tarif guna data periode november 2025 hingga januari 2026 kondisi ikut nilai tukar rupiah 743 per dolar harga minyak mentah indonesia icp dolar per barel inflasi persen harga batu bara acu hba dolar per ton hitung tarif benar potensi alami ubah perintah pilih naik tarif jaga stabil ekonomi dukung daya saing industri tengah ketidakpastian global tarif per kwh hingga april 2026 lansir laman pln ikut rincian tarif per kwh hingga april 2026 rumah tangga nonsubsidi 900 352 per kwh 300 444 per kwh 200 444 per kwh 500 500 699 per kwh 600 699 per kwh bisnis perintah 600 200 kva 444 per kwh kantor perintah 699 per kwh terang jalan umum 699 per kwh langgan subsidi 450 415 per kwh 900 subsidi 605 per kwh 900 rtm 352 per kwh 300 200 444 per kwh 500 699 per kwh,Positif
perintah buru pajak tol hingga kendara apa ajar artikel jasa jalan tol kena ppn apa dampak hapus pajak persen kendara perintah tetap kejar pajak baru tengah tekan ekonomi bagaimana risiko inflasi akibat bijak pajak baru apa opsi ambil pajak pajak sebut jasa jalan tol kena ppn perintah rencana mungut pajak tambah nilai ppn besar persen atas jasa jalan tol target mulai laku 2028 rencana tuang dokumen rencana strategis direktorat jenderal pajak djp 2025 2029 bagi upaya luas basis pajak lebih adil landas hukum sedia harmonisasi atur paja hpp mana jasa jalan tol masuk daftar non obyek ppn tuju utama bijak tingkat terima negara tutup defisit apbn asumsi total dapat jalan tol nasional capai triliun 2026 potensi ppn raup negara kira capai triliun per tahun perintah pandang jalan tol jasa komersial beri manfaat ekonomi langsung nilai tambah guna penuh kriteria obyek pajak konsumsi wacana picu khawatir besar efek domino ekonomi laku usaha logistik ingat ppn tol naik biaya transportasi signifikan akhir beban konsumen akhir lalu naik harga barang bijak nilai kurang tepat sasar jalan tol rupa infrastruktur publik dorong turun biaya logistik nasional bukan justru beban pajak tambah apa dampak hapus pajak persen kendara momentum transisi energi indonesia hadap tantang baru terbit atur menteri negeri nomor tahun 2026 atur hapus mandat pajak persen otomatis kendara belum jadi magnet utama konsumen alih kendara bahan bakar fosil kini kena pajak kendara motor pkb bea balik nama bbnkb kendara serah bijak perintah daerah masing masing hapus insentif otomatis khawatir naik harga the road kendara besar persen hingga persen sangat krusial pasar indonesia tahap awal tumbuh standar insentif minimum nasional minat masyarakat adopsi teknologi ramah lingkung prediksi turun drastis bijak nilai regresi regulasi rusak ekosistem industri baru tumbuh masyarakat kecil kemudi ojek daring alih motor biaya operasional pajak ringan wacana pajak baru rasa perangkap rasa beban tengah situasi ekonomi sulit utama insentif jadi alas utama alih energi hijau justru mulai cabut perintah tetap kejar pajak baru tengah tekan ekonomi alas dasar balik agresivitas perintah cari obyek pajak baru tekan luar biasa terima negara perintah target terima pajak tahun 2026 besar 357 triliun capai angka sebut otoritas fiskal rasa perlu rambah bagai sektor milik potensi pasu besar lama garap optimal masuk jasa jalan tol sesuai pajak kendara butuh anggar dapat argumen kena lanjut fiskal tingkat daerah perintah daerah perintah provinsi jawa barat dapat pajak kendara motor masuk kendara rupa instrumen penting dapat asli daerah pad dana sebut sangat butuh biaya bangun infrastruktur jalan fasilitas publik lain nikmat guna kendara tampak sekali perintah kes bingung cari sumber dapat abai konsistensi bijak inkonsistensi utama insentif kendara anggap rusak percaya pasar iklim investasi jangka panjang perintah saran lebih fokus tekan bocor anggar baik sistem subsidi bbm lebih tepat sasar beban pajak baru sektor sektor sedang dorong tumbuh bagaimana risiko inflasi akibat bijak pajak baru jumlah pihak ingat kena ppn jalan tol pajak kendara jadi picu naik inflasi inflationary pressure tambah beban pajak jalan tol otomatis tingkat biaya logistik nasional hampir semua rantai pasok barang indonesia guna jalur darat naik biaya transportasi logistik langsung terus harga pangan butuh pokok pasar guna jalan tol pribadi tambah ppn makin tekan daya beli masyarakat kelas tengah lama jadi mesin utama konsumsi nasional biaya mobilitas hari tingkat masyarakat kurang keluar sektor akhir lambat tumbuh ekonomi seluruh waktu terap pajak baru nilai sangat tepat ingat kondisi ekonomi rakyat sedang tekan akibat krisis energi global strategi jalan pintas kena pajak layan publik tol anggap bijak banyak kalang perintah dorong laku simulasi matang kena dampak sosial ekonomi benar benar implementasi atur sebut 2028 kelola hati hati bijak picu gaduh tengah masyarakat cipta lesu ekonomi kontraproduktif target terima negara sendiri apa opsi ambil pajak pajak sebut lihat besar tolak ppn tol pajak ahli saran perintah timbang alternatif sumber dapat lebih adil salah satu usul muka terap windfall tax sektor sumber daya alam sda pajak sasar untung luar biasa dapat usaha akibat naik harga komoditas global minyak batubara langsung beban rakyat kecil perintah minta lebih berani target pajak lebih besar kelompok konglomerat kuat kapasitas pajak lalu reformasi administrasi optimalisasi sistem paja tambah obyek baru masyarakat tengah bawah nilai lebih pihak prinsip adil sosial sesuai amanat konstitusi baik sistem subsidi bbm nikmat guna kendara mewah pandang solusi lebih desak mungut ppn tol akhir hasil bijak pajak sangat gantung mau politik depan penting umum perintah perlu imbang butuh tutup defisit anggar lindung daya beli masyarakat ada baik layan publik nyata konsistensi regulasi rencana pajak pajak baru anggap beban tambah cedera semangat resiliensi ekonomi lama gaung apa ajar artikel jasa jalan tol kena ppn apa dampak hapus pajak persen kendara perintah tetap kejar pajak baru tengah tekan ekonomi bagaimana risiko inflasi akibat bijak pajak baru apa opsi ambil pajak pajak sebut jasa jalan tol kena ppn perintah rencana mungut pajak tambah nilai ppn besar persen atas jasa jalan tol target mulai laku 2028 rencana tuang dokumen rencana strategis direktorat jenderal pajak djp 2025 2029 bagi upaya luas basis pajak lebih adil landas hukum sedia harmonisasi atur paja hpp mana jasa jalan tol masuk daftar non obyek ppn tuju utama bijak tingkat terima negara tutup defisit apbn asumsi total dapat jalan tol nasional capai triliun 2026 potensi ppn raup negara kira capai triliun per tahun perintah pandang jalan tol jasa komersial beri manfaat ekonomi langsung nilai tambah guna penuh kriteria obyek pajak konsumsi wacana picu khawatir besar efek domino ekonomi laku usaha logistik ingat ppn tol naik biaya transportasi signifikan akhir beban konsumen akhir lalu naik harga barang bijak nilai kurang tepat sasar jalan tol rupa infrastruktur publik dorong turun biaya logistik nasional bukan justru beban pajak tambah apa dampak hapus pajak persen kendara momentum transisi energi indonesia hadap tantang baru terbit atur menteri negeri nomor tahun 2026 atur hapus mandat pajak persen otomatis kendara belum jadi magnet utama konsumen alih kendara bahan bakar fosil kini kena pajak kendara motor pkb bea balik nama bbnkb kendara serah bijak perintah daerah masing masing hapus insentif otomatis khawatir naik harga the road kendara besar persen hingga persen sangat krusial pasar indonesia tahap awal tumbuh standar insentif minimum nasional minat masyarakat adopsi teknologi ramah lingkung prediksi turun drastis bijak nilai regresi regulasi rusak ekosistem industri baru tumbuh masyarakat kecil kemudi ojek daring alih motor biaya operasional pajak ringan wacana pajak baru rasa perangkap rasa beban tengah situasi ekonomi sulit utama insentif jadi alas utama alih energi hijau justru mulai cabut perintah tetap kejar pajak baru tengah tekan ekonomi alas dasar balik agresivitas perintah cari obyek pajak baru tekan luar biasa terima negara perintah target terima pajak tahun 2026 besar 357 triliun capai angka sebut otoritas fiskal rasa perlu rambah bagai sektor milik potensi pasu besar lama garap optimal masuk jasa jalan tol sesuai pajak kendara butuh anggar dapat argumen kena lanjut fiskal tingkat daerah perintah daerah perintah provinsi jawa barat dapat pajak kendara motor masuk kendara rupa instrumen penting dapat asli daerah pad dana sebut sangat butuh biaya bangun infrastruktur jalan fasilitas publik lain nikmat guna kendara tampak sekali perintah kes bingung cari sumber dapat abai konsistensi bijak inkonsistensi utama insentif kendara anggap rusak percaya pasar iklim investasi jangka panjang perintah saran lebih fokus tekan bocor anggar baik sistem subsidi bbm lebih tepat sasar beban pajak baru sektor sektor sedang dorong tumbuh bagaimana risiko inflasi akibat bijak pajak baru jumlah pihak ingat kena ppn jalan tol pajak kendara jadi picu naik inflasi inflationary pressure tambah beban pajak jalan tol otomatis tingkat biaya logistik nasional hampir semua rantai pasok barang indonesia guna jalur darat naik biaya transportasi logistik langsung terus harga pangan butuh pokok pasar guna jalan tol pribadi tambah ppn makin tekan daya beli masyarakat kelas tengah lama jadi mesin utama konsumsi nasional biaya mobilitas hari tingkat masyarakat kurang keluar sektor akhir lambat tumbuh ekonomi seluruh waktu terap pajak baru nilai sangat tepat ingat kondisi ekonomi rakyat sedang tekan akibat krisis energi global strategi jalan pintas kena pajak layan publik tol anggap bijak banyak kalang perintah dorong laku simulasi matang kena dampak sosial ekonomi benar benar implementasi atur sebut 2028 kelola hati hati bijak picu gaduh tengah masyarakat cipta lesu ekonomi kontraproduktif target terima negara sendiri apa opsi ambil pajak pajak sebut lihat besar tolak ppn tol pajak ahli saran perintah timbang alternatif sumber dapat lebih adil salah satu usul muka terap windfall tax sektor sumber daya alam sda pajak sasar untung luar biasa dapat usaha akibat naik harga komoditas global minyak batubara langsung beban rakyat kecil perintah minta lebih berani target pajak lebih besar kelompok konglomerat kuat kapasitas pajak lalu reformasi administrasi optimalisasi sistem paja tambah obyek baru masyarakat tengah bawah nilai lebih pihak prinsip adil sosial sesuai amanat konstitusi baik sistem subsidi bbm nikmat guna kendara mewah pandang solusi lebih desak mungut ppn tol akhir hasil bijak pajak sangat gantung mau politik depan penting umum perintah perlu imbang butuh tutup defisit anggar lindung daya beli masyarakat ada baik layan publik nyata konsistensi regulasi rencana pajak pajak baru anggap beban tambah cedera semangat resiliensi ekonomi lama gaung,Netral
hoaks presiden prabowo promosi mobil nila rp500 000 tribratanews polri viral media sosial buah unggah video klaim presiden prabowo subianto klaim promosi program mobil murah rp500 000 ada selebritas raffi ahmad fakta klaim video presiden prabowo promosi program mobil murah rp500 000 hoaks lansir jumat tak temu konten kait presiden prabowo subianto klaim promosi program mobil murah rp500 000 ada selebritas raffi ahmad video presiden prabowo subianto promosi program mobil murah rp500 000 rupa hasil manipulasi suara presiden prabowo subianto video deteksi hasil cerdas buat artificial intelligence,Netral
pln buka suara soal ganggu jumlah wilayah pln buka suara soal ganggu jumlah wilayah pln persero buka suara kait ganggu listrik jadi jumlah wilayah sejak pukul tambang pln persero buka suara kait ganggu listrik jadi jumlah wilayah sejak pukul pln persero tengah gerak laku pulih sistem listrik ganggu jadi bagi wilayah sejak pukul ungkap senior manager komunikasi umum pln unit induk distribusi raya haris andika terang tulis kamis haris jelas pihak telusur sebab madam sebut tengah proses normal baik sisi pasok maupun sistem kontrol lapang tahap proses normal pasok laku pln baik sistem kontrol maupun lapang sejak awal jadi ganggu tim teknis sedang laku tangan intensif pulih seluruh sistem listrik jelas paralel proses pulih pln telusur sumber sebab ganggu jadi imbuh pln imbau masyarakat tetap tenang pengaruh informasi dipertanggungjawabkan seluruh personel terus siaga upaya pasok segera normal pln sampai informasi kembang proses pulih kala sistem listrik lalu aplikasi pln mobile contact center pln 123 pungkas,Netral
video intip pabrik vinfast vietnam proses motor cepat vinfast produsen otomotif asal vietnam tunjuk serius industri kendara lihat proses produksi scooter pabrik hai phong vietnam pabrik produksi ribu unit scooter bagai model proses produksi guna jalur rakit otomatis efisien pabrik vietnam mampu produksi 500 000 unit per tahun target global vinfast capai 000 000 unit per tahun tambah pabrik indonesia india kapasitas produksi masif standar kualitas ketat vinfast siap saing pasar motor indonesia bagaimana turut motor vinfast populer tanah air,Positif
hitung biaya charge mobil spklu biaya charge mobil spklu tarif baru cara hitung diterbitkan24 apr 2026 kembang kendara indonesia makin pesat iring tingkat sadar masyarakat teknologi kendara lebih modern salah satu fasilitas penting dukung guna kendara stasiun isi kendara umum spklu autofamily guna mobil paham biaya charge mobil spklu jadi penting langsung simak informasi bawah cek promo tarik mobil toyota auto2000 digiroom berapa biaya charge mobil spklu tarif isi daya kendara spklu atur perintah lalu atur menteri energi sumber daya mineral esdm nomor tahun 2023 atur tetap tarif dasar isi kendara biaya tambah teknologi isi cepat isi daya normal spklu tarif guna rp2 466 per kwh arti energi besar satu kilowatt hour guna isi baterai kendara kena tarif sebut ikut gambar tarif tambah layan sebut fast charging biaya layan tambah rp25 000 per isi ultra fast charging biaya layan tambah hingga rp57 000 per isi baca mobil 700 juta cara hitung biaya charge mobil spklu tahu estimasi biaya charge mobil spklu guna hitung sederhana dasar kapasitas baterai kendara tarif per kwh laku umum rumus guna total biaya isi kapasitas baterai kwh tarif per kwh biaya tambah layan guna fast ultra fast charging rumus bantu autofamily kira butuh kendara laku isi daya spklu lebih mudah paham ikut contoh simulasi hitung guna kapasitas baterai beda contoh hitung isi normal misal buah mobil milik kapasitas baterai kwh laku isi guna metode normal charging spklu hitung ikut kwh rp2 466 rp98 640 arti baterai kendara isi hingga penuh metode isi normal estimasi biaya guna nilai sebut contoh hitung guna fast charging contoh ikut mobil kapasitas baterai kwh guna layan fast charging hitung jadi rp2 466 rp25 000 rp98 640 rp25 000 rp123 640 tambah biaya sebut asal layan isi cepat mungkin baterai kendara isi lebih cepat banding metode normal charging simulasi tunjuk biaya charge mobil spklu sangat pengaruh kapasitas baterai kendara jenis layan isi daya guna faktor pengaruh biaya charge mobil spklu tarif laku beberapa faktor pengaruh butuh laku isi daya kendara spklu beberapa faktor sebut kapasitas baterai mobil tentu jumlah energi perlu isi penuh jenis teknologi charger guna normal charging fast charging ultra fast charging persentase baterai mulai charging baterai hampir kosong butuh energi lebih besar isi penuh efisiensi sistem isi daya semua energi langsung simpan baterai kendara durasi guna kendara utama kendara sering guna jalan jarak jauh lokasi spklu beberapa fasilitas milik teknologi isi beda baca solid state battery teknologi masa depan mobil berapa lama charging mobil ikut beberapa metode isi daya umum guna kendara slow charging isi rumah metode slow charging biasa laku guna charger rumah daya hingga metode rupa cara isi paling umum guna milik kendara rumah waktu butuh isi baterai kendara hingga penuh biasa kisar hingga jam gantung kapasitas baterai kendara proses langsung cukup lama metode sering laku malam hari kendara guna fast charging spklu metode fast charging umum sedia spklu kapasitas daya hingga teknologi mungkin isi baterai kendara langsung jauh lebih cepat banding slow charging kondisi normal isi baterai hingga laku waktu hingga jam buat fast charging jadi pilih cukup praktis sedang laku jalan jauh ultra fast charging teknologi ultra fast charging rupa metode isi daya paling cepat sedia charger jenis milik daya sangat besar biasa kisar 100 hingga 350 teknologi sebut baterai kendara isi hingga waktu hingga menit perlu tahu waktu isi kendara selalu sama kondisi baterai kapasitas charger jumlah kendara laku isi daya sama pengaruh lama proses charging dapat suku cadang orisinal kualitas auto2000 digiroom alam kendara modern temu mobil toyota auto2000 autofamily tarik guna kendara teknologi canggih toyota hadir bagai pilih kendara modern dukung mobilitas hari hari salah satu model mobil toyota timbang toyota bz4x rancang teknologi elektrifikasi baru fitur kendara makin inovatif lalu auto2000 temu bagai informasi lengkap kena kendara toyota mulai lihat spesifikasi mobil jadwal test drive hingga laku servis toyota profesional kunjung auto2000 digiroom sekarang temu alam kendara lebih modern nyaman informasi konten artikel alami ubah beda sesuai kembang situasi strategi bisnis maju teknologi bijak tentu pemberitahuan lebih promo kait lihat semuaartikel lain lihat semuashare with auto2000 digiroom dealer toyota besar indonesia layan jaring jasa jual awat baik sedia suku cadang toyota besar seluruh indonesia,Positif
esdm pln dalam sebab madam energi sumber daya mineral esdm koordinasi pln persero soal madam langsung banyak kali bulan nyata sampai wakil menteri esdm yuliot tanjung tim ditjen direktorat jenderal ketenagalistrikan laku koordinasi pln mati sebab apa kata yuliot kutip jumat april 2026 kata tim ditjen ketenagalistrikan ada lapang laku investigasi ihwal sebab mati scroll bawah lanjut baca iklan yuliot nilai mungkin ganti alat jumlah gardu induk curiga jadi sebab madam sebab mati selesai masuk mungkin ganti alat beberapa gardu induk tutur lama april alami kali madam jadi pertama jadi kamis april lalu pln kata ganggu sumber sistem jumlah gardu induk sebab pasok henti wilayah dampak lalu madam jadi kamis april kemarin mulai pukul hingga pukul ganggu jadi bagi utara pusat selatan pilih editor bagaimana sulit mungut pajak kaya,Negatif
ganggu jadi hampir seluruh wilayah bagi bekas kata pln jelang pukul siang tadi jadi ganggu serentak hampir seluruh wilayah bagi wilayah bekas lini media sosial pln banjir bagai tanya warga net kondisi listrik ganggu hampir bersamaaan informasi terima dunia energi ganggu jadi utara pusat timur hingga utara haris andika senior manager komunikasi umum pln unit induk distribusi raya jelas pln persero tengah gerak laku pulih sistem listrik ganggu jadi bagi wilayah sejak pukul tahap proses normal pasok laku pln baik sistem kontrol maupun lapang sejak awal jadi ganggu tim teknis sedang laku tangan intensif pulih seluruh sistem listrik kata harris terang dunia energi kamis paralel kata proses pulih pln telusur sumber sebab ganggu jadi pln imbau masyarakat tetap tenang pengaruh informasi dipertanggungjawabkan seluruh personel terus siaga upaya pasok segera normal pln sampai informasi kembang proses pulih kala sistem listrik lalu aplikasi pln mobile contact center pln 123 ujar harris,Negatif
purbaya usul motor insentif tahun menteri uang menkeu purbaya yudhi sadewa usul program insentif motor laku tahun insentif sebut rencana kucur tahap tahap awal program target cakup juta unit sepeda motor usul kasih insentif baru dulu pertama juta jual motor kan tidak semua sekaligus lihat tahap baru coba buat program ujar purbaya taklimat media jumat purbaya jelas program sebut tahap kaji bahas lebih lanjut sama menteri industri agus gumiwang kartasasmita menteri koordinator bidang ekonomi airlangga hartarto kaji awal arah beri subsidi rp5 juta per unit besar sebut potensi ubah iring proses final bijak baca mendagri minta gubernur bebas pajak kendara bicara berapa jumlah motor subsidi timbang tunjuk apa jelas diskusi dulu menteri industri menko ekonomi lapor presiden sesuai tunjuk waktu ucap purbaya kata insentif sebut siap bagi rencana perintah ganti seluruh sepeda motor konvensional indonesia motor bijak jalan target perintah konversi tahap 120 juta sepeda motor bahan bakar bensin jadi motor tiga hingga empat tahun depan program dorong presiden prabowo subianto tuju cepat transisi energi bersih sekaligus tekan beban subsidi bbm baca kaltim buka layan isi daya ojek daring warta bayu saputraeditor imam santoso copyright 2026 larang keras ambil konten laku crawling indeks otomatis situs web izin tulis kantor berita,Positif
tambah biaya tahun mobil dasar atur baru lama beberapa tahun akhir milik mobil indonesia senyum lebar lihat lembar pajak stnk pasal tarif pajak kendara motor pkb tera biasa nol rupiah alias gratis era sebut pasuk babak baru lewat permendagri nomor tahun 2026 perintah kini tetap dasar hitung pajak kendara motor kbl bas baterai mobil gratis hitung pajak jadi objek pajak hitung tara mobil konvensional baca pajak denza insentif kini dekat toyota alphard lantas insentif beri penuh perintah daerah berapa benar tambah biaya tahun siap milik perlu paham dasar kena pkb atur baru hasil kali nilai jual kendara motor njkb bobot koefisien kategori mobil tumpang paling banyak edar indonesia ikut koefisien ambil contoh simulasi guna byd masuk kategori minibus njkb mobil tetap besar 350 000 000 dasar kena pkb nya 350 000 000 050 367 500 000 baca strategi hyundai hadap lonjak harga solar non subsidi rujuk tarif pkb milik pertama wilayah dki besar persen potensi pajak tahun muncul 367 500 000 350 000 angka juta ini jadi nilai asli pajak mobil sebut insentif banding atur lama permendagri 2025 angka otomatis jadi nol meski angka atas lihat besar pasal atur jadi selamat perintah daerah beri wewenang beri insentif upa bebas kurang perlu digarisbawahi konsumen kata kurang nanti perintah daerah beri insentif kurang besar persen milik mobil tetap bayar sisa persen simulasi byd tadi milik siap dana 735 000 per tahun pkb masuk biaya administrasi stnk swdkllj komitmen beri fakta jernih percaya imbang dukung lanjut jurnalisme jernih nikmat nyaman baca iklan lalu membership gabung plus sekarang,Positif
indonesia award 2026 sukses gelar ikut daftar terima harga indonesia indonesia award 2026 sukses gelar hari hotel mulia senayan rabu 2026 indonesia award 2026 selenggara majalah indonesia mli beri harga usaha bagai sektor listrik antara usaha bangkit ipp usaha epc usaha produk listrik konsultan infrastruktur listrik usaha energi primer usaha energy supply chain ikut daftar terima harga indonesia award 2026 serah adi priyanto direktur retail niaga pln persero sks kalimantan predikat excellence performance reliability electricity supply kalimantan huadian bukit asam power predikat the most popular ipp company with sustainable strategy pln persero puslitbang ketenagalistrikan predikat leading hub for electricity innovation and technology transfer pln indonesia power predikat the most innovative power generation company developing green energy ormat geothermal indonesia predikat key player national geothermal project expansion strengthening regional economic growth bukit bangkit innovative predikat excellence energy efficiency management power generation pln nusantara renewables predikat pioneer utility scale floating solar development sumber segara primadaya predikat leading ipp for sustainable environment and community serah senda hurmuzan kanam direktur energi baru ebtke ebara turbomachinery services indonesia predikat top provider turbomachinery solutions the power sector cannet elektrik indonesia predikat established supplier high accuracy electrical meters for utility and industrial global energi lestari predikat trusted coal company sustainable resource management metalindo teratai putra metatera predikat adaptive company the electricity sector pln indonesia power ubp suralaya predikat top non ipp company renewable integration for coal power plant asuransi central asia predikat leading insurance partner for energy infrastructure mega power teknindo predikat excellence and trusted high voltage electrical solution provider voksel electric tbk predikat excellence global exporter high quality power cable solutions serah herman darnel ibrahim ketua dewan pakar indonesia tokoh listrik arsyadany ghana akmalaputri predikat women energy leadership excellence serah sripeni inten cahyani anggota dewan energi nasional elsewedy electric indonesia predikat global excellence power transformer manufacturing emm indonesia predikat recognition outstanding achievement upstream energy sector pln electricity services predikat outstanding electricity service acceleration development layar bahtera adhiguna predikat reliable and sustainable primary energy transportation company pln nusa daya predikat companies supporting clean and sustainable energy transition paguntaka cahaya nusantara predikat excellence professional workforce for power sector tridaya coal resources predikat excellence performance coal trading and distribution pln nusantara power services predikat outstanding achievement smart power management services serah wiluyo kusdwiharto dewan pakar indonesia symphos electric predikat the most competitive electric transformer manufacturer pln nusantara power rembang predikat excellence energy transition through green initiatives pln indonesia power ubp priok predikat outstanding commitment green power and clean energy pln indonesia power services predikat excellence power plant maintenance energy management indonesia predikat strategic enabler green infrastructure datang dssp power indonesia predikat top power generation company for sustainable growth era inovasi otomotif xpeng indonesia predikat xpeng pro the most efficient premium electric vehicle pln enjiniring predikat leading contributor indonesia charging infrastructure serah adi priyanto direktur retail niaga pln persero special award prof konstantin papailou cigre predikat recognition his distinguished global leadership and outstanding contributions overhead transmission line engineering the indonesian cigre community serah iwa garniwa rektor pln sumber usaha radiator predikat outstanding cooling solution provider company for energy industry gheni artha sejahtera predikat the most committed company hydrogen development indonesia prima indah lestari predikat excellence time critical project delivery kaji logam persada predikat pioneer mill part maintenance using hardfacing and boiler tube maintenance using arc spray and ceramic coating indonesia reethau dharma andal predikat excellence providing integrated clean energy energi quarto indonesia predikat excellence integrated solutions for power plant efficiency and reliability citra nusantara gemilang tbk predikat energy company committed strengthening the supply environmentally friendly energy eaton industries predikat leading ups solutions for critical facilities serah milton pakpahan dewan pakar indonesia indonesia solar global predikat indonesia leading solar module manufacturer with high local content shell indonesia predikat excellence lubricant producer providing solution for power plants geo dipa energi persero predikat distinguished initiator geothermal based green economy development for rural communities signify indonesia predikat the most innovative and sustainable professional lighting company rime energy jaya predikat most reputable and best performer electrical industry pln indonesia power ubp pelihara predikat top operation maintenance excellence power generation support surya energi indotama predikat best solar energy solutions for small large scale tri energi karya predikat leading company charging solutions serah riki ibrahim dewan pakar indonesia gaya makmur mobil predikat top electric dump truck suppliers for mining and logistics sector andal mutu energi predikat excellence service commitment electrical and energy certification pln energi gas predikat leading commitment reliable and sustainable operations wuling motors predikat leading automotive company accelerating electric car adoption persero tbk predikat reliable and efficient epc company power generation reinhausen indonesia predikat global leader high performance electrical systems and power solutions perum jasa tirta predikat renewable energy development through dam infrastructure optimization anhe konstruksi indonesia predikat excellence hydropower engineering challenges serah herman darnel ibrahim ketua dewan pakar indonesia united tractors tbk predikat leading company renewable energy business strategies korindo energy predikat excellence and trusted energy solutions provider retro daya engineering predikat excellence power safety and reliability innovation sintra sinarindo elektrik predikat excellence transformer manufacturing for global market pupuk indonesia utilitas predikat excellence powering industry pln energi primer indonesia predikat excellence primary energy management transition sumber energi surya nusantara predikat industrial decarbonization through scalable solar energy anhe konstruksi indonesia predikat premier engineering company for large scale hydropower projects unelec indonesia predikat excellence quality power equipment manufacturer solutions,Positif
dukung transisi energi mendagri minta pajak kendara hapus menteri negeri mendagri muhammad tito karnavian instruksi seluruh gubernur indonesia beri insentif fiskal upa bebas pajak milik kendara instruksi sebut tuang surat edar nomor 900 3764 beri insentif fiskal upa bebas pajak kendara motor bea balik nama kendara motor kendara motor bas baterai arah rupa tindak lanjut atur presiden pres nomor tahun 2023 ubah atas pres nomor tahun 2019 cepat program kendara motor bas baterai battery electric vehicle transportasi jalan sekaligus tindak lanjut atur menteri negeri permendagri nomor tahun 2026 tito jelas insentif beri upa bebas kurang pajak daerah liput pajak kendara motor pkb bea balik nama kendara motor bbnkb beri insentif bebas kurang pajak daerah upa bbnkb kbl bas baterai masuk kendara motor laku konversi bahan bakar fosil jadi kbl bas baterai ujar tito terang tulis kamis 2026 langkah sebut ambil dorong efisiensi energi kuat tahan energi dukung konservasi energi sektor transportasi bijak tuju cepat transisi tuju energi bersih jaga kualitas udara lebih ramah lingkung instruksi timbang dinamika ekonomi global dampak ketidakstabilan sedia harga energi khusus minyak gas turut pengaruh kondisi ekonomi negeri adapun beri insentif kendara produksi tahun 2026 belum atur pasal permendagri nomor tahun 2026 laksana gubernur minta lapor beri insentif fiskal lampir putus gubernur negeri kemendagri lalu direktorat jenderal ditjen bina uang daerah uda paling lambat mei 2026 lihat video waktu bulan madu habis mobil manja,Positif
gulkarmat minta siap sop tangan bakar kendara gulkarmat minta siap sop tangan bakar kendara anggota komisi dprd dki mohamad ongen sangaji minta dinas tanggulang bakar selamat gulkarmat siap standar operasional prosedur sop khusus tangan bakar kendara tangan beda ongen nilai hingga sedia alat madam api ringan apar efektif atas bakar sumber baterai kendara kondisi sebut nilai potensi bahaya hasil zat racun ancam selamat jadi bakar mobil tangan beda hari apar madam baterai bahaya timbul zat racun ujar ongen minggu bappeda kaji identifikasi risiko mitigasi kendara listrikdikatakan ongen dinas gulkarmat perlu segera siap langkah antisipatif masuk cari metode tangan tepat kata jumlah kendara ibu kota terus tingkat butuh kesiapsiagaan lebih baik turut dinas gulkarmat laku jumlah upaya antara studi banding luar negeri ajar tangan bakar kendara komisi lanjut dukung penuh inovasi laku dinas gulkarmat tegas standar tangan tetap perlu acu bijak perintah pusat dki dorong sangkut selamat warga iring makin banyak guna mobil tandas belum badan rencana bangun daerah bappeda mulai laku riset bencana tahun 2026 fokus mitigasi risiko teknologi baru khusus potensi bakar baterai kendara kuat kapasitas operasional bpbd siklus tangan bencana lalu kolaborasi akademisi bagai lembaga riset sebut tuju hasil bijak bas data evidence based policy hasil harap bantu hadap tantang kota global sekaligus jadi rujuk daerah kelola risiko tengah pesat kembang teknologi ekosistem kendara,Negatif
menkeu tegas pajak mobil tak naik ubah skema editor menteri uang purbaya yudhi sadewa tegas atur baru pajak kendara tambah beban pajak ubah jadi skema mungut total pajak sama ubah cuma geser suatu tempat tempat kata purbaya kantor uang selasa 2026 regulasi maksud cantum atur menteri negeri nomor tahun 2026 atur atur besar pajak kendara masuk kendara bas baterai baca pesan menkeu purbaya jabat baru jaga integritas kemenkeu ruang abu abu purbaya jelas skema lama muat bagai bentuk insentif insentif sebut cakup subsidi impor mekanisme skema kemudian sesuai atur baru ubah laku cara mungut bukan total beban pajak net pajak ubah banding skema belum jelas purbaya atur baru ubah status kendara sistem paja kendara kini masuk objek pajak kendara motor bea balik nama kendara motor baca mobil kena pajak berapa biaya tahun bayar milik serah kendara tetap kena pajak besar pajak selalu penuh besar pajak sangat rendah bahkan nol rupiah nilai gantung bijak masing masing daerah perintah pusat tetap buka ruang insentif tentu atur pasal perintah daerah milik wenang tentu bentuk insentif bijak pajak kendara depan seragam antarwilayah komitmen beri fakta jernih percaya imbang dukung lanjut jurnalisme jernih nikmat nyaman baca iklan lalu membership gabung plus sekarang,Positif
atur kendara kena pajak bikin investor waswas atur baru pajak kendara tuang atur menteri negeri nomor tahun 2026 nilai hambat kembang ekosistem kendara atur timbul ragu investor tanam modal indonesia kepala center industry trade and investment indef andry satrio nugroho bijak sesuai visi presiden prabowo subianto dorong cepat adopsi kendara buat investor bingung bijak ubah ubah permendagri 2026 tentang apa sampai pak presiden nah mix signal beri perintah jadi takut depan jadi laku industri kendara investor luar banyak negeri jadi ragu ragu gitu investasi indonesia papar andry acara tuju elektrifikasi kendara boncor anggar kamis 2026 andry kata permendagri tahun 2026 potensi timbul disparitas bijak antar wilayah bagi wilayah dapat asli daerah pad stabil mulai mungut pajak kendara daya tarik mobil konsumen merosot tajam nah kalau hasil kaji permendagri terap turun jadi perda mungkin pergub mungkin besar hadap biaya operasional kendara mobil kali lipat kata andry banding mungut biaya pajak andry dorong perintah terap cukai emisi kendara bahan bakar minyak bbm dorong indonesia bebas emisi tingkat milik kendara ramah lingkung jadi kalau istilah kalau beli kendara diskon kalau beli kendara bbm nah bukan dapat tambah tanggung jawab emisi mungkin besar hasil pungkas andry tonton video waktu bulan madu habis mobil manja hrp,Negatif
tim mahasiswa ugm juara kategori static event kompetisi mobil malaysia komunitas mahasiswa ugm gabung tim yacaranda raih prestasi pukau ajang kompetisi mobil prestasi sebut raih kompetisi formula student malaysia fsm 2026 salah satu selenggara rupa sae society automotive engineers international rancang mobil bawa tim indonesia hasil presentasi apik sirkuit dato sagor malaysia tanggal april lalu tim yacaranda hasil pulang sabet juara kategori static event raiahn prestasi sebut bukti mampu mobil rancang mampu saing rancang mobil serta kategori beberapa aspek nilai liput aspek engineering design cost manufacturing business presentation salah satu aspek jadi tantang tim cost manufacturing gali detail estimasi biaya komponen unit aspek engineering design tim dapat puji penuh pihak juri baru kali pertama ikut static event nilai cost manufacturing banyak data cari isi dokumen tahu detail apa harga berapa jadi tantang sendiri ujar arfa selaku general manager wartawan kamis prestasi sebut bukti bagaimana mampu kerja sama tim lama arfa selaku general manager tani naka selaku technical leader wakil beberapa divisi sekaligus jelas unit rancang adapun divisi divisi turut siap unit divisi mechanical managerial electrical chassis aerodynamic susun cost manufacturing engineering design arfa kata siap gagas sejak akhir tahun lalu sempat kendala masa libur hari raya meski tantang sebut surut sedikit niat tim laku riset kembang komponen perlu tahu yacaranda jadi tim pertama asal indonesia partisipasi kompetisi mobil tahun malaysia sebut turut antar predikat outstanding team bawa pulang harga samping gelar juara static event predikat sebut rupa bentuk harga pihak selenggara yacaranda tim pertama indonesia panjang sejarah kompetisi formula student malaysia kerja keras tim toreh prestasi lepas bagai pihak beri dukung departemen teknik mesin sekolah vokasi ugm direktorat mahasiswa universitas gadjah mada sumber daya mitra sponsor direktur mahasiswa ugm hempri suyatna sos turut sampai ucap selamat harap depan wakil pihak universitas selamat atas prestasi luar biasa raih teman teman harap inovasi kreativitas milik tak henti sini laku hilir milik manfaat lebih industri masyarakat ujar lalu capai tim yacaranda komitmen terus konsisten kembang riset kendara lingkung universitas kuat alam bagai kompetisi kendara skala internasional masa datang prestasi tim yacaranda bukti betapa penting peran kampus jadi wadah cipta ekosistem dukung kreativitas inovasi mahasiswa perlu sinergi baik bagai unsur mulai universitas fakultas dosen mahasiswa wujud prestasi lebih baik tulis ika agustine editor gusti grehenson foto tim yacaranda,Positif
pajak kendara jateng gubernur kaji foto fajar humas jateng foto fajar humas jateng semarang gubernur jawa tengah komjen pol drs ahmad luthfi nyata laku kaji terap pajak kendara motor pkb kendara wilayah pihak bahas sama dprd jateng tetap kaji dulu sama teman teman dprd ucap usai ikut rapat paripurna gedung dprd provinsi jawa tengah kamis april 2026 provinsi jawa tengah siap ubah atur daerah perda pajak daerah retribusi daerah ubah perda provinsi jawa tengah nomor tahun 2023 pajak daerah retribusi daerah rupa usul komisi dprd jawa tengah bahas rancang atur daerah raperda sebut laku pasti bijak daerah bidang pajak retribusi mampu jawab dinamika selenggara perintah daerah kembang regulasi butuh masyarakat terus kembang anggota komisi dprd jawa tengah wulan purnamasari kata pajak retribusi daerah rupa komponen utama dapat asli daerah pad milik peran strategis dukung biaya bangun daerah tingkat kualitas layan publik dorong wujud mandiri fiskal daerah kata ubah perda jadi konsekuensi ada tata perangkat daerah kembang potensi objek pajak retribusi daerah bagai sektor bahas awal pihak cermat raperda akomodasi jumlah sesuai baik kait objek retribusi maupun struktur tarif rancang atur perlu dalam sempurna lebih lanjut sampai beberapa potensi objek retribusi sepenuh akomodasi optimal misal sektor sehat komisi beri tegas penting kait ada rumah sakit mata daerah soepardjo roestam milik potensi signifikan objek retribusi layan sehat lebih lanjut dinamika perlu selaras kerangka atur retribusi daerah lebih optimal ukur misal sektor didik manfaat aset daerah lain masuk akomodasi objek wisata ada wenang dinas lingkung hidup hutan komisi nilai raperda perlu sempurna khusus akomodasi objek objek potensial sesuai tarif optimalisasi manfaat aset daerah bahas rancang atur daerah perlu lanjut lebih dalam hasil regulasi benar benar komprehensif adaptif mampu jawab butuh daerah ucap wulan semarang gubernur jawa tengah komjen pol drs ahmad luthfi nyata laku kaji terap pajak kendara motor pkb kendara wilayah pihak bahas sama dprd jateng tetap kaji dulu sama teman teman dprd ucap usai ikut rapat paripurna gedung dprd provinsi jawa tengah kamis april 2026 provinsi jawa tengah siap ubah atur daerah perda pajak daerah retribusi daerah ubah perda provinsi jawa tengah nomor tahun 2023 pajak daerah retribusi daerah rupa usul komisi dprd jawa tengah bahas rancang atur daerah raperda sebut laku pasti bijak daerah bidang pajak retribusi mampu jawab dinamika selenggara perintah daerah kembang regulasi butuh masyarakat terus kembang anggota komisi dprd jawa tengah wulan purnamasari kata pajak retribusi daerah rupa komponen utama dapat asli daerah pad milik peran strategis dukung biaya bangun daerah tingkat kualitas layan publik dorong wujud mandiri fiskal daerah kata ubah perda jadi konsekuensi ada tata perangkat daerah kembang potensi objek pajak retribusi daerah bagai sektor bahas awal pihak cermat raperda akomodasi jumlah sesuai baik kait objek retribusi maupun struktur tarif rancang atur perlu dalam sempurna lebih lanjut sampai beberapa potensi objek retribusi sepenuh akomodasi optimal misal sektor sehat komisi beri tegas penting kait ada rumah sakit mata daerah soepardjo roestam milik potensi signifikan objek retribusi layan sehat lebih lanjut dinamika perlu selaras kerangka atur retribusi daerah lebih optimal ukur misal sektor didik manfaat aset daerah lain masuk akomodasi objek wisata ada wenang dinas lingkung hidup hutan komisi nilai raperda perlu sempurna khusus akomodasi objek objek potensial sesuai tarif optimalisasi manfaat aset daerah bahas rancang atur daerah perlu lanjut lebih dalam hasil regulasi benar benar komprehensif adaptif mampu jawab butuh daerah ucap wulan berita baru,Netral
hutan banyuwangi barat dukung cepat program desa lalu rakor periksa lapang banyuwangi barat hutan 2026 hutan kph banyuwangi barat dukung cepat program desa lisdes lintas kawasan hutan lalu rapat koordinasi rakor periksa lapang kait mohon guna kawasan hutan mekanisme tuju kerja sama atas nama bupati banyuwangi langsung kantor asper bkph licin jalan raden wijaya nomor banyuwangi selasa rakor hadir wakil perintah kabupaten banyuwangi unsur asisten perintah sejahtera rakyat bagi perintah bappeda hutan hadir jajar divre jawa timur departemen rencana kembang bisnis rencana hutan wilayah jember kph banyuwangi barat wakil pemkab banyuwangi sampai giat rupa upaya tingkat rasio elektrifikasi khusus wilayah jangkau ada kawasan hutan rencana bangun jaring sebut laksana pln bagi lokasi ada kawasan hutan hutan luas kurang lebih 263 hektare wilayah lingkung suko lurah gombengsari camat kalipuro harap seluruh pihak khusus hutan pln peran aktif realisasi program lisdes penuh butuh masyarakat kawasan hutan administratur kph banyuwangi barat nyata dukung penuh program sebut bentuk sinergi lintas sektor tingkat sejahtera masyarakat hutan rencana jalur lisdes lintas beberapa petak kawasan hutan wilayah kph banyuwangi barat petak 34d 34d 34d 34d 34d 35f 35k masuk alur alur rph soko bkph licin ujar tambah dukung hutan program lisdes rupa bagi kontribusi usaha sedia infrastruktur dasar masyarakat sekaligus kuat kolaborasi perintah daerah pln lalu sinergi harap program desa segera realisasi beri manfaat nyata masyarakat kawasan hutan kom pht bwb eko editor lra copyright 2026,Positif
cek tagih online tunggu awal bulan begini cara hitung estimasi tulis tak perlu tunggu tagih terbit awal bulan langgan pascabayar kini lebih dulu tahu kira biaya langsung lewat aplikasi pln mobile guna pantau pakai sekaligus lihat estimasi tagih real time fitur jadi solusi praktis keluar tetap kendali tahu estimasi lebih awal langgan atur konsumsi tagih bengkak baca tarif pasang baru pln april 2026 rinciannya 450 500 informasi bayar pascabayar umum milik batas waktu hingga tanggal bulan tahu estimasi tagih lebih cepat bantu hindar kejut akhir periode lantas bagaimana cara cek tagih pln mobile baca harga token april 2026 beli 000 100 000 berapa kwh salah satu fitur utama manfaat catat meter lalu fitur langgan catat angka meter mandiri lalu sistem hitung estimasi tagih dasar pakai sebut catat meter biasa laku tanggal hingga bulan ikut langkah langkah data kirim estimasi tagih langsung muncul aplikasi tagih tetap terbit awal bulan ikut baca daftar kereta ekonomi new generation april 2026 baru lengkap rute,Positif
mobil mogok atas rel celaka kereta bekas picu spekulasi medan magnet rel risiko mobil pola lama ulang agus susanto ahmad arif apr 2026 sains teknologi senin malam april 2026 buah taksi warna hijau milik armada green mogok tengah rel ada lintas bidang jalan ampera bekas jawa barat hitung krl commuter line hantam seret jauh meter sopir selamat diri bencana henti situ direktur utama kai persero bobby rasyidin kata dasar hasil investigasi insiden awal duga picu ganggu operasional jalan lintas bekas tabrak duga rusak sensor sinyal krl tahan stasiun bekas timur arah lawan laju argo bromo anggrek punya sempat henti tumbu gerbong jadi gerbong khusus wanita ujung krl hancur bas orang tinggal puluh orang lain luka luka insiden catat celaka pertama sejarah perkeretaapian indonesia libat kereta jarak jauh krl satu rangkai peristiwa tanya langsung muka mobil tiba tiba mati tengah rel hubung infrastruktur listrik rel kereta narasi kendara mati dadak lintas kereta bukan baru indonesia insiden rupa ulang kali jadi hampir selalu picu debat sama medan magnet rel kereta khusus rel elektrifikasi krl mampu mati sistem listrik kendara lintas atas jumlah studi tunjuk lingkung rel kereta kaya ganggu elektromagnetik electromagnetic interference emi lapor niska schunnesson mar international journal reliability quality and safety engineering 2011 sebut lingkung rel milik ganggu elektromagnetik tinggi kerap kontribusi ganggu sistem lintas temu tegas fisika rel bukan lingkung netral sistem elektronik debat elektromagnetik baik alih perhati masalah utama lebih nyata bukti ulang sisi literatur kendara aku sistem elektronik kendara sensitif ganggu elektromagnetik tinjau komprehensif tulis ramya dkk ieee access 2025 tempat emi salah satu tantang utama desain kendara modern utama gantung electronic control unit ecu sensor sistem kontrol digital bahkan studi eksperimental tunjuk interferensi elektromagnetik kondisi tentu pengaruh baca sensor respons sistem kendara arti teori mungkin interaksi lingkung emi tinggi rel sistem elektronik kendara meski satu studi langsung bukti medan elektromagnetik rel mati kendara lintas atas bagi besar teliti justru tunjuk efek emi lebih dominan sistem internal perkeretaapian sendiri ganggu sinyal track circuit studi arus traksi misal tunjuk interferensi elektromagnetik ganggu sistem deteksi posisi kereta bahkan potensi timbul salah sinyal efek lintas sistem rel kendara jalan raya jadi wilayah uji komprehensif tiada bukti bukan arti fenomena sebut mustahil tunjuk ada celah teliti isi standar internasional electromagnetic compatibility emc kendara iso 11452 cispr rancang pasti kendara tahan ganggu elektromagnetik uji umum simulasi kondisi spesifik kendara henti atas rel elektrifikasi aktif kata teoretis mungkin interaksi empiris pernah verifikasi sistematis lihat kaji kaji risiko kendara lintas rel lebih besar banding kendara umum bukti medan elektromagnetik jadi sebab utama kendara mogok risiko paling konsisten justru asal faktor lama kenal perilaku kemudi kondisi lalu lintas desain lintas konteks debat elektromagnetik baik alih perhati masalah utama lebih nyata bukti ulang lihat data celaka konteks jadi lebih jelas kendara tabrak kereta bukan jadi langka lapor kai daop tunjuk panjang januari hingga september 2025 catat 183 jadi kereta api tabrak obyek jalur kereta jumlah sebut 132 kasus libat orang kasus libat kendara kasus libat hewan rata rata jadi lima jadi insiden libat kendara bulan hampir minggu nasional periode 2020 2025 dapat 800 insiden lintas bidang 300 kasus per tahun bahkan selasa 2026 hari tragedi bekas jadi celaka libat kereta commuter line dhoho relasi malang kertosono truk lintas palang blitar jawa timur tunjuk satu penting insiden celaka kereta kendara bukan fenomena baru masalah sistemik mayoritas celaka rel libat kendara konvensional jauh mobil jadi umum konteks kasus mobil bekas lebih tepat sebut anomali colok bukan pola baru arti fenomena kendara henti rel lama mobil bukan sebab baru aktor baru pola lama analisis pasca tragedi bekas justru identifikasi tiga mekanisme lebih mungkin banding narasi medan magnet semata pertama potensi ganggu baterai volt meski mobil andal baterai utama tegang tinggi sumber tenaga gerak hampir semua tetap gantung aki kecil kapasitas volt hidup sistem komputer sensor kontrol elektronik getar keras lewat kontur rel rata ganggu koneksi aki sebut picu sistem selamat mati kendara otomatis dua aktif fitur automatic emergency braking aeb keliru kendara modern lengkap radar kamera kadang lidar terus terus pindai lingkung kendara lintas kereta kombinasi rel besi getar ubah visual tiba tiba buat sensor salah baca situasi interpretasi kondisi ancam tabrak otomatis henti kendara tiga faktor kemudi situasi tekan lintas kereta kemudi panik sengaja aktif rem parkir elektronik gagal pindah transmisi posisi tepat kombinasi faktor manusia respons otomatis kendara buat situasi jadi sulit kendali hitung lepas hasil investigasi teknis langsung beberapa ajar ambil segera hindar risiko ikut kemudi baik kendara konvensional maupun kendara sadar perilaku kendara lintas kereta perlu tingkat produsen kendara insiden bekas jadi dorong laku uji emc lebih komprehensif masuk skenario kendara lintas henti atas rel elektrifikasi fitur fitur selamat aeb sistem proteksi baterai perlu kalibrasi jadi faktor risiko kondisi spesifik regulator operator kereta insiden tunjuk perlu audit seluruh lintas bidang ada jalur elektrifikasi sisi desain fisik sistem ingat sisi potensi interferensi elektromagnetik kendara lintas hapus lintas bidang tahap jadi bijak jangka panjang banyak negara perlu dapat cepat serius indonesia tulis ahmad arifeditor ichwan susantopenyelaras bahasa hibar himawan,Negatif
populasi motor naik 200 ribu unit tahun populasi motor indonesia terus tambah tahun tahun bahkan tiga tahun akhir tambah nyaris capai 200 ribu unit data energi sumber daya mineral esdm populasi motor indonesia ribu unit 2022 tiga tahun telah 2025 angka capai 229 ribu unit lama periode sebut tumbuh 198 ribu unit kendara baru lihat kendara terus tumbuh besar sektor roda banding angka 140 juta motor bensin apa apa makanya butuh akselerasi cepat ujar kepala bbsp kebtke esdm trois dilisusendi senayan pusat tak heran periode sebut naik jual motor besar besar sejak 2022 hingga 2024 perintah beri subsidi besar juta unit konsumen indonesia subsidi henti akhir 2024 jual motor alami lambat 2023 2024 transaksi nyaris ribu unit 2024 2025 ribu unit umum kata trois 358 ribu unit kendara sebar indonesia hingga februari 2026 persen sumbang motor sisa bagi mobil bus hingga truk jadi kalau lihat total populasi kendara angka 358 ribu unit mana memang besar sumbang roda kata ikut populasi motor tahun tahun 2020 357 unit 2021 903 unit 2022 101 unit 2023 510 unit 2024 170 588 unit 2025 229 820 unit 2026 feb 236 451 unit,Positif
indomobil tanggap wacana konversi motor beijing wacana perintah laku konversi sepeda motor bahan bakar bensin jadi motor hingga puluh juta unit tuai tanggap laku industri andrew nasuri direktur indomobil group usaha taung merek motor indomobil motor nilai konversi maupun kembang kendara baru dasar milik tuju sama dukung transisi energi baca changan harap reev insentif lebih besar sih sama sama benar tuju perintah dukung transisi elektrik transisi elektrik apa kurang subsidi bbm kata andrew beijing china akhir pekan lalu andrew langkah konversi jadi soal lama tuju jelas ingat beda dasar kendara hasil konversi kendara sejak awal rancang tidak masalah mau konversi apa masalah ujar andrew baca cara alva hapus range anxiety guna motor cuma kalau nama konversi asal muasalnya motor motor ice bobot badan sekian kalau beda awal desain memang kata contoh tahap awal tren kendara konsep konversi sempat terap mobil hasil nilai kurang optimal batas desain dasar kendara mobil konversi awal awal kan sukses arsitektur mobil buat ice kata iring kembang teknologi produsen mulai rancang kendara nol masuk platform arsitektur khusus kemudian buat performa efisiensi kendara jadi lebih optimal baca alva studio indy bintaro lengkap fasilitas isi daya arsitektur buat jadi kerja sekarang awal blueprint nya apa dulu ujar andrew sorot penting rencana program konversi mulai spesifikasi teknis hingga aspek tanggung jawab pihak laku konversi baca vinfast viper performa sporty fitur canggih motor premium platform motor berat badan berapa guna bagaimana lalu konversi siapa konversi garansi iya dong kata andrew informasi perintah belum wacana program konversi sepeda motor bahan bakar bensin jadi motor jumlah besar bahkan sebut capai hingga 120 juta unit program tuju cepat adopsi kendara nasional sekaligus tekan konsumsi bahan bakar minyak emisi gas buang komitmen beri fakta jernih percaya imbang dukung lanjut jurnalisme jernih nikmat nyaman baca iklan lalu membership gabung plus sekarang,Positif
daftar harga token mei 2026 beli 000 berapa kwh perintah lalu energi sumber daya mineral esdm tetap tarif harga token laku mulai mei 2026 tarif pln tetap sebut laku seluruh langgan pln baik prabayar maupun pascabayar informasi langgan prabayar milik besar tarif sama langgan pascabayar langgan prabayar perlu beli token kemudian masuk meter dapat daya langgan pascabayar cukup bayar tagih pakai periode tentu plt direktur jenderal ketenagalistrikan esdm tri winarno kata tarif triwulan april juni tahun 2026 alami ubah periode belum putus tetap acu tentu laku timbang kondisi ekonomi masyarakat masyarakat perlu cemas perintah tetap tarif periode triwulan tahun 2026 tetap kata tri winarno kutip laman esdm tetap laku jaga daya beli masyarakat jelang hari raya idul fitri laku hitung bagai parameter ekonomi makro perintah imbau masyarakat guna efisien bijak bagi upaya sama dukung tahan energi nasional imbuh lantas berapa tarif harga token mei 2026 sebut baca token tak beli tengah malam solusi pln ikut rincian besar tarif laku seluruh langgan per mei2026 baca muncul tulis periksa meter tanda apa kata pln baca daftar kode rahasia meter token masuk atur alarm token beli tahu bakal kena pajak terang jalan ppj daerah tentu masing masing perintah tempat misal besar ppj kena langgan pln ikut adapun rumus hitung besar kwh oleh ikut baca token tak kurang pakai apa laku ikut rincian besar kwh oleh beli token 000 masing masing golong langgan rumah tangga non subsidi baca salah beli token refund jawab pln baca token kedaluwarsa jelas pln komitmen beri fakta jernih percaya imbang dukung lanjut jurnalisme jernih nikmat nyaman baca iklan lalu membership gabung plus sekarang,Positif
dedi mulyadi tunda pajak mobil jawa barat kondisi normal gubernur jawa barat dedi mulyadi kenal sapa kdm tunda terap pajak kendara susul surat edar menteri negeri mendagri minta gubernur indonesia tetap beri bebas pajak kendara atur menteri negeri nomor tahun 2026 dasar kena pajak kendara motor bbnkb pajak alat berat atur kendara sebut kendara kecuali objek pajak arti perintah daerah mungut pajak buat kendara benar benar kuat pasal atur menteri negeri nomor tahun 2026 kena pkb bbnkb kendara bas baterai baru maupun buat 2026 beri insentif bebas kurang pkb bbnkb redaksional beri insentif bebas kurang pkb bbnkb atur baru indikasi kendara otomatis bebas pajak kendara arti beri insentif bebas kurang sesuai bijak perintah daerah kemudian muncul surat edar mendagri kena instruksi kendara tetap bebas pajak daerah gubernur jawa barat dedi mulyadi tunda terap pajak kendara kan dialog pak menteri mendagri surat edar menteri mana pajak mobil tunda dulu ekonomi normal krisis global akhir ujar dedi kutip kdm bebas pajak sebut sifat rangsang guna energi baru tengah situasi dunia sedang tekan utama pasca eskalasi tegang iran amerika serikat dedi tegas bijak tinjau kala kondisi ekonomi stabil ancam krisis reda instrumen pajak kendara laku kalau ekonomi normal krisis global akhir kena pajak lah ujar gubernur minta bebas pajak menteri negeri mendagri tito karnavian minta perintah daerah tetap bebas pajak kendara tuang surat edar nomor 900 3764 beri insentif fiskal upa bebas pajak kendara motor bea balik nama kendara motor kendara motor bas baterai ingat situasi kondisi ekonomi global sebab instabilitas sedia harga energi minyak gas dampak kondisi ekonomi negeri dukung energi baru minta gubernur ambil langkah opsi putus beri insentif fiskal upa bebas pkb bbnkb kendara motor bas baterai isi surat edar nomor 900 3764 ditandatangani mendagri april 2026 gubernur minta lapor beri insentif fiskal lampir putus gubernur negeri kemendagri lalu direktorat jenderal ditjen bina uang daerah uda paling lambat mei 2026,Positif
herman deru resmi jaring banyuasin tegang hingga 226 volt luas jaring wilayah sumatera selatan sumsel terus upaya perintah provinsi sumsel salah satu operasi grid extension desa kenten laut camat talang kelapa kabupaten banyuasin selasa 2026 gubernur sumsel herman deru resmi langsung operasi luas jaring upaya tingkat kualitas tegang jawab butuh dasar masyarakat belum warga wilayah kerap alami tegang rendah akibat jarak jaring trafo cukup jauh mudah lihat suatu wilayah listrik penuh jaring voltase jawab pln ada operasi jawab cepat pln belakang pln lebih cepat ingin awal beberapa titik laku lebih banyak kata dasar data laku grid extension jarak jaring trafo akhir capai kilometer tegang terima langgan 152 volt tingkat jarak sebut jadi kilometer tegang tingkat hingga 226 volt infrastruktur bangun liput pasang tiang beton setinggi meter tiang beton meter bangun gardu distribusi kapasitas kva banyak unit jaring sutm panjang kilometer sutr panjang kilometer deru sebut rupa butuh fundamental hidup masyarakat modern turut cepat sebut rupa hasil komunikasi efektif lalu prosedur panjang hasil komunikasi formal biasa dprd gubernur short cut potong jalur tunda jadi butuh fundamental hidup hari hari kata bayang apa buat punya barang elektronik guna sambung ingat masyarakat jaga jaring bangun ambil alir ilegal imbau masyarakat disiplin bayar jaga aman jaring bayar tepat waktu jangan rasa rugi dahan ranting pohon pangkas ganggu kabel nyaman aman sama jelas bupati banyuasin askolani sambut baik operasi jaring solusi konkret atas keluh masyarakat kait stabil ada grid extension harap istilah lampu kedip madam beban puncak listrik stabil industri tumbuh otomatis lapang kerja masyarakat banyuasin buka lebih lebar siap dukung pln bebas lahan kendala teknis lain lapang penting rakyat sambung general manager pln uid s2jb wilayah sumsel jambi bengkulu diksi ervani umar memyampaikan proyek rupa bagi komitmen pln cepat digitalisasi jaring smart grid unggul tingkat akurasi ukur beban pulih efisiensi isolasi jaring belum alami degradasi grid extension harap mampu beri operasionalisasi lebih optimal sistem listrik regional ujar,Positif
video pln siap pasok data center microsoft jawa barat video video pln siap pasok data center microsoft jawa barat indonesia indonesia april 2026 indonesia pln persero selesai rangkai proyek konsumen tegang tinggi dukung operasional data center microsoft wilayah jawa barat jalan tuju jadi indonesia salah satu pusat tumbuh ekonomi digital kawasan asia tenggara lengkap program squawk box indonesia kamis 2026 ikut add preferred source google bagi,Positif
prediksi 2026 apa waspada laku prediksi 2026 apa waspada laku pasuk awal tahun 2026 stabilitas ekonomi indonesia proyeksi tetap kendali tengah dinamika global bank indonesia optimistis 2026 gerak kisar walaupun risiko tekan harga pangan energi bayang angka sebut nilai cukup ambisius realistis ingat tahun 2025 jalan penuh gejolak prediksi laku asal asal pasal sebut dukung efektivitas bijak moneter sinergi tpip tpid tim kendali pusat daerah lantas prediksi indonesia 2026 yakin suatu waspada justru optimisme simak bahas dalam artikel ikut 2026 tumbuh ekonomi tingkat harga barang jasa umum jadi terus terus periode tentu lama langsung nilai uang alami susut jumlah barang beli nominal tara jadi lebih sedikit indonesia ukur dasar ihk indeks harga konsumen hitung langsung bps badan pusat statistik indeks harga konsumen ukur ubah harga kelompok produk layan guna rumah tangga seluruh indonesia komponen utama minum makan tembakau bobot total rumah listrik air bahan bakar rumah tangga kisar transportasi sumbang sisa diri atas didik alat rumah tangga pakai sehat kategori lain istilah mungkin dengar teknis dampak sangat nyata mutlak bukan baik buruk lebih cara kelola antisipasi perintah terus koordinasi bank indonesia tetap sasar jelas ukur dukung tumbuh ekonomi inklusif kontrol tingkat stabil rendah tingkat periode sasar dasar atur menteri uang nomor tahun 2024 pasal perintah tetap target sasar tiga tahun depan tingkat ikut angka sendiri nilai moderat kendali indonesia arti cermin kondisi imbang ekonomi sehat kontrol angka sebut tanda naik harga barang jasa terlalu rendah mati produsen maupun terlalu tinggi berat masyarakat konsumen target bank indonesia angka rupa titik tengah nilai ideal ada level rendah stabil umum bawah kemudian deviasi beri ruang fleksibilitas sesuai harga ekonomi tetap tahan stabilitas kata tetap target benar dasar beberapa timbang jaga ekspektasi ekonomi tetap stabil tingkat percaya laku ekonomi ambil putus investasi bisnis atur daya saing ekonomi indonesia tingkat regional maupun global tunjang tumbuh ekonomi sambung tekan harga lebih digitalisasi ekonomi kembang bantu efisiensi distribusi transparansi harga tekan potensi tingkat harga wajar kapasitas produksi pasok produk layan indonesia mampu penuh minta koordinasi tpip tpid terus kuat tahan stabil harga utama bahan pangan apabila banding periode 2022 2024 tingkat deviasi plus minus target sasar atas relatif lebih rendah lihat ada yakin perintah gejolak harga kontrol lewat bijak moneter disiplin tingkat indonesia tiga tahun depan lebih jaga stabilitas realisasi lapang tetap abai faktor eksternal volatile food administered prices bbm tarif listrik sahabat indonesia 2026 sangat mungkin sentuh batas atas lebih aktualisasi jadi januari 2026 catat yoy year year indikasi kondisi kontrol baik jaga tetap stabil rendah bank indonesia tahan rate tingkat rapat dewan gubernur januari 2026 bijak tuju harmonisasi dukung tumbuh ekonomi jaga stabil nilai tukar rupiah tengah normalisasi bijak moneter global banding tahun belum lihat tahun tahun belum warna dampak pascapandemi konflik geopolitik global tren prediksi 2026 yakin lebih stabil waspada tinggi fokus utama 2026 stabilitas domestic supply chain rantai pasok domestik transisi bijak energi hijau potensi tingkat biaya produksi waktu paham dinamika buat putus lebih bijaksana rencana ekonomi ikut data indonesia tahun akhir bank indonesia data atas tingkat indonesia tahun tahun cenderung kendali kisar target meski sempat jadi lonjak pascapandemi 2022 2023 kemudian lebih kontrol 2024 2025 data indonesia tahun akhir tunjuk upaya kuat perintah tahan stabil harga baca hiperinflasi definisi sebab dampak contoh 2026 perlu antisipasi sekarang tahun 2026 proyeksi penuh tantang walaupun target cukup moderat risiko lonjak awal tahun akibat momen tentu tetap misal puasa ramadan lebaran potensi tingkat minta pangan tekan harga pangan maupun energi global lemah daya beli masyarakat apabila kelola baik faktor faktor pulih ekonomi global bijak moneter ubah iklim picu naik ini penting tetap antisipasi siap diri hadap ubah mungkin jadi faktor utama dorong 2026 tingkat harga 2026 mungkin naik perlu waspada bukan alas dapat beberapa faktor utama dorong kondisi ekonomi global pulih konflik geopolitik pascapandemi pengaruh ubah ekonomi global kemudian dampak harga komoditas indonesia naik harga komoditas bahan pokok energi buat biaya produksi jadi tingkat akibat harga barang jasa naik ini akhir picu bijak fiskal paja isu sesuai tarif pajak tambah nilai ppn cukai cukai plastik minum man kemas mungkin laku penuh 2026 potensi timbul dampak langsung harga jual produk pasar tekan biaya hidup domestik iring waktu biaya hidup makin tambah harga bahan bakar butuh primer transportasi naik dorong tingkat tingkat konsumsi masyarakat cenderung turun isu ubah iklim nino nina indonesia penyumpang besar asal sektor pangan fenomena ubah iklim nino nina 2026 makin prediksi ganggu masa panen komoditas penting bawang beras cabai gagal panen buat pasok komoditas pasar jadi makin langka langsung picu pangan volatil volatile food inflation naik upah minimum ump alami naik 2026 timbul efek domino walaupun baik kerja produsen tanggung beban upah cenderung beban biaya sebut konsumen langgan naik harga jual produk bijak suku bunga bijak suku bunga pengaruh biaya kredit konsumsi suku bunga tinggi buat biaya kredit naik alhasil konsumsi alami turun tingkat kendali balik dampak 2026 masyarakat bukan angka statistik semata fenomena ekonomi pengaruh hidup hari hari milik beberapa dampak signifikan masyarakat antara turun nilai riil hasil dasar nilai lebih tinggi naik dapat efektif turun daya beli nominal dapat mungkin naik mampu beli barang riil tingkat sebut nyaris asa harga barang naik hampir tara masyarakat cenderung keluar uang jumlah lebih banyak oleh jumlah barang sama uang simpan konvensional gerus daya beli uang uang simpan nilai jadi lebih rendah masa datang simpan konvensional bunga tabung mungkin lebih rendah tingkat nilai uang benar turun hilang nilai investasi geser pola konsumsi rumah tangga tekan sebab masyarakat kelas tengah bawah paksa laku prioritas ulang penuh butuh pokok kurang belanja butuh sekunder tersier baca cara hitung laju serta rumus emas ada hubung ekonomi investasi milik kait erat emas emas anggap aset safe haven lindung nilai hedging tinggi daya beli mata uang biasa relatif turun harga barang konsumsi cenderung tingkat sisi harga emas justru tetap stabil bahkan tingkat pasal situasi investor lebih pilih alih aset investasi salah satu emas tempat aman lindung kaya milik nilai intrinsik stabil alhasil dorong tingkat minta pasar baik industri hias maupun investasi harga emas potensi naik signifikan tingkat samping historis data tunjuk harga emas sering kali naik lama periode krisis ekonomi maupun geopolitik 2026 harus prioritas emas aset aset golong stabil emas bukan instrumen spekulasi cepat balik emas jadi tameng pilih instrumen investasi ideal sebut turun nilai uang emas efektif jaga nilai kaya jangka panjang cocok guna strategi hadap 2026 kata stabilitas fokus utama bukan untung imbal hasil instan tetap perlu ingat investasi selalu milik risiko tabung emas solusi praktis hadap prediksi 2026 bukan ancam laku ekonomi jadi peluang baik fondasi ekonomi nasional kelola baik moderat milik potensi cermin tingkat aktivitas ekonomi sehat dorong mandiri produksi negeri tahan uang solid pikir masyarakat simpan uang konvensional cukup nilai lemah gerus alokasi dana instrumen investasi lebih stabil low risk emas perlu jadi bahan timbang ikut contoh simulasi tabung emas tabung emas konvensional riil nilai sebut alami tingkat walaupun tengah kondisi sistem tabung konvensional nominal sama buat kamu perhati bunga tingkat alhasil daya beli jadi makin rendah nah investasi emas laku lebih mudah cepat sekaligus praktis lalu tabung emas gadai produk mungkin nasabah simpan emas bentuk saldo digital beli awal minimal rp10 ribu biaya kelola rekening rp30 000 per tahun nanti saldo emas jual galeri jadi agun gadai perlu dana tambah nasabah cetak jadi emas fisik karat aju buka rekening tabung emas lewat aplikasi tring gadai langsung kantor cabang gadai dekat gadai sedia fitur simulasi tabung emas manfaat hitung lihat besar gramasi beli emas jadi tunggu apa yuk mulai rencana investasi emas sekarang tabung emas gadai baca pengaruh investasi perlu tahu berita artikel lain uang hitung estimasi harga gadai inch gadai gadai televisi coba hitung estimasi harga gadai inch gadai lebih jelas artikel uang erti skala prioritas manfaat cara susun skala prioritas susun penuh butuh sesuai penting paham erti manfaat cara susun artikel uang subsidi erti jenis manfaat dampak subsidi bantu dana perintah tuju tingkat ekonomi rakyat simak bahas lengkap bawah,Netral
pemkot sukabumi laku jumlah langkah kendali reporter riksan kota sukabumi alami tahun year year bulan month month alami deflasi ungkap lalu data unggah akun instagram bagi ekonomi sekretariat daerah baper update februari 2026 deflasi bulan januari pengaruh turun harga jumlah komoditas pangan cabai merah telur ayam ras bawang merah beras fluktuasi harga bahan bakar minyak bbm ikut pengaruh deflasi bulan januari pengaruh harga properti otomotif hingga rokok data bagi ekonomi sekretariat daerah tunjuk tahun kota sukabumi lebih rata rata nasional besar jawa barat besar perintah kota sukabumi pandang serius tinggi tingkat ambil jumlah langkah kendali adapun langkah langkah laku gelar gera pangan murah tujuh camat tanggal hingga februari datang kemudian laku pantau rutin harga bahan pokok jumlah pasar tradisional tingkat kolaborasi seluruh pihak lalu tim kendali daerah,Netral
bps kalteng rilis brs 2026 pengaruh harga pangan emas kilas info kontribusi ika alqinaya februari 2026 baca 202 kali mmckalteng palangka raya badan pusat statistik bps provinsi kalimantan tengah rilis berita statistik brs sampai langsung ruang vicon bps kalteng siar lalu kanal youtube bps senin 2026 statistis ahli madya bps provinsi kalimantan tengah taufiqurrahman papar sampai tujuh indikator utama liput indeks harga konsumen januari 2026 nilai tukar tani januari 2026 dagang luar negeri desember 2025 jasa akomodasi desember 2025 jasa transportasi desember 2025 luas panen produksi padi 2025 luas panen produksi jagung 2025 baca dinas p3appkb prov kalteng raih peringkat harga layan buka informasi tingkat opd kalteng jelas januari 2026 provinsi kalimantan tengah alami besar persen month month sebut utama pengaruh naik harga kelompok makan minum tembakau andil besar persen komoditas utama sumbang daging ayam ras emas hias ikan gabus ikan nila beras turun harga bawang merah cabai rawit jadi faktor tahan laju ujar taufiqurrahman year year kalimantan tengah catat besar persen kelompok rumah air listrik bahan bakar rumah tangga sumbang besar naik tarif listrik harga emas hias jadi faktor dominan tahun sisi sejahtera tani nilai tukar tani ntp kalimantan tengah januari 2026 catat besar 134 tingkat persen banding desember 2025 naik ntp dorong tingkat indeks harga terima tani utama komoditas gabah karet ayam ras daging jelas nilai tukar usaha tani ntup catat besar 140 naik persen bulan sektor dagang luar negeri nilai ekspor kalimantan tengah periode januari desember 2025 catat besar usd miliar turun persen banding periode sama tahun belum ekspor dominasi batu bara minyak kelapa sawit tuju utama jepang india tiongkok sisi nilai impor catat besar usd juta turun persen kumulatif tahun neraca dagang kalimantan tengah tetap catat surplus sektor pariwisata tingkat huni kamar tpk hotel bintang kalimantan tengah desember 2025 capai persen tingkat banding bulan belum jumlah tamu hotel bintang catat banyak 537 orang dominasi wisatawan domestik rata rata lama inap malam aktivitas transportasi tunjuk tingkat desember 2025 frekuensi terbang catat banyak 400 terbang jumlah tumpang berangkat capai 260 orang frekuensi kunjung kapal laut capai 904 unit serta tingkat aktivitas bongkar muat barang labuh utama sektor tani luas panen padi panjang januari desember 2025 catat alami turun persen banding tahun 2024 produksi padi turun persen utama akibat kurang luas panen subround iii september desember 2025 awal tahun 2026 potensi luas panen padi periode januari maret kira mulai tingkat dasar hasil kerangka sampel area ksa pungkas taufiqurrahman iaq foto,Netral
sinyal positif ekonomi manufaktur kuat neraca dagang surplus kendali sinyal positif ekonomi manufaktur kuat neraca dagang surplus kendali 2026 kerja ekonomi indonesia buka tahun 2026 sinyal makin positif kuat sebut cermin sektor manufaktur catat ekspansi dukung stabilitas kerja dagang luar negeri tetap solid aktivitas manufaktur nasional kuat pmi manufaktur januari 2026 tingkat level bulan belum kuat utama dorong tingkat minta domestik naik output produksi optimisme laku usaha capai level tinggi puluh bulan akhir cermin jaga fundamental industri tengah tantang global ganggu rantai pasok lemah pesan ekspor jalan kerja sektor manufaktur mitra dagang utama turut beri sinyal positif prospek ekspor indonesia pmi india catat tetap ekspansif level amerika serikat tahan zona ekspansi pmi manufaktur asean agregat ada level topang kerja filipina vietnam kuat manufaktur jalan baik indikator ekonomi domestik lain indeks jual riil tumbuh yoy dukung tingkat konsumsi makan minum mobilitas masyarakat aktivitas ekonomi cermin tumbuh jual kendara motor tingkat konsumsi listrik utama segmen bisnis indeks yakin konsumen desember 2025 tetap ada zona optimis besar 123 sisi eksternal neraca dagang indonesia desember 2025 catat surplus besar usd2 miliar panjang januari desember 2025 surplus neraca dagang capai usd41 miliar lanjut tren surplus sejak mei 2020 kerja ekspor tumbuh yoy utama topang ekspor industri olah tingkat signifikan cermin kuat nilai tambah ekspor nasional sisi impor barang modal tumbuh tinggi tunjuk lanjut ekspansi investasi kapasitas produksi domestik stabilitas harga awal 2026 tetap jaga meski januari 2026 catat tingkat jadi yoy pengaruh faktor basis rendah akibat bijak diskon listrik tahun belum bulan kendali deflasi iring reda tekan harga pangan inti tetap stabil dorong naik harga emas tekan pangan sifat temporer kira normal maret 2026 direktur jenderal strategi ekonomi fiskal uang febrio kacaribu sampai kembang cermin tahan ekonomi nasional tengah dinamika global perintah terus kuat iklim usaha jaga sasar dorong hilir tingkat daya saing ekspor diversifikasi mitra dagang upaya jaga daya beli masyarakat terus kuat lalu kendali harga pangan lancar distribusi koordinasi pusat daerah jaga stabilitas ekonomi inklusif lanjut mdf strkm,Positif
kabupaten nunukan januari 2026 dominasi naik harga bulan nunukan simp4tik kabupaten nunukan alami januari 2026 badan pusat statistik bps kabupaten nunukan catat month month besar persen tunjuk ada naik harga barang jasa awal tahun 2026 jalan sebut year date catat besar persen kepala bps kabupaten nunukan iskandar ahmaddien sst sampai bulan januari 2026 utama pengaruh naik harga beberapa kelompok keluar utama bulan januari 2026 cermin ada tingkat harga awal tahun utama kelompok keluar milik andil cukup besar bentuk ujar senin 2026 iskandar tahun kabupaten nunukan alami year year besar persen indeks harga konsumen ihk capai 110 tahun jadi akibat tingkat indeks bagi besar kelompok keluar kelompok keluar tinggi kelompok rumah air listrik bahan bakar rumah tangga besar persen lanjut ikut kelompok awat pribadi jasa lain besar persen kelompok sedia makan minum restoran besar persen ungkapnnya lanjut iskandar catat beberapa kelompok keluar lain lengkap alat pelihara rutin rumah tangga besar persen didik besar persen sehat besar persen transportasi besar persen kelompok pakai alas kaki alami besar persen rekreasi olahraga budaya besar persen makan minum tembakau besar persen satu satu kelompok keluar alami deflasi tahun kelompok informasi komunikasi jasa uang deflasi besar persen tutup foto bps teks foto novelinna tim publikasi dinas komunikasi informatika statistik sandi editor novelinna,Netral
jaga jelang ramadan idulfitri bobby nasution wanti wanti daerah jaga stok bahan pokok medan gubernur sumatera utara sumut muhammad bobby afif nasution minta seluruh daerah sumut jaga sedia stok bahan pokok jelang ramadan idulfitri upaya sebut penting tetap kendali harga butuh pokok lonjak tingkat harga bahan pokok jelang ramadan idulfitri hampir tahun jadi sebab tinggi minta sumut provinsi jaga betul barang barang seluruh wilayah sumut sama sama puasa semua tingkat butuh bahan pokok daerah sering minta supply bahan pokok jangan kurang harga harga jadi naik daerah sendiri kata bobby nasution giat high level meeting tim kendali daerah tpid sumut aula raja inal siregar jalan diponegoro nomor medan jumat 2026 bobby nasution saran salah satu upaya bahan pokok keluar provinsi manfaat badan usaha milik daerah bumd jumlah komoditas kerap jadi sebab sumut cabai cabai rawit tomat bawang merah daging sapi telur ayam turut bumd beli langsung tani harga saing komoditas sebut gerak keluar daerah perhati betul betul distribusi minta pak kapolda pak kajati ikut monitor perintah daerah manfaat bumd nya beli langsung tani harga kompetitif kata bobby nasution dasar data per januari 2026 sumut ada angka persen yoy turun signifikan banding desember 2025 capai persen yoy bobby nasution capai sebut tunjuk kuat kolaborasi kendali sumut akhir tahun lalu urut empat tinggi sekarang persen angka bukan sekadar angka tunjuk lebih tunjuk kolaborasi kuat jaga jaga harga harga barang tetap stabil kata kepala bank indonesia wakil sumut rudy brando hutabarat tegas perlu komitmen daerah kendali sebut tuang enam sepakat road map kendali sumut jelang ramadan idulfitri enam sepakat sebut liput tingkat frekuensi gera pasar murah tambah pasok daging sapi kerbau kerja sama produsen daging ayam ras telur rencana kendali naik tarif administered price early warning kerja sama tpid sppg menu makan gizi gratis mbg monoton pasar murah misal laku pasar tradisional bukan kantor camat kantor wali kota dampak beda kemudian tarif air transportasi distribusi perlu kendali jangan malah naik tekan tinggi sinergi sppg menu melulu telur ayam minta komoditi tingkat kata rudy brando hutabarat hadir high level meeting sebut wakil gubernur sumut surya kapolda sumut irjen pol whisnu hermawan februanto kajati sumut harli siregar wakil ketua dprd sumut salman alfarisi turut hadir sekdaprov sumut sulaiman harahap seluruh kepala daerah kabupaten kota sumut opd kait sumut kabupaten kota h15 diskominfo sumut,Positif
kendali jelang ramadan tpid tuban gelar sidak pasar sekaligus tekan beban warga miskin kendali jelang ramadan tpid tuban gelar sidak pasar sekaligus tekan beban warga miskin february 2026 yavid giat perintah 481 tubankab tim kendali daerah kabupaten tuban sama satgas pangan laku inspeksi dadak pasar jelang ramadan 2026 giat gelar lama hari rabu februari 2026 hingga kamis februari 2026 sasar pasar desa pasar daerah kabupaten tuban sidak sasar isu stabilitas harga sedia bahan pokok penting laksana lokasi sidak liput pasar tambakboyo pasar bulu bancar pasar plumpang pasar rengel pasar beji jenu pasar merakurak pasar baru tuban pasar karangagung palang tim pantau harga beras minyak goreng gula telur daging ayam cabai bawang tugas ecek pasok distribusi tingkat dagang dukung giat sebut sidak pasar libat tpid tuban satgas pangan diri polres tuban kodim 0811 tuban inspektorat dinas koperasi ukm dagang dinas tahan pangan tani ikan dinas komunikasi informatika statistik sandi dinas lingkung hidup hubung badan rencana bangun daerah teliti kembang bagi ekonomi sda setda tuban bulog divre bojonegoro wilayah tuban kait sebut asisten ekonomi bangun setda tuban drs agus wijaya kata sidak pasar jadi upaya konkret perintah daerah kendali jelang ramadan fokus jaga stabil harga sedia bapokting ujar agus kamis jelas langkah sebut laku pasti harga tetap jangkau pasok aman tingkat dagang stabilitas harga jadi faktor penting jaga daya beli masyarakat utama kelompok dapat rendah lebih lanjut asisten ekonomi bangun tegas kendali kait langsung upaya tanggulang miskin kabupaten tuban naik harga bahan pokok dampak signifikan rumah tangga miskin jaga harga tetap stabil keluar hari masyarakat tekan risiko turun konsumsi butuh dasar hindar sisi pantau harga tim ingat dagang laku timbun perintah daerah siap koordinasi lanjut bulog kuat stok mungkin laksana operasi pasar bila perlu karena pemkab tuban tegas komitmen jaga stabilitas ekonomi lokal jelang ramadan masyarakat imbau belanja wajar lapor temu harga sesuai langka barang pasar yavid,Positif
surabaya deflasi persen januari 2026 pemkot siap strategi tekan jelang ramadan kota surabaya alami deflasi besar persen month month year date januari 2026 tingkat kota surabaya year year ada angka persen januari 2026 accessibility tools berita surabaya deflasi persen januari 2026 pemkot siap strategi tekan jelang ramadan rabu februari 2026 173 hari lalu kota surabaya alami deflasi besar persen month month year date januari 2026 tingkat kota surabaya year year ada angka persen januari 2026 kepala bagi ekonomi sumber daya alam bpsda kota surabaya vykka anggradevi kusuma kata komoditas sumbang besar januari 2026 antara emas hias besar persen nasi lauk persen cumi cumi persen laptop notebook persen semangka persen komoditas sumbang deflasi besar kota surabaya januari 2026 angkut udara besar persen cabai rawit persen daging ayam ras persen bawang merah persen cabai merah persen kelompok keluar awat pribadi jasa lain jadi sumbang andil tinggi januari 2026 besar persen samping komoditas emas hias sumbang tinggi besar persen kata vykka rabu 2026 vykka sebut meski jadi deflasi perintah kota pemkot surabaya terus laku bagai upaya strategis tekan kota surabaya utama langkah laku tekan jelang bulan ramadan hari raya idul fitri tahun 2026 langkah awal laku antara pemkot surabaya gelar pasar murah laksana lama sembilan hari hari serentak februari maret 2026 pemkot gelar gera pangan murah gpm februari maret 2026 tanggal februari maret 2026 kolaborasi perum bulog bumd swasta komoditas jual pasar murah gpm beras premium gula pasir minyak goreng telur ayam daging ayam ras olah daging sapi aneka olah daging sapi aneka cabai bawang merah bawang putih sebut gelar pasar murah gpm pemkot laku inspeksi dadak sidak harga sedia bahan pokok pasar tradisional toko swalayan gudang distributor rencana sidak sebut laku mulai februari maret 2026 terus tekan pemkot lalu tim kendali daerah tpid gerak kios tpid bagai lokasi antara pasar genteng baru pasar tambahrejo pasar karah pasar gubeng masjid pasar balongsari adapun komoditas jual kios tpid beras gula minyak terus laku moralsuation masyarakat sedia bahan pokok kota surabaya sangat cukup ujar vykka imbau seluruh masyarakat peran aktif jaga stabilitas harga tekan laju daerah turut partisipasi warga sangat penting tekan laju kota surabaya jadi mulai belanja bahan pokok bijak sesuai butuh laku beli bahan pokok lebih panic buying imbau harap masyarakat manfaat program program kendali sedia pemkot surabaya depan pasar murah gpm manfaat urban farming tani kota warga manfaat urban farming komoditas cabai tomat sayur penuh butuh pangan rumah tangga pungkas berita lain,Netral
badan awas uang bangun gorontalo 2026 kepala wakil bpkp provinsi gorontalo mohamad riyanto damping subkoor pegawai adi lesmana turut hadir high level meeting hlm tim kendali daerah tpid tim cepat luas digitalisasi daerah tp2dd selenggara rangka kuat sinergi bijak kendali daerah jelang hari besar agama nasional hbkn ramadan idulfitri 1447 giat jalan laksana program elektronifikasi transaksi perintah daerah motor gerak tumbuh ekonomi daerah hlm sebut rupa hasil kerja sama perintah provinsi gorontalo kantor wakil bank indonesia provinsi gorontalo usung tema akselerasi program elektronifikasi transaksi perintah daerah kuat sinergi program kendali dukung tumbuh ekonomi gorontalo inklusif lanjut lalu forum harap bangun koordinasi makin solid antar mang penting jaga stabilitas harga tingkat efektivitas bijak daerah dorong tumbuh ekonomi lanjut inklusif provinsi gorontalo giat sebut hadir sekretaris daerah provinsi gorontalo sofian ibrahim kepala wakil gorontalo bambang satya permana kepala bps provinsi gorontalo watekhi kepala kanwil djpb provinsi gorontalo adnan wimbyarto sekretaris daerah provinsi gorontalo bumn strategis instansi vertikal polri seluruh pihak kait lain temu sebut oleh beberapa rumus rekomendasi strategis rangka jaga stabil daerah provinsi gorontalo jelang hbkn ramadan idulfitri rekomendasi sebut optimal pantau harga sedia pasok pangan strategis dorong stabilitas harga lalu kuat koordinasi lintas sektor pasti lancar distribusi komoditas utama seluruh wilayah wakil bpkp provinsi gorontalo harap ada giat high level meeting mampu hasil langkah langkah konkret integrasi tpid tp2dd respons dinamika sekaligus kuat koordinasi lintas sektor provinsi gorontalo lalu kolaborasi solid kendali daerah harap jalan lebih efektif jaga daya beli masyarakat stabilitas ekonomi regional kominfo bpkp gorontalo,Positif
target lebih rendah pusat 2026 target lebih rendah pusat 2026 perintah provinsi dki target angka tahun 2026 lebih rendah patok perintah pusat angka plus minus persen target inflasi lebih rendah gubernur dki pramono anung optimistis mampu capai target lalu kolaborasi lintas sektor sampai acara high level meeting hlm bulan ramadan hbkn idulfitri 1447h tim kendali tpid provinsi dki hotel aryaduta menteng jumat target perintah dki tahun 2026 tetap target inflasi lebih rendah patok perintah pusat plus minus persen yakin capai kerja sama baik tim tpid ujar pramono pramono pasti ekonomi tumbuh stabilia sampai dasar rilis bps tumbuh ekonomi capai persen lampau rata rata nasional besar persen bahkan kuartal empat 2025 ekonomi lesat hingga persen tumbuh ekonomi dorong bijak dki tingkat daya beli masyarakat lama periode natal tahun baru giat hasil transaksi capai rp15 triliun signifikan beri kontribusi tumbuh triwulan tiga alami tumbuh dekat lima persen jauh atas lima persen jelas tumbuh catat jadi sektor akomodasi makan minum dorong beri insentif pajak dki sektor transportasi gudang lama 2025 pramono sampai beri kontribusi tinggi gdp nasional hingga persen kepala kantor wakil bank indonesia provinsi dki iwan setiawan apresiasi pimpin dki hasil bawa keluar tekan ekonomi kuartal tiga ekonomi sendiri catat tumbuh positif atas persen kuartal empat 2025 rupa suatu momentum sangat baik lihat keluar masa krisis kata tumbuh bawah lima persen sekarang lompat persen ucap kondisi tunjuk ekonomi resiliensi tumbuh lanjut iwan sampai kolaborasi tpid sangat solid awal tumbuh ekonomi 2026 jaga tetap kendali insya allah awal tumbuh ekonomi tahun 2026 jaga tetap kendali range persen plus minus satu persen tandas iwan,Positif
januari 2026 bps kota malang catat deflasi persen sukun malangkota badan pusat statistik bps kota malang catat kembang harga kota malang januari 2026 alami deflasi besar persen bulan bulan month month tahun kalender year date kota malang alami deflasi besar persen tahun year year catat besar persen rilis berita statistik brs bps kota malang laksana hibrida senin 2026 ketua tim distribusi bps kota malang dwi handayani jelas deflasi januari 2026 utama pengaruh turun harga kelompok makan minum tembakau kelompok makan minum tembakau beri andil deflasi besar persen jelas dwi handayani jumlah komoditas kontribusi signifikan deflasi sebut cabai rawit cabai merah daging ayam ras telur ayam ras bawang merah turun harga komoditas hortikultura sebut pengaruh tingkat produksi masa panen raya pasok pasar relatif limpah tahun kota malang januari 2026 dorong kelompok rumah air listrik bahan bakar rumah tangga emas hias jadi salah satu komoditas dominan beri andil year year naik harga emas hias jalan tren tingkat harga emas global panjang januari 2026 imbuh bps kota malang catat lima tahun akhir kembang kota malang periode 2021 2025 tunjuk pola fluktuatif khusus kelompok makan minum tembakau kelompok awat pribadi jasa lain kelompok awat pribadi catat hampir bulan alami kondisi deflasi awal tahun 2026 cermin stabilitas harga relatif jaga utama komoditas pangan jadi salah satu indikator penting jaga daya beli masyarakat kota malang,Netral
januari 2026 capai tahun tinggi sejak juni 2023 januari 2026 capai tahun tinggi sejak juni 2023 kontan harga barang jasa indonesia awal 2026 tunjuk naik badan pusat statistik bps catat januari 2026 tahun year year yoy capai indeks harga konsumen ihk ada level 109 angka lebih tinggi banding januari 2025 tanda tekan harga mulai asa bagai sektor utama kait langsung butuh rumah tangga,Negatif
tani republik indonesia pascabencana balik jadi deflasi aceh sumut sumbar berkat jaga pasok pangan rabu februari 2026 digi badan pusat statistik bps catat kembang positif kendali harga pangan jumlah wilayah dampak bencana hidrometeorologi tiga provinsi aceh sumatera utara sumatera barat alami deflasi januari 2026 belum catat cukup tinggi desember 2025 deputi bidang statistik distribusi jasa bps ateng hartono jelas tiga provinsi sebut tunjuk tren turun harga month month awal 2026 khusus pascabencana tiga provinsi kena bencana hidrometeorologi provinsi aceh sumatera utara sumatera barat alami deflasi awal tahun 2026 belum desember 2025 alami cukup tinggi kata ateng rilis bps senin 2026 rinci aceh desember 2025 alami besar persen balik jadi deflasi persen januari 2026 sumatera utara belum catat persen desember alami deflasi persen januari sumatera barat persen desember 2025 turun jadi deflasi persen januari 2026 ateng kelompok keluar makan minum tembakau jadi sumbang deflasi besar tiga provinsi sebut cermin jaga pasok pangan pokok tengah proses pulih pascabencana tekan harga komoditas pangan utama tekan periode umum komoditas kelompok makan minum tembakau jadi sumbang deflasi besar tiga provinsi sebut aceh utama dorong turun telur ayam ras sumatera utara sumatera barat utama dorong turun harga cabai merah jelas deflasi lepas langkah cepat perintah masuk tani respons dampak bencana hidrometeorologi lalu kuat distribusi salur bantu pangan aman pasok komoditas strategis perintah pasti sedia pangan pokok tetap jaga wilayah dampak tekan pascabencana segera redam nasional januari 2026 jadi deflasi besar persen month month turun indeks harga 109 desember 2025 jadi 109 januari 2026 kelompok makan minum tembakau catat deflasi besar persen andil deflasi persen komoditas utama sumbang deflasi cabai merah cabai rawit bawang merah daging ayam ras telur ayam ras januari 2026 jadi deflasi persen month month jadi turun indeks harga 109 desember 2025 turun jadi 109 januari tahun 2026 sebut ateng bps catat pasuk awal 2026 jumlah komoditas hortikultura cabai merah cabai rawit bawang merah mulai pasuk masa panen kondisi tingkat pasok pasar turut tekan harga pangan tingkat konsumen depan perintah terus kuat koordinasi lintas sektor daerah jaga stabilitas pasok harga pangan utama wilayah rawan bencana bagi upaya jaga tahan pangan nasional,Positif
2026 bps kalsel catat ihk jadi naik 106 jadi 111 badan pusat statistik bps kalimantan selatan kalsel januari 2026 umum tunjuk ada naik dasar hasil pantau bps provinsi kalimantan selatan kabupaten kota januari 2026 jadi besar persen jadi naik indeks harga konsumen ihk 106 januari 2025 jadi 111 januari 2026 jadi ada naik harga tunjuk naik bagi besar indeks kelompok keluar kelompok makan minum tembakau besar persen kelompok pakai alas kaki besar persen kelompok rumah air listrik bahan bakar rumah tangga besar persen kelompok lengkap alat pelihara rutin rumah tangga besar persen kelompok sehat besar persen kelompok didik besar persen kelompok sedia makan minum restoran besar persen kelompok awat pribadi jasa lain besar persen kelompok keluar alami turun indeks kelompok transportasi besar persen kelompok informasi komunikasi jasa uang besar persen kelompok rekreasi olahraga budaya besar alami ubah kata kepala bps kalsel mukhamad mukhanif banjarbaru selasa 2026 komoditas dominan beri andil sumbang januari 2026 emas hias tarif listrik beras sigaret kretek mesin ikan papuyu nasi lauk tarif rumah sakit bawang merah sewa rumah kue basah daging ayam ras spp sekolah dasar baju muslim wanita kopi bubuk ikan peda minyak goreng spp akademi guru tinggi bayam mie kering instant sepeda motor service motor bubur sigaret kretek tangan mobil ikan sepat siam pasta gigi bakso siap santap ikan kembung ayam goreng ikan tongkol pepaya komoditas beri andil sumbang deflasi tarif parkir cabai merah ikan gabus cabai rawit angkut udara bawang putih ikan nila cabai hijau udang basah harum cuci ikan patin januari 2026 kelompok keluar beri andil sumbang kelompok makan minum tembakau besar persen pakai alas kaki besar persen kelompok rumah air listrik bahan bakar rumah tangga besar persen kelompok lengkap alat pelihara rutin rumah tangga besar persen kelompok sehat besar persen kelompok didik besar persen kelompok sedia makan minum restoran besar persen kelompok awat pribadi jasa lain besar persen komoditas dominan beri andil sumbang januari 2026 emas hias bayam daging ayam ras beras ikan gabus sawi hijau ikan papuyu tomat komoditas beri andil sumbang deflasi bawang merah cabai merah angkut udara cabai rawit bensin pepaya ujar mukhanif kalsel scw,Netral
sbn ori029 deposito bank mana lebih ampuh kalah 2026 sbn ori029 deposito bank mana lebih ampuh kalah 2026 ori029 deposito 2026 banding imbal hasil riil pajak simulasi rp100 juta rp1 miliar mana lebih unggul ori029 deposito 2026 banding imbal hasil riil pajak simulasi rp100 juta rp1 miliar mana lebih unggul bareksa investor konservatif tantang utama 2026 bukan sekadar cari instrumen aman jaga nilai uang gerus banding imbal hasil riil hasil pajak jadi kunci khusus obligasi negara ritel ori seri ori029 deposito bank indonesia 2026 kendali gerus nilai uang data badan pusat statistik bps catat januari 2026 besar yoy meski bulan jadi deflasi bank indonesia proyeksi 2026 2027 stabil kisar promo baru bareksa arti instrumen investasi ideal indonesia tetap beri imbal hasil atas daya beli investor susut kenal ori029 ori029 surat harga negara sbn ritel terbit perintah jamin 100 negara tawar individu warga negara indonesia wni ori029 dagang pasar sekunder mulai april 2026 minimum beli rp1 juta maksimal rp15 miliar masa tawar januari hingga februari 2026 ori029 diri seri ori029t3 tenor tahun kupon ori029t6 tenor tahun kupon kupon sifat tetap fixed rate bayar bulan kena pajak imbal hasil bersih per tahun jadi ori029t3 ori029t6 minimum beli rp1 juta dagang pasar sekunder masa minimum holding period deposito bank 2026 aman banding rata rata bunga deposito bank besar awal 2026 ada kisar per tahun batas bunga jamin lps tbp bunga bersih pajak jadi per tahun simulasi imbal hasil riil asumsi ikut gambar imbal hasil riil sumber kemenkeu lps olah bareksa deposito risiko kalah ori029 beri imbal hasil riil positif simulasi investasi nominal imbal hasil riil per tahun investasi rp100 juta sumber kemenkeu lps olah bareksa investasi rp1 miliar sumber kemenkeu lps olah bareksa inti ori029t6 beri imbal hasil riil positif baik investasi rp100 juta maupun rp1 miliar deposito kalah riil nilai uang justru susut selisih imbal hasil bersih nominal ori029t6 deposito capai rp24 juta per tahun dana rp1 miliar selisih imbal hasil riil bahkan lebih lebar risiko mana lebih aman ori029 jamin 100 negara kupon tetap bayar bulan harga naik turun jual jatuh deposito jamin lps maksimal rp2 miliar per nasabah per bank bunga turun panjang fleksibel cair jatuh dua sama sama konservatif risiko utama ori fluktuasi harga deposito risiko kalah bunga turun mana lebih cocok 2026 deposito cocok parkir dana jangka sangat pendek butuh likuiditas ori029 lebih cocok investor dapat bulan rutin incar imbal hasil riil positif butuh dana waktu dekat simpul ori029 baik seri ori029t3 maupun ori029t6 faktual lebih unggul deposito jaga nilai uang tengah 2026 pajak lebih rendah kupon tetap ori029 beri imbal hasil riil positif deposito potensi stagnan riil investor konservatif ori029 layak jadi alternatif utama deposito faq kupon ori029 otomatis reinvestasi otomatis investor perlu laku reinvestasi sendiri ori029 cocok dana darurat kurang ideal harga fluktuatif jual cepat ori029 waris catat aset milik investor ori029 wajib tahan jatuh wajib jual pasar sekunder masa minimum holding period investasi aplikasi sbn ritel baik bareksa bareksa pioneer aplikasi investasi sbn mudah beli obligasi negara ori sbr kamu banding imbal hasil paham risiko ikut jadwal terbit jelas cocok investor cari investasi aman dukung negara semua sedia satu aplikasi investasi percaya tulis abdul malik managing editor bareksa alam lebih tahun jurnalisme pasar modal pegang lisensi wppe fokus analisis makro riset investasi edukasi uang rupa raih beberapa fellowship internasional disclaimer investasi kandung risiko seluruh jadi tanggung jawab pribadi bareksa buat informasi materi sumber sumber percaya pengaruh pihak mana informasi bukan rupa aja atau paksa laku transaksi bareksa beri jamin atas transaksi laku profil tulis abdul malik managing editor bareksa alam lebih tahun jurnalisme pasar modal pegang lisensi wppe fokus analisis pasar modal saham reksadana sbn emas edukasi uang rupa raih beberapa fellowship internasional pilih investasi bareksa klik produk lihat lebih detail produk sedia ayo daftar bareksa sbn sekarang transaksi periode beli buka,Positif
bps catat dki alami deflasi persen lama januari 2026 bps catat dki alami deflasi persen lama januari 2026 badan pusat statistik bps dki catat ekonomi alami deflasi besar persen month month januari 2026 dominasi turun indeks kelompok makan minum tembakau kepala bps dki kadarmanto kata deflasi besar persen januari 2026 dominasi turun indeks kelompok makan minum tembakau besar persen kelompok transportasi persen lihat sisi komoditas sumbang utama deflasi januari 2026 beber kadarmanto memilliki andil tinggi kelompok makan minum tembakau dominasi cabai merah persen daging ayam ras persen bawang merah persen cabai rawit persen bps dki catat desember 2025 angka persensedangkan kelompok transportasi dominasi andil bensin persen ungkap komoditas alami mampu redam laju deflasi januari 2026 antara emas hias andil persen kangkung donat bayam kursus bahasa asing masing masing milik andil persen kelompok sumbang lain januari 2026 antara awat pribadi jasa lain andil persen ungkap tambah angka tahun januari 2026 catat besar persen jauh lebih tinggi banding tingkat bulan sama tahun 2025 besar persen komoditas utama sumbang iniflasl milik andil tinggi tahun dapat empat kelompok rumah air listrik bahan bakar rumah tangga besar persen ungkap,Netral
tahun januari 2026 capai persen sebab badan pusat statistik bps catat indonesia alami tahun besar persen januari 2026 bulan alami deflasi persen deputi bidang distribusi jasa bps ateng hartono kata angka sebut lebih besar banding tahun bulan desember 2025 persen ateng kata sebab tinggi januari 2026 banding desember 2025 pengaruh ada low base effect bijak diskon tarif listrik januari februari 2025 adapun tarif listrik januari 2026 beri andil besar persen tahun tahun yoy baca perintah antisipasi tekan awal 2026 januari februari 2025 perintah terap bijak diskon tarif listrik tentu tekan ihk indeks harga konsumen januari februari 2025 dorong jadi deflasi ujar ateng papar bps senin 2026 ateng sebut turun ihk sebut sebab level harga januari februari 2025 ada bawah pola tren normal indeks harga konsumen ihk 105 januari 2025 jadi 109 januari 2026 hitung tahun tahun yoy laku periode sama tahun 2026 basis banding relatif rendah sebut hasil tingkat tampak lebih tinggi meski dinamika harga jalan relatif jalan tren fundamental ateng jelas maret april 2026 tingkat normal lama perintah naik atau turun harga listrik sisi wilayah bps catat provinsi alami provinsi alami deflasi bulan deflasi dalam jadi sumatera barat besar persen tinggi catat malu utara besar persen lihat bulan kondisi harga justru alami deflasi januari 2026 catat deflasi besar persen month month deflasi dorong turun harga jumlah komoditas pangan kelompok makan minum tembakau jadi sumbang utama deflasi bulan turun besar persen beri andil deflasi persen komoditas dominan dorong deflasi cabai merah cabai rawit bawang merah daging ayam ras telur ayam ras turun harga pangan sebut turut tekan komponen harga gejolak volatile food catat turun tajam jadi persen yoy bulan belum besar persen yoy sisi inti catat tingkat jadi persen yoy naik inti utama picu tingkat harga emas hias catat tumbuh persen tahun emas komoditas sewa rumah beberapa jasa turut beri andil inti baca emas tak asa gerus kelas tengah komitmen beri fakta jernih percaya imbang dukung lanjut jurnalisme jernih nikmat nyaman baca iklan lalu membership gabung plus sekarang,Netral
program hortikultura 2026 dpkp kalsel fokus komoditas kendali dinas tani tahan pangan dpkp provinsi kalimantan selatan laku sesuai program giat bidang hortikultura tahun 2026 iring bijak mangkas anggar sinkronisasi program giat perintah pusat kepala dinas tani tahan pangan kalsel syamsir rahman lalu kepala bidang hortikultura amir sahlan kata prinsip program hortikultura tahun 2026 jauh beda tahun belum sesuai arah bijak nasional batas fiskal daerah program giat hortikultura tahun 2026 sesuai giat pusat samping ada mangkas anggar ujar amir sahlan ruang kerja banjarbaru selasa 2026 jelas meski jadi kurang anggar hingga persen banding tahun 2025 dpkp kalsel tetap prioritas kembang komoditas strategis khusus hortikultura pengaruh kendali daerah komoditas sayur jadi fokus utama liput cabai besar cabai rawit bawang merah tanam buah fokus buah unggukan pisang durian jeruk kembang tanam obat tanam hias tetap jadi bagi perhati bidang hortikultura anggar kurang volume bantu akhir turun contoh bawang merah belum butuh satu hektare perlu satu ton bibit bawang merah kini siasat jadi tengah 500 per hektare pasti tani tetap dapat dukung jelas amir tegas batas anggar kurang semangat jajar dpkp kalsel awal bangun hortikultura baik tanam sayur buah buah maupun tanam hias kalimantan selatan dpkp kalsel rencana kembang tanam hias melati lama swadaya kembang masyarakat kabupaten banjar luas batas program sebut rencana angkat lebih optimal tahun 2027 lihat potensi melati kabupaten banjar cukup besar lama swadaya depan upaya kembang lebih luas tutur rangka dukung kembang komoditas hortikultura tanam pangan dpkp kalsel manfaat lahan milik perintah provinsi kawasan bukit rangkul eks kawasan sport center lokasi sebut kembang bagai komoditas bawang merah cabai besar cabai rawit durian komoditas tanam pangan jagung singkong kacang tanah aneka sayur hortikultura kembang cabai bawang merah durian bukit rangkul cukup bagus lahan bukit rangkul sangat cocok kembang jadi kahan tani durian bahkan tumbuh besar dorong kembang lebih lanjut ungkap amir tambah kembang hortikultura kalsel batas bantu perintah terus dorong lalu swadaya masyarakat bagai komoditas sayur buah tetap kembang mandiri kelompok tani jumlah daerah kait sebar komoditas buah amir sebut durian dominan kembang kabupaten banjar tanah laut bagi kabupaten hst tabalong pisang salur sesuai mohon kabupaten kota lalu proses verifikasi kelompok kelompok tani mohon adapun komoditas jeruk dpkp kalsel terus upaya tahan produksi tengah turun dukung dana perintah pusat sejak 2023 jeruk jadi perhati kembang jeruk sangat dukung dana apbn sejak tiga tahun akhir jadi andal dukung dana apbd produktivitas jeruk khusus kabupaten barito kuala kabupaten banjar mulai turun terus antisipasi depan pungkas kalsel tgh,Positif
kalteng gelar sosialisasi asistensi susun lapor kerja tpid kalimantan tengah kilas info kontribusi dewi rosmeity februari 2026 baca 525 kali mmckalteng palangka raya perintah provinsi kalimantan tengah kolaborasi sama kantor wakil bank indonesia provinsi kalimantan tengah gelar sosialisasi rapat asistensi susun lapor kerja tim kendali daerah tpid kalimantan tengah tempat aula betang hapakat lantai kantor wakil bank indonesia provinsi kalimantan tengah selasa 2026 giat tuju tingkat kualitas susun lapor kerja tpid tahun 2025 lebih arah ukur sesuai pedoman nasional tetap perintah pusat sekaligus kuat sinergi kendali kalimantan tengah baca ketua kwarda gera pramuka kalteng lantik ketua mabicab gera pramuka barito utara masa bakti 2021 2026 plt sekretaris daerah provinsi kalimantan tengah leonard ampung sambut tegas kendali rupa salah satu pilar penting jaga stabilitas ekonomi daerah utama tengah tantang global makin kompleks tpid milik tanggung jawab besar pasti stabilitas harga khusus komoditas pangan strategis jadi butuh pokok masyarakat tantang kendali depan makin dinamis baik akibat fluktuasi harga komoditas global ubah iklim maupun dinamika geopolitik tutur leonard tekan penting sinergi kuat antar tpid seluruh wilayah kalimantan tengah strategi kendali lebih responsif adaptif turut sektor pangan transportasi energi rupa sektor utama perlu perhati kolaborasi lintas sektor tegas susun lapor kerja tpid bukan sekadar wajib administratif jadi sarana evaluasi baik bijak kendali lebih tepat sasar lalu giat asistensi harap kualitas lapor kerja tpid makin baik dukung data akurat analisis komprehensif dorong lahir inovasi inovasi lokal khusus kuat sektor pangan transportasi energi tambah lebih lanjut leonard ingat upaya kendali lalu gera nasional kendali pangan gnpip terus laksana konsisten tahun 2026 lalu operasi pasar pasar imbang tingkat produktivitas pangan luas kerja sama antar daerah kad wilayah surplus kepala deputi wakil bank indonesia provinsi kalimantan tengah adi nugroho sampai rendah stabil rupa fondasi utama tumbuh ekonomi lebih tinggi baik tingkat daerah maupun nasional ungkap capai kalimantan tengah tahun 2025 catat besar persen ada rentang target nasional besar persen persen tetap perlu cermat depan lebih optimal stabil upaya kendali lepas kolaborasi bank indonesia perintah daerah seluruh mang penting giat hari jadi muara seluruh upaya kendali laku panjang tahun 2025 jelas adi nugroho tekan penting susun lapor kerja tpid baik sesuai kaidah ingat lapor sebut jadi bahan nilai tim kendali pusat tpip kontribusi ajang tpid award gengsi tingkat nasional giat turut hadir plt sekretaris daerah provinsi kalimantan tengah leonard ampung staf ahli gubernur yuas elko analis bijak ahli muda koordinator bidang ekonomi devi setyorini telaah teknis bijak negeri nadya amelia risky mustofa lalu zoom meeting guru besar universitas lambung mangkurat banjarmasin muhammad handri imansyah jabat lingkup perintah provinsi kalimantan tengah tpid provinsi kabupaten kota kalimantan tengah foto tra,Positif
efek diskon listrik tahun lalu tahun 2026 tinggi badan pusat statistik bps catat tahun year year yoy januari 2026 capai bulan month month mtm ekonomi indonesia justru alami deflasi besar deputi bidang statistik distribusi jasa bps ateng hartono jelas beda arah sebut sebab low base effect jadi periode sama tahun belum ateng kata januari februari 2025 perintah terap bijak diskon tarif listrik bijak sebut tekan indeks harga konsumen ihk awal 2025 sebab deflasi bulan sebut tahu tinggi januari 2026 year year pengaruh ada low base effect januari februari 2025 perintah terap bijak diskon tarif listrik tentu tekan ihk januari februari 2025 kata ateng konferensi pers senin 2026 ateng turun ihk akibat diskon tarif listrik buat level harga januari 2025 ada bawah tren normal kondisi kemudian dampak hitung tahun 2026 turun ihk sebab level harga januari 2025 ada pola bawah tren normal hitung year year laku periode sama 2026 basis banding relatif rendah akibat tingkat tampak tinggi jelas tambah tahun lihat tinggi utama asal kelompok tarif listrik pasal 2025 harga listrik tekan bijak diskon 2026 tarif kondisi normal tadi kan banding 2025 akibat ada diskon tarif listrik kan rendah jadi dorong tinggi kelompok utama listrik ujar ateng meski ateng tegas umum dinamika harga pola normal tahun januari februari 2026 kira pengaruh efek basis rendah sebut sekali jadi year year januari februari jadi ada low base effect akibat bijak diskon tarif listrik implementasi januari februari 2025 pungkas simak video akhir deflasi bulan turut turut oktober,Netral
bmkg papar kembang cuaca iklim jawa barat 2026 high level meeting kendali pangan bandung februari 2026 badan meteorologi klimatologi geofisika bmkg papar kembang cuaca iklim provinsi jawa barat tahun 2026 agenda high level meeting hlm tajuk pasamoan agung sinergi kendali pangan luas digitalisasi tangguh daya tahan hadap ramadhan idul fitri 2026 giat pimpin wakil gubernur jawa barat hadir kepala wakil bank indonesia provinsi jawa barat sekretaris daerah provinsi jawa barat bupati wali kota wakil jajar organisasi perangkat daerah opd instansi vertikal kait forum strategis sebut koordinator bmkg provinsi jawa barat teguh rahayu hadir narasumber sampai analisis bas data kait dinamika cuaca iklim potensi pengaruh sektor pangan stabilitas harga jawa barat bmkg sorot kondisi cuaca iklim jawa barat periode strategis ramadhan hingga idul fitri 2026 sekaligus beri gambar umum climate outlook panjang tahun 2026 papar sebut cakup proyeksi musim potensi anomali iklim dinamika cuaca dampak langsung produksi tani distribusi logistik stabilitas pasok bahan pangan bmkg sampai informasi kini kembang cuaca iklim wilayah jawa barat bagi upaya kuat kesiapsiagaan perintah daerah hadap potensi risiko hidrometeorologi pengaruh rantai pasok pangan informasi iklim akurat jadi faktor penting dukung ambil bijak khusus jaga sedia pangan lancar distribusi jelang ramadhan idul fitri ujar teguh lalu sampai informasi cuaca iklim komprehensif bmkg forum harap sinergi lintas sektor makin kuat dukung bijak kendali pangan adaptif sekaligus pasti stabilitas ekonomi jawa barat tetap jaga tengah dinamika cuaca tingkat butuh masyarakat ramadhan idul fitri 2026,Netral
januari 2026 malu utara tinggi sumbar rendah januari 2026 malu utara tinggi sumbar rendah ibnu affan february 2026 bloomberg technoz badan pusat statistik bps lapor kembang bulan month month mtm seluruh wilayah indonesia per januari 2026 hasil malu utara jadi provinsi tinggi banyak provinsi alami deflasi deputi bidang statistik distribusi jasa ateng hartono kata malu utara catat capai deflasi dalam ada sumatra barat capai wilayah banyak provinsi alami provinsi alami deflasi tinggi jadi malu utara besar ujar ateng konferensi pers kantor senin 2026 perinci sisi wilayah tinggi pulau sumatra jadi pulau bank belitung besar deflasi rendah ada sumatra barat capai pulau jawa seluruh alami deflasi deflasi rendah provinsi jawa barat deflasi dalam ada jawa tengah besar,Netral
januari 2026 persen picu tarif listrik hingga beras tulis badan pusat statistik bps lapor tahun year year yoy januari 2026 besar persen indeks harga konsumen ihk besar 109 januari 2026 jadi year year yoy besar persen indeks harga konsumen ihk besar 109 tulis bps lapor spasial tahun tinggi tingkat provinsi jadi aceh besar persen ihk besar 114 balik tahun rendah tingkat provinsi jadi lampung besar persen ihk besar 109 baca optimistis turun meski awal 2026 sentuh persen adapun tingkat kabupaten kota tahun tinggi jadi kota gunungsitoli besar persen ihk besar 116 rendah jadi kabupaten minahasa selatan besar persen ihk besar 109 meski tahun jadi persen januari 2026 bps catat jadi deflasi bulan month month mtm tahun kalender year date ytd masing masing besar persen tabel ihk nasional kelompok keluar catat ihk januari 2025 besar 105 tingkat jadi 109 desember 2025 sedikit turun jadi 109 januari 2026 turun desember 2025 januari 2026 sebut cermin deflasi bulan besar persen baca airlangga ungkap sebab tahun januari 2026 tahun januari 2026 jadi naik harga tunjuk naik bagi besar indeks kelompok keluar kelompok makan minum tembakau alami tahun besar persen kelompok pakai alas kaki naik persen lalu kelompok rumah air listrik bahan bakar rumah tangga catat naik persen kelompok lengkap alat pelihara rutin rumah tangga naik persen kemudian kelompok sehat naik persen kelompok transportasi naik persen kelompok rekreasi olahraga budaya naik persen baca januari naik persen perintah nilai sifat lanjut kelompok didik naik persen kelompok sedia makan minum restoran naik persen kelompok awat pribadi jasa lain alami naik tinggi besar persen balik kelompok informasi komunikasi jasa uang alami turun indeks deflasi tahun besar persen,Netral
disperindag sulteng pasti tingkat stabil hingga ramadhan disperindag sulteng pasti tingkat stabil hingga ramadhan palu dinas industri dagang disperindag sulawesi tengah sulteng pasti tingkat provinsi tetap stabil hingga bulan ramadhan 1557 hijriah tahun 2026 optimistis daerah jaga tingkat month month januari 2026 persen dasar data badan pusat statistik bps kata kepala dinas industri dagang sulteng richard arnaldo djanggola palu selasa muka data bps tunjuk tingkat year date januari 2026 besar persen proyeksi hingga ramadhan timbul khawatir optimistis tingkat sedia cadang bahan pangan utama komoditas beras sangat pada ada angka ribu ton bahkan perintah laku tambah cadang stok komoditas sebut hadap ramadhan banyak ribu ton masyarakat perlu khawatir lebih perintah daerah perintah daerah pihak lain terus laku langkah langkah konkret jaga sedia stok maupun stabilitas harga bahan pokok pasar ujar kata komoditas kira pengaruh tingkat daerah emas hias tarif listrik bagaimana data rilis bps andil komoditas awal tahun persen meski perintah daerah tetap laku langkah antisipasi lalu optimalisasi gera pasar murah tingkat intensitas inspeksi tingkat pasar upaya cegah praktik praktik curang timbun bahan pangan oknum distributor maupun dagang masuk kuat mitra mang penting logistik pangan cegah jadi monopoli harga tingkat pasar momen momen hari besar agama sering jadi lonjak harga harga komoditas pangan naik pihak jauh sedia bahan pokok penting sangat pada ucap richard komoditas pangan lain cabai merah cabai rawit telur ayam justru masuk tiga kategori komoditas turut andil deflasi gegabah komoditas pangan penting tetap jadi prioritas awas terus upaya momen ramadhan jadi gejolak harga bahan pokok kata warta mohamad ridwan editor andilala copyright 2026,Positif
airlangga ungkap sebab tahun januari 2026 januari 2026 catat persen tahun menteri koordinator bidang ekonomi airlangga hartarto nilai angka sebut kait erat efek basis rendah awal tahun lalu airlangga jelas kuartal pertama 2025 warna stimulus besar upa diskon tarif listrik persen juta keluarga bijak tekan harga signifikan level periode sebut jadi rendah deflasi kuartal pertama tahun lalu jadi tahun kan persen tahun lalu kasih diskon listrik persen juta keluarga ujar airlangga indonesia economic summit selasa 2026 baca januari naik persen perintah nilai sifat bijak diskon listrik sebut terap awal 2026 kondisi buat banding tahun lihat lebih tinggi tahun diskon listrik tegas airlangga nilai naik sebut kendali tekan harga nilai ganggu upaya jaga momentum pulih ekonomi perhati perintah tuju kuat aktivitas ekonomi kuartal pertama periode nilai tentu kerja tumbuh panjang 2026 nah target gerak ekonomi lebih tinggi kuartal pertama penting kemarin kuartal pertama tahun lalu relatif lebih rendah ujar airlangga bagai stimulus ekonomi siap jaga daya beli langkah arah dorong konsumsi investasi awal tahun tengah tekan global data badan pusat statistik tunjuk kondisi beda bulan ekonomi indonesia catat deflasi persen bulan januari 2026 baca januari jadi uji psikologis pasar uang indonesia turun harga utama jadi komoditas pangan iring tingkat pasok kondisi tekan indeks harga konsumen deputi bidang distribusi jasa bps ateng hartono sebut indeks harga konsumen januari 2026 ada level 109 angka sebut turun posisi desember 2025 level 109 kelompok makan minum tembakau jadi sumbang deflasi besar andil kelompok capai persen januari 2026 jadi deflasi persen bulan utama dorong kelompok makan minum tembakau ujar ateng rilis bps senin 2026 tahun tetap catat persen meski deflasi jadi bulan ateng jelas angka tahun sebut pengaruh efek basis rendah diskon tarif listrik januari hingga februari 2025 tekan basis banding tahun belum dampak bijak sebut asa hitung tahun awal 2026 komitmen beri fakta jernih percaya imbang dukung lanjut jurnalisme jernih nikmat nyaman baca iklan lalu membership gabung plus sekarang,Positif
bps ntt persen januari 2026 bps ntt persen januari 2026 kupang ntt badan pusat statistik bps catat tahun year year yoy provinsi nusa tenggara timur januari 2026 besar persen tingkat banding desember 2025 yoy catat besar persen tahun ntt januari 2026 besar persen yoy indeks harga konsumen ihk besar 109 kata ketua tim statistik distribusi bps provinsi ntt putu dita pickupana kupang senin jelas januari 2026 yoy jadi naik sembilan sebelas kelompok keluar kelompok keluar andil tahun tinggi rumah air listrik bahan bakar rumah tangga besar persen ikut kelompok awat pribadi jasa lain andil persen adapun komoditas beri andil dorong tinggi cabai rawit besar persen emas hias besar persen tomat besar persen kangkung besar persen bawang merah besar persen naik harga cabai rawit tomat kangkung bawang merah sebab kurang pasok akibat produksi turun faktor cuaca iring wilayah ntt sejak desember 2025 pasuk musim hujan intensitas cukup tinggi kata tinggi jadi waingapu besar persen ihk 111 rendah jadi kabupaten timor tengah selatan besar persen ihk 110 lebih lanjut januari 2026 ntt alami bulan month month mtm besar persen year date ytd besar jadi desember 2025 mtm catat besar persen kata dita kata dasar kelompok keluar bulan januari 2026 sebab naik enam sebelas kelompok keluar adapun sebab dominan januari 2026 mtm naik indeks harga kelompok makan minum tembakau besar persen andil persen kelompok awat pribadi jasa lain besar persen andil persen hambat dominan januari 2026 mtm asal kelompok didik alami deflasi besar persen andil minus persen warta yoseph bol bataona editor anwar maga copyright 2026 larang keras ambil konten laku crawling indeks otomatis situs web izin tulis kantor berita,Netral
januari naik persen perintah nilai sifat tingkat indonesia januari 2026 catat tingkat tahun badan pusat statistik catat capai persen year year lebih tinggi banding desember 2025 besar persen direktur jenderal strategi ekonomi fiskal uang febrio kacaribu nilai naik sebut sifat lonjak cermin tekan harga lebih naik utama pengaruh efek basis rendah awal tahun lalu febrio jelas januari hingga februari 2025 perintah terap bijak diskon tarif listrik bijak sebut buat tingkat harga ada bawah tren normal baca januari jadi uji psikologis pasar uang indonesia dampak lihat banding tahun januari 2026 tampak lebih tinggi tingkat utama pengaruh basis rendah awal tahun lalu sifat temporer tekan harga kira normal maret ujar febrio terang selasa 2026 data bps tunjuk lonjak tahun paling besar jadi kelompok harga atur perintah administered prices kelompok naik persen tahun desember 2025 jadi persen januari 2026 kontribusi cukup signifikan tahun kondisi beda lihat gera harga bulan januari 2026 catat deflasi besar persen month month turun harga picu koreksi jumlah komoditas pangan kelompok makan minum tembakau jadi sumbang utama deflasi kelompok turun persen beri andil deflasi besar persen komoditas paling dominan tekan harga cabai merah cabai rawit bawang merah daging ayam ras telur ayam ras turun harga pangan sebut ikut tekan komponen harga gejolak volatile food volatile food turun tajam jadi persen tahun persen bulan belum baca tahun januari 2026 capai persen sebab inti catat tingkat jadi persen tahun naik inti utama picu lonjak harga emas hias bps catat harga emas hias tumbuh persen tahun emas sewa rumah jumlah jasa beri andil inti,Positif
tahun januari 2026 tembus sebab tahun januari 2026 tembus sebab ibnu affan february 2026 bloomberg technoz badan pusat statistik bps lapor laju tahun tahun year year yoy januari 2026 catat capai arti jadi naik indeks harga konsumen ihk 105 januari 2025 jadi 109 januari 2026 akselerasi laju tahun januari 2026 kira belum konsensus bloomberg hasil median kira januari besar yoy lebih tinggi ketimbang bulan belum deputi bidang statistik sosial bps ateng hartono jelas dasar kelompok keluar tahun utama dorong kelompok rumah air listrik bahan bakar rumah tangga alami tinggi capai beri andil komoditas paling beri andil besar ialah tarif listrik kemudian kelompok lain ialah emas hias kata ateng konferensi pers senin 2026 jelas alas data tahun bulan januari 2026 banding balik tahu data tahun catat januari alami capai bulan malah alami deflasi,Netral
kait aceh januari 2026 ekonom saran kuat kendali harga daerah kait aceh januari 2026 ekonom saran kuat kendali harga daerah acehtrend banda aceh badan pusat statistik bps aceh catat year year yoy provinsi aceh januari 2026 besar persen meski golong tinggi angka relatif stabil banding desember 2025 ada level persen dasar berita statistik bps aceh rilis februari 2026 capai sebut pengaruh beberapa kelompok keluar utama tunjuk tekan harga kelompok makan minum tembakau catat besar persen kelompok rumah air listrik gas bahan bakar rumah tangga alami persen kelompok sedia makan minum restoran alami persen kelompok awat pribadi jasa lain catat relatif tinggi besar persen ekonom universitas syiah kuala rustam effendi nilai kondisi aceh pengaruh dampak lanjut bencana banjir jadi akhir 2025 ganggu distribusi pasok barang nilai sepenuh normal pengaruh bentuk harga tingkat konsumen ujar rustam senin turut cukup tinggi kelompok makan minum cermin stabil harga butuh pokok pasar kondisi sebut turut dampak sektor sedia makan minum kelompok rumah energi tekan penting perhati sama tim kendali daerah tpid tingkat provinsi maupun kabupaten kota kuat langkah langkah kendali harga khusus kelompok keluar beri kontribusi besar kabupaten kota bps catat jadi jumlah kabupaten kota aceh aceh tengah catat besar persen aceh tamiang persen kota lhokseumawe persen kota banda aceh persen kota meulaboh ada level persen rustam effendi nilai relatif tinggi pengaruh daya beli masyarakat stabilitas ekonomi daerah jangka pendek perintah daerah perlu kuat langkah langkah kendali harga lalu sedia butuh pokok harga jangkau utama jelang ramadan periode meugang dorong perintah daerah fokus belanja giat program program dampak langsung stabilitas pasok harga pangan cepat realisasi anggar daerah dukung lancar distribusi barang pulih ekonomi kuat fiskal daerah cepat laksana apba 2026 dukung lancar distribusi logistik darat laut harap stabilitas harga jaga tekan angsur turun tutup,Positif
emas hias ikan layang picu ntb januari 2026 laju gera harga konsumen nusa tenggara barat ntb catat alami persen januari 2026 naik harga emas hias ikan layang jadi picu utama awal tahun tinggi beri andil januari 2026 emas hias persen bulan persen emas hias lebih paruh kemudian ikan layang beri andil hingga persen kata ketua tim statistik harga bps ntb ahyar usai rilis data kantor senin 2026 harga emas hias terus alami naik naik jalan tren tingkat harga emas dunia tinggi sambung emas hias ikan layang ahyar sebut jumlah komoditas turut beri andil januari 2026 komoditas sebut ikan bandeng andil persen tomat persen ikan teri persen beberapa komoditas justru catat deflasi januari 2026 komoditas alami turun harga cabai rawit andil deflasi persen bawang merah persen cabai merah persen angkut udara persen daging ayam ras persen andil deflasi kali tiga komoditas bulan november dominasi januari nyata beri andil deflasi alami turun harga cukup signifikan terang sisi wilayah tinggi jadi kabupaten sumbawa besar persen indeks harga konsumen ihk 110 lanjut susul kota bima catat persen ihk 111 kota mataram justru alami deflasi besar persen ihk 110 kabupaten sumbawa kota bima alami kota mataram sebentar masuk bulan puasa harga harga selalu naik perlu dapat perhati serius terang ahyar jelas dapat jumlah komoditas beri andil besar wilayah ihk ntb komoditas sebut antara emas hias nasi lauk bawang putih cumi cumi ikan kembung ikan layang ikan bandeng ikan teri tomat ikan bakar hingga asam ikan erat kait cuaca januari kurang sahabat nelayan tangkap ikan kurang tandas,Netral
bank sentral australia naik suku bunga redam kuat catat artikel bukan tuju saran finansial ambil putus finansial saran konsultasi rencana uang profesional tingkat ada atas target turun harga saham harga emas perak anjlok hias berita berita ekonomi australia hari selasa reserve bank australia rba bank sentral australia umum naik suku bunga besar poin prediksi banyak amat suku bunga acu bank sentral australia jadi persen naik persen salah satu alas naik suku bunga redam australia imf ingat jadi tantang ekonomi australia ada angka persen jauh ada atas target bank sentral australia hingga persen meski turun substansial sejak puncak tahun 2022 tingkat signifikan paruh dua tahun 2025 kata dewan rba buah nyata dewan pantau ekonomi cermat nilai bagi tingkat cermin ada tekan lebih besar akibat dewan rasa mungkin tetap atas target beberapa waktu tahun lalu rba mangkas suku bunga lama tiga kali lihat turun mangkas suku bunga akhir jadi bulan agustus lalu bank sentral australia rba mangkas suku bunga tiga kali tahun lalu iring turun mangkas suku bunga akhir jadi bulan agustus apa dampak diaspora indonesia michael lukman nasihat sektor uang sydney warga diaspora indonesia australia sama sama rasa dampak naik suku bunga warga australia lain dampak gantung ada kelompok ekonomi mana michael kata naik suku bunga biasa rasa milik cicil rumah bunga tetap bunga cicil ikut naik rasa dampak paling besar milik rumah cicil sedikit atas syarat bayar minimum ada ambang batas kata michael sewa rumah mungkin besar rasa dampak naik suku bunga mungkin milik rumah coba beban naik bunga cicil sewa ujar michael saat tabung lebih banyak bank suku bunga naik buat simpan uang bank bentuk tabung deposito tarik lebih harga saham australia fluktuatif harga logam mulia anjlok sempat capai level tinggi sejarah david taylor koresponden bisnis abc lapor harga emas pernah capai rekor tinggi lebih 000 per tray ounce gram pekan lalu kemudian anjlok persen ada jual panik panik harga perak anjlok turun persen sejak capai rekor tinggi panjang masa jumlah amat kata salah satu sebab utama turun harga logam mulia pilih kevin warsh pimpin bank sentral amerika serikat federal reserve presiden donald trump kevin usia tahun anggap mungkin mangkas suku bunga dorong beli dolar amerika serikat akibat dorong orang orang beli emas perak michael lukman gen advisory pty ltd sydney kata tabung uang bank masuk bentuk deposito bukan jadi pilih baik suku bunga naik semua gantung apa jadi goal kamu jangka pendek jangka panjang michael kata tabung bank jadi pilih jangka pendek penuh butuh hari hari tuju jangka panjang tabung masa tua pensiun turut perlu diversifikasi investasi diversifikasi laku investasi bursa saham beli logam mulia emas perak jangka panjang nilai uang selalu kurang iring waktu sejarah tunjuk investasi aset saham logam mulia unggul aset risiko rendah deposito bank uang tunai jelas michael positif kuat dolar australia michael kata umum naik suku bunga biasa kuat nilai mata uang turut nilai dolar australia kuat naik suku bunga lemah nilai tukar dolar amerika serikat prediksi seperti lihat kuat dramatis mata uang australia ujar michael turut warga diaspora indonesia lihat nilai kurs dolar australia terus naik rupiah positif hendak kirim uang konversi mata uang rupiah kuat dolar australia buat ekspor australia indonesia jadi kurang tarik dolar australia lebih mahal balik impor indonesia australia lebih tarik beli barang barang indonesia jadi lebih murah siapa untung rugi selalu ubah gantung suku bunga kuat lemah mata uang suku bunga selalu naik turun rekomendasi tinjau ulang anggar rumah tangga cermat laku apa tahan ujar michael gareth hutchens kontribusi lapor lihat video mendagri kan biang kerok lonjak harga emas dunia,Negatif
video impor obat alkes bikin medis prediksi capai 2026 angka sebut dampak impor bahan baku obat alat sehat biaya pelihara infrastruktur medis luar negeri meski hadap tantang perintah komitmen jaga kualitas layan dorong produksi alat sehat alkes negeri kuat mandiri farmasi,Positif
eur turun ecb tetap stabil securities securities lapor zona euro turun jadi tahun tahun utama sebab harga energi analisis tunjuk tren disinflasi harap pengaruh temu ecb datang prakira ukur inti lambat tunjuk longgar lebih luas tekan harga wawas zona euro kawasan euro turun harap jadi tahun tahun ukur utama diskusi belum kontributor besar laju disinflasi energi tahun tahun utama efek basis ubah posisi ecb temu hari kamis jadi bagi nyata ingat langkah prakira jelas masa lalu artikel buat bantu alat cerdas buat tinjau orang editor informasi kena halaman halaman isi nyata wawas masa datang libat risiko ketidakpastian pasar instrumen profil halaman tuju informasi anggap rekomendasi beli jual sekuritas laku riset seluruh buat putus investasi apa fxstreet jamin informasi bebas salah galat salah saji material jamin informasi sifat tepat waktu investasi forex libat banyak risiko masuk hilang semua bagi investasi tekan emosional semua risiko rugi biaya kait investasi masuk rugi total pokok rupa tanggung jawab berita kini pilih editor prospek dolar tengah tahun mata uang luar biasa risiko luar biasa prakira harga emas skenario tentu sisa tahun 2026 ini arah dolar kanada lanjut skenario bearish skenario bullish bitcoin btc tahan kuat ancam minyak 100 ubah main ikut perlu tahu hari jumat juli pasar uang tetap hindar risiko jelang akhir pekan investor kini nilai dampak gelombang baru tarif laku amerika serikat terus perhati berita keluar timur tengah kalender ekonomi tampil data awal indeks manajer beli imp manufaktur jasa bulan juli zona euro inggris hari jumat,Positif
amat januari 2026 naik efek low base amat januari 2026 naik efek low base redaksi february 2026 bloomberg technoz ekonom universitas indonesia fithra faisal hastiadi nilai tahun year year indonesia besar persen januari 2026 perlu khawatir pasal meski angka sebut ada sedikit atas rentang target bank indonesia besar persen naik sebut cermin lonjak harga barang jasa umum pengaruh faktor hitung statistik fithra jelas januari 2026 utama picu efek basis rendah low base effect mana persentase tumbuh indeks harga konsumen ihk lihat tinggi banding level januari 2025 sangat rendah naik benar picu low base effect bukan dinamika harga jadi karena fenomena sejati tak perlu khawatir cermin lemah fundamental ekonomi ujar fithra senin tutur low base effect asal bijak diskon tarif listrik besar persen golong tentu terap perintah januari februari 2025,Netral
aceh alami deflasi persen bulan tahun hingga persen banda aceh badan pusat statistik bps provinsi aceh catat aceh alami deflasi persen januari 2026 pasca bulan bencana angka sebut lihat dasar banding desember 2025 bulan bulan januari 2026 bps catat aceh alami deflasi turun harga month month besar persen banding desember 2025 kata plh kepala bps provinsi aceh tasdik ilhamudin banda aceh senin sebut kelompok keluar sumbang deflasi bulan tinggi makan minum tembakau kelompok alami deflasi besar persen beri andil besar persen deflasi dapat beberapa komoditas pengaruh deflasi bulan telur ayam ras cabai merah beras bahan bakar rumah tangga minyak goreng ujar sisi kata tasdik lihat tahun januari 2026 aceh alami besar persen banding januari 2025 baca emas hias sumbang aceh oktober persen arti harga barang jasa umum naik rata rata besar persen banding periode sama tahun belum kata jelas dasar data kelompok keluar lihat kelompok keluar makan minum tembakau beri andil tahun tinggi besar persen sebut dapat lima daerah kota hitung aceh banda aceh lhokseumawe meulaboh aceh tengah aceh tamiang januari 2026 jadi tahun seluruh wilayah hitung tahun tinggi jadi kabupaten aceh tengah capai persen paling rendah dapat meulaboh kabupaten aceh barat besar persen kemudian lihat bulan daerah alami aceh tamiang lhokseumawe tinggi ada kota lhokseumawe persen kota banda aceh deflasi dalam besar persen tasdik ilhamudin baca ekonomi aceh tumbuh persen triwulan begini jelas warta rahmat fajrieditor haris setiady agus copyright 2026 larang keras ambil konten laku crawling indeks otomatis situs web izin tulis kantor berita,Netral
tahun januari 2026 lonjak persen biang kerok poin penting januari 2026 catat persen yoy tinggi sejak mei 2023 naik tajam banding desember 2025 besar persen naik picu low base effect akibat bijak diskon tarif listrik januari februari 2025 tarif listrik beri andil besar persen yoy bulan jadi deflasi persen mtm januari 2026 bps proyeksi normal maret april 2026 ubah tarif listrik badan pusat statistik bps catat januari 2026 besar persen tahun year year yoy tinggi sejak mei 2023 besar persen angka lebih tinggi banding desember 2025 besar persen deputi bidang distribusi jasa bps ateng hartono ungkap sebab tinggi januari 2026 banding desember 2025 pengaruh ada low base effect bijak diskon tarif listrik januari februari 2025 adapun tarif listrik januari 2026 beri andil besar persen yoy baca indonesia alami deflasi persen januari 2026 januari februari 2025 perintah terap bijak diskon tarif listrik tentu tekan ihk indeks harga konsumen januari februari 2025 dorong jadi deflasi kata ateng rilis bps senin februari 2026 ateng sebut turun ihk sebut sebab level harga januari februari 2025 ada bawah pola tren normal jadi kalau misal tarif listrik tren normal tadi bijak diskon listrik tadi turun ihk nya ada kondisi tren harga bawah normal jelas hitung tahun tahun yoy laku periode sama tahun 2026 basis banding relatif rendah sebut hasil tingkat tampak lebih tinggi meski dinamika harga jalan relatif jalan tren fundamental jadi dinamika normal jadi yoy januari februari 2026 jadi low base effect akibat bijak tarif listrik implementasi januari februari 2025 lalu jelas ateng baca provinsi sumatra alami deflasi pasca bencana ateng nyata maret april 2026 tingkat normal lama perintah naik atau turun harga listrik adapun januari 2026 jadi deflasi besar persen bulan mtm jadi turun ihk jadi 109 109 januari 2026 editor galih pratama,Netral
indonesia alami tahun persen januari 2026 indonesia alami tahun persen januari 2026 ralat paragraf dua deflasi bulan deflasi tahun kalender bukan ikut berita baik deputi bidang distribusi jasa badan pusat statistik bps ateng hartono umum senin ekonomi indonesia alami tahun year year yoy besar persen januari 2026 bulan month month mtm tahun kalender year date ytd ekonomi indonesia alami deflasi besar persen januari 2026 desember 2025 warta uyu septiyati liman editor faidin copyright 2026,Netral
tinggi rupiah tekan saat rate naik tinggi rupiah tekan saat rate naik redaksi february 2026 bloomberg technoz badan pusat statistik bps lapor tahun indonesia lonjak januari lonjak tahun besar jalan proyeksi ekonom himpun bloomberg besar yoy laju tahun jadi tinggi sejak mei 2023 januari lonjak meski lampau ekspektasi dorong efek basis rendah bijak diskon tarif listrik rumah tangga dapat rendah tahun lalu adapun dasar kelompok keluar jadi dorong rumah tarif air listrik bahan bakar rumah tangga capai inti catat tingkat jadi akibat dorong harga emas naik harga emas kecuali inti besar tahun lebih rendah inti desember indikasi lemah aktivitas ekonomi aktivitas belanja masyarakat relatif rendah harga emas cenderung pengaruh faktor global bukan cermin konsumsi masyarakat hari hari ukur nyaring harga harga mudah naik turun harga pangan emas inti relatif rendah indikasi ada demand pull inflation jadi akibat lonjak minta barang jasa domestik roket atas agak makin sempit peluang bank indonesia laku longgar moneter langkah hawkish naik suku bunga kendali mungkin laku mungkin rate agak tahan,Netral
indonesia kuat awal 2026 tinggi tahun akhir lapor badan pusat statistik bps indonesia alami tahun besar year year yoy januari 2026 laju jadi rekor tinggi tengah tahun akhir tepat sejak mei 2023 lihat grafik ikut daftar kelompok keluar alami naik harga tahun januari 2026 urut inflasi tinggi awat pribadi jasa lain yoy rumah air listrik bahan bakar rumah tangga yoy makan minum tembakau yoy sehat yoy sedia makan minum restoran yoy didik yoy rekreasi olahraga budaya yoy pakai alas kaki yoy transportasi yoy lengkap alat pelihara rutin rumah tangga yoy satu kelompok keluar alami deflasi turun harga tahun januari 2026 informasi komunikasi jasa uang turun yoy komoditas alami naik harga tahun awal tahun beras ikan segar daging ayam ras bawang merah kopi bubuk sigaret kretek tangan skt sigaret kretek mesin skm sigaret putih mesin spm nasi lauk tahun jadi tarif listrik sewa rumah kontrak rumah tarif air minum pam bahan bakar rumah tangga upah asisten rumah tangga sepeda motor mobil uang sekolah emas hias komoditas alami deflasi turun harga tahun januari 2026 cabai merah cabai rawit bawang putih tomat kentang daging babi jengkol terong sabun detergen bubuk lembut pakai detergen cair bensin telepon seluler uang sekolah sma januari 2026 seluruh provinsi indonesia alami tahun tinggi jadi aceh laju yoy rendah lampung yoy baca laju indonesia tingkat 2025 tinggi sejak pandemi usai,Netral
optimistis turun meski awal 2026 sentuh persen bank indonesia optimistis indeks harga konsumen masuk kisar sasar hingga persen optimisme sebut muncul ihk tahun capai persen januari 2026 angka lampau target bank indonesia lebih tinggi banding desember 2025 catat persen tahun kepala departemen komunikasi bank indonesia ramdan denny prakoso jelas lonjak januari pengaruh efek basis rendah iring akhir bijak diskon tarif listrik januari hingga februari 2025 efek sebut buat banding tahun tampak lebih tinggi awal 2026 baca airlangga ungkap sebab tahun januari 2026 optimisme bank indonesia topang kendali koordinasi sama perintah pusat daerah lalu tim kendali pusat daerah konsistensi bijak moneter kuat program tahan pangan nasional ikut kuat prospek depan depan bank indonesia yakin 2026 2027 tahun turun tetap ada kisar sasar persen plus minus persen ujar ramdan terang tulis rabu 2026 ramdan sebut januari 2026 picu naik harga seluruh kelompok keluar kelompok administered prices catat tinggi tahun persen angka lonjak banding bulan belum catat persen tahun kelompok administered prices catat utama akibat faktor base effect iring implementasi bijak diskon tarif listrik rumah tangga besar persen januari februari 2025 ungkap ramdan baca januari naik persen perintah nilai sifat inti tahun catat persen angka sebut naik bulan belum ada level persen kelompok volatile food catat tahun besar persen meski tingkat angka lebih rendah banding desember 2025 capai persen depan volatile food prakira kendali dukung erat sinergi bank indonesia sama tpip tpid kuat implementasi program tahan pangan nasional tutur komitmen beri fakta jernih percaya imbang dukung lanjut jurnalisme jernih nikmat nyaman baca iklan lalu membership gabung plus sekarang,Netral
januari 2026 sulsel ekonomi politik tinggi jadi sidenreng rappang persen ihk 108 rendah makassar persen ihk 109 makassar sulsel lapan6online badan pusat statistik bps sulawesi selatan catat tahun persen januari 2026 angka dasar pantau indeks harga konsumen ihk level 109 laksana tugas kabag umum bps sulsel ungkap dinamika harga daerah tunjuk variasi cukup signifikan sidenreng rappang jadi kabupaten besar kota makassar posisi rendah tinggi jadi sidenreng rappang persen ihk 108 rendah makassar persen ihk 109 ujar khaerul agus terang resmi jaring naik tahun dorong naik ihk bagi besar golong keluar kelompok awat pribadi jasa lain catat naik tinggi hingga persen susul kelompok keluar lain rumah air listrik bahan bakar rumah tangga persen makan minum tembakau persen sedia makan minum restoran persen sehat persen meski dapat beberapa golong justru alami deflasi turun harga kelompok informasi komunikasi jasa uang persen lengkap rumah tangga persen pakai alas kaki persen bulan bps catat tingkat month month sulsel januari 2026 besar persen angka sekaligus tempat tingkat kalender posisi sama persen awal tahun warta nafsul muthmainnah editor amrullah andi faisal,Netral
pemkot solo siap holding umkm coffee shop stabil harga biji kopi tekan pemkot solo siap holding umkm coffee shop stabil harga biji kopi tekan selasa februari 2026 link umkm perintah kota solo rancang bentuk holding usaha mikro kecil tengah umkm sektor coffee shop strategi stabil harga biji kopi nilai kontribusi daerah bijak arah kuat koordinasi laku usaha kopi sekaligus jaga sedia bahan baku tengah tingkat minta pasar wali kota solo nilai sektor coffee shop alami tumbuh pesat iring tingkat aktivitas ekonomi pariwisata tinggi konsumsi kopi nilai dampak langsung lonjak harga biji kopi bahan baku dukung utama periode libur akhir tahun minta lonjak signifikan program holding umkm sebut rancang konsolidasi laku usaha coffee shop milik fasilitas roastery laku beli bahan baku kolektif lalu mekanisme perintah daerah upaya kurang fluktuasi harga picu saing pasok antar laku usaha kecil perintah kota dorong intervensi pasar batas lalu dukung bahan baku biji kopi tekan tekan upaya laku libat perintah pusat stabilisasi harga sifat jangka pendek lanjut faktor harga coffee shop nilai kembang jadi salah satu destinasi wisata baru kota solo tumbuh jumlah kedai kopi jadi kawasan pusat kota manfaat bangun lama rumah kuno hingga ruko kosong ubah jadi ruang usaha kreatif fenomena cermin tingkat minta sektor kuliner bas kopi geser pola konsumsi masyarakat urban jaga lanjut pasok pemkot solo jajak kerja sama antar daerah wilayah hasil kopi salah satu kabupaten tanggung kerja sama sebut harap mampu potong rantai distribusi panjang sekaligus cipta hubung dagang langsung umkm coffee shop daerah produsen biji kopi langkah kolaborasi antar daerah pandang penting kurang gantung pasar antara kerap picu volatilitas harga sistem distribusi lebih kontrol harga bahan baku tingkat umkm harap lebih stabil jangkau meski perintah daerah nilai naik harga biji kopi lihat satu satu sebab kota solo pengaruh bagai faktor masuk kondisi cuaca produksi tani distribusi logistik tren pasar nasional holding umkm coffee shop posisi salah satu instrumen kendali bukan solusi tunggal strategis bentuk holding umkm coffee shop nilai tuju tekan kuat daya saing laku usaha kecil sektor kopi kelola bahan baku lebih efisien kolaboratif umkm harap mampu jaga stabilitas harga jual konsumen sekaligus tahan margin usaha lalu bijak perintah kota solo tempat umkm bagi instrumen stabilisasi ekonomi daerah dekat bas kolaborasi usaha intervensi ukur harap mampu jaga imbang tumbuh sektor kuliner kopi kendali lanjut rat nna,Netral
provinsi bal januari 2026 jaga target awal tahun tren positif denpasar balipuspanews kembang provinsi bal dasar rilis badan pusat statistik bps provinsi bal senin 2026 catat bulan januari 2026 provinsi bal alami deflasi besar persen month month mtm kondisi sebut jalan pola musim bulan belum bal catat besar persen mtm tahun provinsi bal landai persen year year yoy desember 2025 jadi persen yoy januari 2026 tengah lanjut tantang dinamika cuaca minta periode libur awal tahun bal januari 2026 tetap jaga sasar persen lebih rendah banding nasional catat besar persen yoy spasial seluruh kabupaten kota indeks harga konsumen ihk bal alami deflasi bulan januari 2026 kabupaten badung catat deflasi bulan dalam besar persen mtm tahun besar persen yoy lanjut singaraja alami deflasi bulan besar persen mtm tahun besar persen yoy ikut kabupaten taban catat deflasi bulan besar persen mtm tahun besar persen yoy kota denpasar alami deflasi bulan besar persen mtm tahun besar persen yoy kondisi tahun denpasar sebut perlu waspada ada atas rentang sasar persen deflasi provinsi bal januari 2026 utama sumbang turun harga agregat kelompok makan minum tembakau dasar komoditas deflasi bulan utama sumber turun harga cabai rawit bawang merah cabai merah iring tingkat pasok tengah masa panen turun harga bensin daging ayam ras deflasi lebih tahan naik harga beberapa komoditas tarif parkir sewa rumah emas hias ikan tongkol awet kangkung depan jumlah risiko perlu jadi perhati potensi tingkat minta barang jasa periode long weekend hari besar agama nasional hbkn ramadan lanjut tren naik harga emas dunia puncak musim hujan risiko turun optimalisasi produksi tani ganggu distribusi tingkat risiko sakit hewan ternak picu gelombang tinggi potensi tahan produksi ikan hadap triwulan 2026 waspada perlu terus tingkat jaga stabilitas harga jelang rangkai hbkn idulfitri nyepi tambah minta pangan prakira tingkat iring luas cakup program makan gizi gratis mbg sinergi tim kendali daerah tpid perlu terus kuat jaga stabilitas harga komoditas pangan khusus beras hortikultura daging ayam ras antisipasi potensi tingkat tekan depan bank indonesia provinsi bal terus kuat sinergi inovasi sama perintah provinsi perintah kabupaten kota bal upaya sebut fokus tiga pilar utama jaga stabilitas pasok tingkat efisiensi distribusi kuat aspek regulasi strategi sebut implementasi lalu intensifikasi operasi pasar prinsip tepat waktu tepat lokasi tepat sasar kuat kerja sama antardaerah baik intra bal maupun luar bal luas ekosistem tahan pangan hulu hilir inklusif libat bumdes perumda pangan koperasi langkah kuat lalu regulasi manfaat produk pangan lokal laku usaha daerah langkah langkah strategis sebut provinsi bal tahun 2026 prakira tetap jaga sasar persen tulis kadek adnyana editor oka suryawan,Positif
provinsi tinggi awal 2026 tekan harga kuat awal 2026 dampak rasa rata seluruh indonesia jumlah provinsi catat lebih tinggi banding wilayah tanda ada beda kondisi ekonomi distribusi barang hingga pola konsumsi masyarakat tingkat daerah badan pusat statistik bps catat tingkat tahun indonesia ada angka year year yoy januari 2026 laju jadi tinggi sejak mei 2023 mana kala capai yoy provinsi aceh catat tingkat tahun tinggi capai yoy baca laju indonesia naik desember 2025 urut dua sulawesi tenggara raih besar yoy susul papua barat malu utara capai daftar lima besar tutup papua tengah tingkat besar provinsi besar ikut pegang papua selatan susul malu kalimantan selatan besar sulawesi tengah gorontalo isi posisi sembilan puluh tingkat masing masing besar yoy balik lampung jadi provinsi rendah besar yoy adapun komoditas sumbang tahun besar tarif listrik andil besar emas hias susul urut dua ikut ikan segar beras tarif air minum pam kelompok keluar tingkat tinggi pegang kelompok awat pribadi jasa lain capai rumah air listrik bahan bakar rumah tangga inflasi besar sehat baca provinsi tinggi november 2025 sumber,Positif
cuaca ekstrem picu lonjak bangka belitung wakil bank indonesia provinsi pulau bangka belitung catat cuaca ekstrem picu jadi lonjak januari 2026 padahal akhir 2025 bangka belitung mampu capai target nasional capai persen bulan month month mtm kepala wakil bank indonesia provinsi pulau bangka belitung rommy sariu tamawiwy kata kondisi cuaca ekstrem brrupa angin kencang serta gelombang tinggi buat nelayan pilih laut kondisi sebut kata akibat kurang pasok ikan cumi cumi pasar dampak naik harga scroll bawah lanjut baca iklan akibat bangka belitung alami besar persen januari 2026 lebih rendah banding periode desember 2025 alami besar persen ujar rommy wartawan rabu februari 2026 rommy angka sebut catat lebih tinggi banding nasional alami deflasi besar persen mtm bangka belitung januari 2026 kata utama dorong naik indeks harga kelompok makan minum tembakau besar persen mtm komoditas utama beri andil ikan tenggiri ikan selar cumi cumi tahun year year yoy bangka belitung alami besar persen sedikit lebih tinggi banding nasional besar persen yoy tekan tahun lebih tahan kelompok didik alami deflasi besar persen yoy ujar rommy tutur spasial seluruh wilayah bangka belitung survei alami kabupaten bangka barat catat wilayah alami tinggi capai persen yoy kemudian ikut kota pangkalpinang tanjungpandan alami masing masing besar persen yoy persen yoy kabupaten belitung timur catat wilayah alami rendah besar persen yoy ujar rommy tambah bank indonesia terus sinergi tim kendali daerah tpid mitra strategis lain rangka jaga rentang rendah stabil jalan target nasional plus minus persen kondisi sebut butuh dukung tumbuh ekonomi lanjut kata rommy pilih editor dana genteng tak triliun,Positif
ihk januari 2026 alami deflasi stabilitas indeks harga konsumen ihk januari 2026 catat alami deflasi besar bulan month month mtm dasar data badan pusat statistik bps kembang sebut pengaruh inti tetap kendali deflasi kelompok volatile food administered prices kembang sebut ihk tahun catat besar year year yoy tingkat banding realisasi bulan belum besar yoy bank indonesia yakin 2026 2027 terus turun tetap ada kisar sasar nilai prospek jaga sebut dukung konsistensi bijak moneter erat sinergi kendali perintah pusat daerah lalu tim kendali pusat daerah tpip tpid kuat implementasi program tahan pangan nasional akhir pengaruh base effect akibat rendah januari 2025 picu bijak diskon tarif listrik turut topang stabilitas berita kait sisi inti januari 2026 catat besar mtm sedikit lebih tinggi banding bulan belum besar mtm kembang sebut pengaruh naik harga komoditas emas global tengah ekspektasi tetap jaga inti utama sumbang naik harga emas hias sewa rumah sepeda motor tahun inti capai yoy tingkat bulan belum besar yoy kelompok volatile food januari 2026 alami deflasi besar mtm balik arah bulan belum catat besar mtm deflasi volatile food utama pengaruh turun harga cabai merah cabai rawit bawang merah iring tingkat pasok masa panen tahun volatile food catat besar yoy turun signifikan banding bulan belum besar yoy kelompok administered prices catat deflasi besar mtm januari 2026 lebih rendah banding bulan belum besar mtm deflasi kelompok utama sumbang turun harga bensin tarif angkut udara tarif angkut antarkota iring turun harga bbm nonsubsidi normalisasi mobilitas pasca hari besar agama nasional hbkn natal tahun baru tahun administered prices catat besar yoy tingkat banding bulan belum besar yoy utama akibat faktor base effect bijak diskon tarif listrik rumah tangga januari februari 2025,Netral
tinggi sejak 2023 nasional januari 2026 year year capai esposin tahun januari 2026 catat angka tinggi sejak 2023 data badan pusat statistik bps sebut januari 2026 year year tahun capai 2023 pernah sentuh angka deputi bidang statistik distribusi jasa bps ateng hartono tutur tingkat tahun year year yoy januari 2026 rupa tinggi belum sempat sentuh persen mei 2023 bri taipei branch office kdei taipei edukasi uang wni taiwan dasar data bps usai tahun capai persen yoy mei 2023 tingkat tahun pernah sentuh angka sebut bahkan tingkat atas persen catat sekali juni 2023 besar persen yoy tingkat tahun lanjut kisar persen yoy agustus 2023 hingga rendah besar persen yoy catat januari 2025 ekonomi indonesia bahkan sempat alami deflasi tahun februari 2025 besar persen yoy akibat diskon tarif listrik beri perintah besar persen tingkat tahun januari 2026 besar persen yoy catat sedikit lebih tinggi target sasar perintah persen plus minus persen rupa capai tinggi lebih tahun akhir ateng tutur tahun besar persen yoy januari 2026 cermin naik indeks harga konsumen ihk jadi 109 banding 105 januari 2025 dasar kelompok keluar year year januari 2026 utama dorong rumah air listrik bahan bakar rumah tangga alami tinggi persen kelompok beri andil tahun cukup tinggi persen jelas lansir senin 2026 sumbang kelompok keluar awat pribadi jasa lain rupa sumbang andil besar lanjut besar persen andil besar persen ateng kata komoditas sumbang andil tahun besar januari 2026 tarif listrik andil persen kemudian emas hias persen ikan segar persen beras tarif air minum pam masing masing milik andil persen kelompok keluar informasi komunikasi jasa uang alami deflasi tahun besar persen andil besar minus persen lihat komponen ateng sampai seluruh komponen alami tahun tinggi alami komponen harga atur perintah administered price besar persen yoy beri andil persen tutur komoditas komponen sebut dominan beri andil januari 2026 tarif listrik tarif air minum pam sigaret kretek mesin skm sigaret kretek tangan skt komponen inti alami tahun besar persen yoy beri andil besar persen komoditas sumbang utama emas hias biaya akademi guru tinggi sewa rumah mobil komponen harga gejolak volatile food alami besar persen yoy andil inflasi persen nah komoditas dominan beri andil beras komponen harga gejolak daging ayam ras bawang merah imbuh ateng,Netral
aceh provinsi tahun tinggi januari 2026 pusat data ekonomi bisnis indonesia lapor badan pusat statistik bps indonesia alami tahun besar year year yoy januari 2026 perinci dasar provinsi tahun paling tinggi jadi aceh ikut provinsi indonesia alami tahun tinggi januari 2026 aceh yoy sulawesi tenggara yoy papua barat yoy malu utara yoy papua tengah yoy papua selatan yoy malu yoy kalimantan selatan yoy sulawesi tengah yoy gorontalo yoy januari 2026 seluruh provinsi pulau sumatra alami tahun provinsi lampung jadi daerah rendah kawasan nasional yoy pulau jawa seluruh provinsi alami tahun tinggi jadi provinsi dki capai yoy rendah provinsi jawa tengah yoy tahun jadi provinsi luar pulau jawa sumatra tinggi sulawesi tenggara yoy rendah bal yoy baca tarif listrik komoditas sumbang besar awal 2026,Netral
harga emas hias picu ntb persen januari 2026 mataram inside lombok badan pusat statistik bps provinsi nusa tenggara barat ntb catat naik harga emas hias jadi faktor utama dorong ntb januari 2026 tren naik harga emas dunia dampak langsung indeks harga konsumen ihk daerah sebut senin ketua tim statistik harga bps provinsi ntb muhammad ahyar kata ntb year year januari 2026 catat besar persen ihk capai 110 month month januari 2026 ada angka persen bulan januari 2026 utama sebab harga emas hias terus alami naik naik harga emas hias sebut jalan tren tingkat harga emas dunia tinggi ujar emas hias tekan bulan asal sektor pangan khusus komoditas ikan ikan layang ikan bandeng ikan teri naik harga komoditas sebut pengaruh batas pasok akibat kondisi cuaca hambat aktivitas tangkap ikan tinggi harga komoditas ikan pengaruh batas pasok akibat faktor cuaca kurang kondusif hambat aktivitas tangkap produksi ikan bandeng kurang akibat curah hujan terus langsung terang tahun ntb dominasi kelompok awat pribadi jasa lain capai persen masuk emas hias dalam kelompok rumah air listrik bahan bakar rumah tangga catat besar persen sisi laju sedikit tahan turun harga komoditas hortikultura cabai rawit bawang merah cabai merah pasuk musim panen bijak perintah turun harga bahan bakar kendara motor nonsubsidi turut beri andil tahan tekan faktor turut tahan laju bijak perintah turun harga bahan bakar kendara motor nonsubsidi pertamax pertamax turbo dexlite pertamina dex pungkas,Netral
emas picu kaltim harga pangan beri tekan berandapost samarinda awal tahun bawa cerita beda kalimantan timur kaltim harga emas terus naik jadi topang utama januari 2026 meski tekan harga umum jaga indeks harga konsumen ihk kaltim januari 2026 catat persen bulan angka turun tajam ketimbang desember 2025 capai persen lanjut tahun ada level persen tahun jalan besar persen meski tahun kaltim sedikit lebih tinggi banding nasional catat persen kepala wakil bank indonesia provinsi kaltim jajang hermawan jelas sumber utama asal kelompok awat pribadi jasa lain naik sebut jalan lonjak harga emas sejak akhir tahun lalu rata rata harga emas capai rp2 860 000 per gram naik persen desember 2025 kelompok awat pribadi jasa lain catat persen andil persen ujar selasa 2026 tekan harga muncul kelompok pakai alas kaki kelompok catat persen andil persen ikut kelompok rumah air listrik bahan bakar rumah tangga turut beri dorong akibat tingkat minta sesuai tarif air minum kelompok tahan laju tekan sebut tahan turun harga bahan makan transportasi panen raya cabai merah cabai rawit bawang merah jumlah sentra produksi topang pasok tarif angkut udara normal lonjak minta nataru turun harga bbm nonsubsidi hingga persen beri efek positif iring kondisi sebut upaya kendali terus jalan tim kendali daerah tpid kaltim kuat gera nasional kendali pangan lalu strategi aspek jangkau harga tpid gelar giat gera pangan murah operasi pasar bagai kabupaten kota sama komunikasi efektif dapat kuat lalu rapat koordinasi rutin tingkat provinsi kabupaten kota kuat lembaga tpid kaltim laksana capacity building tengah januari 2026 langkah tuju jaga konsistensi kerja kendali kualitas lapor daerah bro2,Netral
tahun bengkulu kendali januari 2026 warna deflasi bulan teropongpublik kota bengkulu catat dinamika harga relatif kendali awal tahun 2026 badan pusat statistik bps kota bengkulu lapor januari 2026 jadi tahun year year besar persen bulan month month justru jadi deflasi besar persen cermin deflasi year date besar sama kondisi sebut catat indeks harga konsumen ihk ada angka 108 papar sebut sampai kepala bps kota bengkulu wakil tina wahyufitri giat press release berita statistik brs januari 2026 langsung kantor bps kota bengkulu senin 2026 rilis sebut bps jelas rinci gera harga dasar kelompok keluar komoditas utama pengaruh maupun deflasi tahun kota bengkulu picu tingkat indeks harga bagi besar kelompok keluar naik paling signifikan jadi kelompok rumah air listrik bahan bakar rumah tangga lonjak hingga persen kelompok awat pribadi jasa lain alami naik cukup tinggi besar persen kelompok turut sumbang makan minum tembakau naik persen susul pakai alas kaki besar persen transportasi besar persen sedia makan minum restoran besar persen informasi komunikasi jasa uang naik tipis persen sisi dapat beberapa kelompok keluar justru alami turun indeks harga deflasi kelompok didik catat turun paling hingga persen ikut sehat besar persen rekreasi olahraga budaya besar persen lengkap alat pelihara rutin rumah tangga besar persen bps catat sumbang besar asal kelompok rumah air listrik bahan bakar rumah tangga andil capai persen jumlah komoditas beri kontribusi dominan tahun sebut tarif listrik emas hias sigaret kretek mesin skm ikan dencis daging ayam ras kelompok didik jadi sumbang utama deflasi tahun andil besar persen komoditas layan peran besar deflasi liput biaya sekolah tengah atas sma cabai merah bensin jengkol tarif rumah sakit gera harga bulan deflasi januari 2026 utama sebab turun harga kelompok makan minum tembakau andil deflasi capai persen beberapa komoditas alami turun harga signifikan antara cabai merah daging ayam ras bawang merah tarif rumah sakit angkut udara meski umum jadi deflasi bulan dapat kelompok keluar beri tekan awat pribadi jasa lain andil besar persen komoditas dorong naik harga kelompok emas hias tarif gunting rambut pria sepeda motor ikan dencis tomat giat rilis berita statistik turut hadir wakil dinas komunikasi informatika kota bengkulu bagi ekonomi setda kota bengkulu dinas industri dagang dinas tahan pangan tani jajar statistis bps kota bengkulu data harap jadi rujuk penting perintah daerah jaga stabilitas harga daya beli masyarakat kota bengkulu warta amg editing adi saputra,Netral
kemarin proyek hilir siap bangun hingga persen bagai peristiwa ekonomi berita kantor berita senin mulai proyek hilir prioritas siap bangun 2026 hingga ekonomi indonesia alami persen year year yoy januari 2026 ikut rangkum berita ekonomi kemarin tarik simak selasa pagi prabowo proyek hilir siap bangun nilai rp618 triliun presiden prabowo subianto nyata dapat proyek hilir prioritas perintah bangun 2026 nilai investasi besar rp618 triliun baca lengkap sini beri sinyal pasar danantara aktif beli saham fundamental kuat badan kelola investasi danantara indonesia terus aktif beli saham saham fundamental kuat valuasi nilai tarik upaya beri sinyal percaya pasar modal tengah dinamika gera indeks harga saham gabung ihsg baca lengkap sini ojk buka data milik saham atas persen mulai februari otoritas jasa uang ojk nyata komitmen tingkat transparansi pasar modal indonesia salah satu publikasi data milik saham investor buah usaha catat emiten atas persen baca lengkap sini pabrik baterai karawang target mulai operasi 2026 director corporate public affair catib bayu hermawan kata pabrik baterai mobil listrik karawang jawa barat target mulai operasi kuartal iii 2026 baca lengkap sini indonesia alami tahun persen januari 2026 deputi bidang distribusi jasa badan pusat statistik bps ateng hartono umum senin ekonomi indonesia alami tahun year year yoy besar persen januari 2026 baca lengkap sini warta muhammad heriyanto editor zaenal abidin copyright 2026 larang keras ambil konten laku crawling indeks otomatis situs web izin tulis kantor berita,Netral
perintah tegas januari 2026 kendali angka perintah tegas januari 2026 kendali angka rabu februari 2026 loading perintah tegas awal 2026 ada kondisi kendali tahun januari 2026 catat besar year year yoy nilai cermin ada lonjak harga signifikan januari 2026 tetap kendali tekan harga domestik tunjuk tingkat arti kata menteri koordinator bidang ekonomi airlangga hartarto kutip rabu 2026 baca harga butuh pokok kendali alami deflasi airlangga jelas angka tahun sebut pengaruh low base effect bijak diskon tarif listrik besar januari februari 2025 hitung buat lihat lebih tinggi airlangga perintah optimistis panjang 2026 tetap ada rentang sasar yakin sebut dukung baur bijak perintah pusat daerah bank indonesia koordinasi kendali lalu strategi jangkau harga sedia pasok lancar distribusi komunikasi efektif tambah koordinasi perintah pusat daerah terus kuat jaga sedia pasok pangan antarwaktu antarwilayah masuk dukung program prioritas perintah tingkat lancar distribusi kualitas logistik pangan wilayah surplus wilayah defisit januari 2026 tetap kendali tekan harga domestik tunjuk tingkat arti kata menteri koordinator bidang ekonomi airlangga hartarto kutip rabu 2026 baca harga butuh pokok kendali alami deflasi airlangga jelas angka tahun sebut pengaruh low base effect bijak diskon tarif listrik besar januari februari 2025 hitung buat lihat lebih tinggi airlangga perintah optimistis panjang 2026 tetap ada rentang sasar yakin sebut dukung baur bijak perintah pusat daerah bank indonesia koordinasi kendali lalu strategi jangkau harga sedia pasok lancar distribusi komunikasi efektif tambah koordinasi perintah pusat daerah terus kuat jaga sedia pasok pangan antarwaktu antarwilayah masuk dukung program prioritas perintah tingkat lancar distribusi kualitas logistik pangan wilayah surplus wilayah defisit lihat,Netral
harga emas lonjak ntb tembus persen januari 2026 mataram badan pusat statistik bps provinsi nusa tenggara barat ntb catat laju bulan besar persen januari 2026 picu utama lonjak harga logam mulia ketua tim statistik harga bps ntb muhammad ahyar kata kelompok keluar pribadi jasa lain alami besar persen andil capai persen kelompok keluar sebut dapat emas hias alami lonjak harga tinggi ujar mataram senin harga emas aneka tambang antam jadi acu nasional sempat sentuh rekor tinggi panjang massa level rp3 juta per gram januari 2026 kondisi geopolitik dunia terus panas sebab naik harga logam mulia sebut baca ntb alami persen panjang 2025 ahyar jelas laju bulan ntb lebih tinggi banding nasional justru alami deflasi besar minus persen tahun bps catat ntb besar persen angka lebih tinggi ketimbang tahun nasional tengger angka persen emas kata kelompok makan minum tembakau turut alami besar persen andil persen naik harga jadi jumlah komoditas ikan hortikultura baca hortikultura picu bulan persen ntb januari 2026 lima komoditas andil besar nusa tenggara barat emas hias besar persen ikan layang ikan benggol persen ikan bandeng persen tomat persen ikan teri persen data bps sebut kelompok keluar transportasi jadi satu satu kelompok alami deflasi besar minus persen andil minus persen kelompok keluar transportasi alami deflasi pengaruh ada diskon angkut udara tahan laju kata ahyar baca ntb alami bulan persen oktober 2025 warta sugiharto purnama editor abdul hakim copyright 2026,Netral
bps jatim catat cabai rawit hingga tomat picu deflasi januari persen surabaya badan pusat statistik bps jawa timur jatim catat deflasi besar persen persen month month mtm januari 2026 turun harga cabai rawit daging ayam ras bawang merah cabai merah angkut udara telur ayam ras bensin tomat januari 2026 provinsi jawa timur alami deflasi besar persen kata statistis ahli madya ike rahayu sri konferensi pers surabaya jawa timur senin tingkat pasok beberapa komoditas bahan pangan cabai rawit cabai merah bawang merah tomat jumlah wilayah baik asal produksi lokal maupun kirim luar wilayah dorong turun harga komoditas januari 2026 hal bawang putih kurang pasok impor bawang putih jadi komoditas alami naik harga januari 2026 turun minta beberapa komoditas bahan pangan daging ayam ras telur ayam ras sebab turun harga dua komoditas sebut salah satu sebab mulai normal minta komoditas bahan pangan momen ingat hari natal 2025 tahun baru 2026 jadi desember lalu rinci cabai rawit alami deflasi capai persen andil deflasi seluruh januari banyak persen daging ayam ras alami deflasi persen andil persen lanjut bawang merah alami deflasi persen persen andil persen cabai merah alami deflasi persen andil persen angkut udara alami deflasi persen andil persen ikut telur ayam ras bensin tomat turut alami deflasi masing masing persen persen persen andil deflasi seluruh masing masing persen persen persen jadi deflasi januari tahun tahun yoy januari 2026 januari 2025 besar persen indeks harga konsumen ihk besar 110 kabupaten kota banyak kabupaten kota alami deflasi satu kabupaten kota alami sumenep besar persen deflasi dalam jadi gresik persen mtm kota kabupaten diri deflasi persen bojonegoro persen jember persen kemudian deflasi kota kabupaten liput madiun persen banyuwangi persen tulungagung persen surabaya persen malang persen probolinggo persen warta astrid faidlatul habibaheditor vicki febrianto copyright 2026 larang keras ambil konten laku crawling indeks otomatis situs web izin tulis kantor berita,Positif
jaga harga tetap stabil peran bank indonesia kendali jelang akhir tahun 2025 masyarakat alami naik harga butuh pokok data per desember 2025 tunjuk beberapa barang pangan alami naik harga signifikan harga bawang merah naik lebih bawang putih beras telur ayam alami naik harga jelang natal tahun baru naik harga sebab tingkat minta tingkat konsumsi lama libur akhir tahun harga sembako akhir tahun 2025 pasuk awal januari tahun 2026 gera harga butuh pokok mulai tunjuk kondisi lebih stabil data awal januari harga sembako awal tahun per januari 2026 tunjuk turun harga jumlah komoditas pangan utama cabai merah keriting cabai merah besar bawang merah beberapa pasar tunjuk tren turun banding beberapa hari belum akhir bulan desember 2025 beberapa komoditas beras catat alami turun tipis periode awal bulan harga lain cenderung stagnan sesuai diri pola minta turun libur panjang menteri tani andi amran sulaiman januari 2026 harga pangan nasional ada kondisi relatif stabil stok pangan aman pasok cukup tegas alas harga komoditas pangan strategis beras minyak goreng gula alami naik ingat produksi negeri sedang tinggi distribusi jalan lancar perintah lalu awas intensif libat satgas pangan terus pasti harga tetap sesuai tentu harga ecer tinggi het tindak pihak produsen sebab harga tinggi stabilitas harga daya beli masyarakat terus jaga tan stabilitas harga jadi jadi ada pulih pasok distribusi lancar awas perintah bantu jaga stabil harga konsumen bank indonesia milik peran krusial jaga stabilitas harga lalu bijak moneter kerja sama perintah pusat daerah sendiri rupa naik harga barang jasa umum terus terus jangka waktu tentu naik harga satu barang sebut bila naik luas akibat naik harga barang lain kondisi paling rasa kelompok masyarakat dapat tetap rendah terlalu tinggi maupun terlalu rendah sama sama timbul risiko ekonomi tinggi sebab turun daya beli tingkat biaya hidup tekan nilai tukar stabilitas sistem uang balik terlalu rendah bahkan deflasi cermin lemah minta masyarakat potensi hambat tumbuh ekonomi konsumsi investasi cenderung tunda rendah stabil jadi kondisi ideal ekonomi sehat lanjut bank sentral republik indonesia bank indonesia milik tugas utama jaga stabilitas nilai rupiah stabilitas cakup stabilitas harga barang jasa cermin kendali stabilitas nilai tukar rupiah mata uang asing jalan tugas sebut laksana bijak moneter lalu bagai instrumen tetap suku bunga bijak pengaruh jumlah uang edar aktivitas ekonomi seluruh tuju utama bank indonesia jaga stabilitas nilai rupiah dukung tumbuh ekonomi lanjut imbang kendali nilai tukar stabil giat ekonomi jalan lebih efisien risiko ketidakpastian tekan percaya masyarakat laku usaha ekonomi nasional jaga bank indonesia peran sangat penting kendali rupa sasar utama bijak moneter terap kerangka bijak orientasi capai target tetap sama perintah lalu atur suku bunga koordinasi perintah kendali harga upaya jaga tetap ada tingkat rendah stabil dukung sejahtera masyarakat stabilitas ekonomi nasional instrumen bijak moneter kendali capai tuju stabilitas harga bank indonesia guna bagai instrumen bijak moneter rancang pengaruh jumlah uang edar tingkat suku bunga ekonomi ikut instrumen instrumen utama suku bunga bijak rate bi7drr suku bunga acu jadi sinyal bijak moneter bank indonesia pasar cenderung tinggi kira tingkat atas target bank indonesia naik bi7drr naik suku bunga buat biaya pinjam perban jadi lebih mahal salur efek ketat moneter pasar akibat konsumsi investasi masyarakat cenderung lambat tekan redam balik turun bi7drr laku dorong tumbuh ekonomi kendali operasi pasar buka opt operasi pasar buka laku lalu jual beli surat harga bank indonesia atur jumlah uang edar jual surat harga tuju serap lebih likuiditas tekan beli surat harga laku tambah likuiditas ekonomi lambat giro wajib minimum gwm gwm simpan minimum wajib simpan bank bank indonesia naik gwm mampu bank salur kredit kurang tekan balik turun gwm tingkat likuiditas perban dorong salur kredit bijak nilai tukar bank indonesia jaga stabilitas nilai tukar rupiah gejolak lebih stabilitas nilai tukar penting kendali impor akibat naik harga barang luar negeri koordinasi kendali bank indonesia koordinasi perintah pusat daerah lalu tim kendali pusat daerah tpip tpid koordinasi tuju jaga stabil harga utama komoditas pangan energi pengaruh besar,Positif
ekonomi indonesia awal 2026 kuat kendali ekspor makin kualitas kondisi ekonomi indonesia tunjuk kembang makin kuat cermin tiga indikator penting rilis senin kendali neraca dagang surplus bulan turut turut sektor manufaktur lanjut ekspansi tahun januari 2026 catat besar year year angka sebut cermin naik harga signifikan pengaruh low base effect bijak diskon tarif listrik januari februari 2025 buat tahun lihat lebih tinggi hitung sebut lihat kembang bulan sangat kendali kelompok rumah air listrik bahan bakar rumah tangga catat mtm tunjuk harga relatif stabil harga pangan gejolak volatile food turun yoy pasca naik desember 2025 akibat bencana hidrometerologi naik minta nataru januari 2026 tetap kendali tekan harga domestik tunjuk tingkat arti bulan ekonomi nasional justru alami deflasi mtm adapun pangan volatile food turun signifikan besar mtm iring beberapa komoditas cabai bawang merah tengah pasuk masa panen baik pasok bagai sentra produksi turun harga pangan jadi alamiah faktor musim panen rupa kondisi sehat ekonomi bijak stabilisasi harga proporsional ukur jaga daya beli baik sisi konsumen maupun produsen rantai pasok pangan tetap jaga lanjut turun harga bbm non subsidi bahan bakar bensin solar januari 2026 dorong deflasi komponen administered price mtm inti tingkat mtm utama emas hias beri andil perintah laksana high level meeting hlm tim kendali pusat tpip januari 2026 lalu perintah optimis 2026 tetap kendali rentang sasar dukung baur bijak perintah pusat daerah bank indonesia koordinasi kendali lalu strategi jangkau harga sedia pasok lancar distribusi komunikasi efektif hlm tpip tegas komitmen jaga 2026 kisar sasar pangan kisar koordinasi pusat daerah terus kuat jaga sedia pasok pangan antarwaktu antarwilayah masuk dukung program prioritas perintah tingkat lancar distribusi kualitas logistik pangan wilayah surplus defisit jaga stabilitas harga butuh pokok utama hbkn ramadhan idul fitri kuat dukung infrastruktur logistik pascabencana cepat pulih ekonomi daerah dampak ujar menteri koordinator bidang ekonomi airlangga hartarto indonesia tegas daya tahan daya saing dagang catat surplus neraca dagang lama tahun turut turut sekaligus panjang rekor bulan surplus putus panjang 2025 surplus kumulatif capai usd miliar lonjak signifikan usd miliar tahun belum buah capai impresif kuat fondasi eksternal ekonomi tunjuk kerja dagang kian solid kredibel kerja sebut utama topang surplus nonmigas kuat amerika serikat jadi sumber surplus besar besar usd miliar ikut india usd miliar sisi ekspor indonesia buku nilai usd 282 miliar tumbuh yoy panjang tahun 2025 tumbuh sebut gerak sektor produktif cipta nilai tambah ekspor nonmigas industri olah lesat yoy struktur pasar ekspor nonmigas tetap kuat tiongkok jadi tuju utama pangsa susul amerika serikat india nilai impor tahun 2025 besar usd 241 miliar tumbuh yoy ritme sehat arah cermin butuh ekonomi ekspansif tetap kendali impor dorong lonjak barang modal besar yoy indikator kuat geliat investasi kuat kapasitas industri negeri terus langsung kombinasi surplus konsisten ekspor nila tambah tinggi impor topang produktivitas tegas performa dagang indonesia bukan sekadar kuat kualitas orientasi kuat ekonomi depan leading indicator purchasing managers index pmi manufaktur indonesia beri sinyal prospek gembira pmi jaga level ekspansi lama bulan turut turut capai januari 2026 tingkat desember 2025 pasar domestik jadi dorong utama kerja sebut pesan baru tumbuh lebih kuat iring tingkat produksi catat laju tinggi bulan akhir optimisme laku usaha tingkat level tinggi bulan akhir indikasi yakin kuat prospek ekonomi depan bagai insentif siap perintah baik sisi demand maupun supply utama jaga daya beli masyarakat sambut bulan puasa ramadhan idulfitri 2026 perintah siap bagai stimulus fiskal jaga daya beli masyarakat sambut bulan ramadhan idulfitri lalu bijak diskon tarif transportasi salur bantu pangan pungkas menko airlangga cek artikel berita lain google,Netral
stabilitas gerbang ikn balikpapan deflasi sinyal positif daya beli tulis nusantara dinamika wilayah sangga ibu kota nusantara ikn tunjuk tren landai buka tahun 2026 indeks harga konsumen ihk kota balikpapan kabupaten najam paser utara ppu catat gerak koridor stabil refleksi hasil normalisasi minta agregat pasca hari besar agama nasional hbkn natal tahun baru 2025 2026 dasar data baru balikpapan catat deflasi besar mtm januari 2026 buah koreksi harga cukup signifikan banding lonjak konsumsi bulan belum baca jajang hermawan kaltim fokus akselerasi bayar digital umkm kabupaten ppu alami marginal besar mtm tahun dua daerah masing masing besar yoy yoy ada jauh bawah rata rata nasional capai yoy analisis sektoral tunjuk kelompok transportasi jadi motor utama deflasi balikpapan andil mtm turun tarif angkut udara jadi variabel kunci iring landa mobilitas masyarakat pasca puncak libur panjang tak bijak transmisi harga bbm nonsubsidi pertamax turun besar 400 per liter sesuai kepmen esdm 245 2022 turut beri tekan disinflasi komponen harga atur perintah administered prices baca jaga jangkar ekonomi strategi balikpapan hadap volatilitas 2026 tarik dapat instrumen bijak lokal beri dampak langsung kantong masyarakat implementasi dana bantu operasional satu didik bsop kalimantan timur hasil tekan tarif sekolah tengah atas sma jadi salah satu lima komoditas sumbang deflasi dalam sisi residu bayang kelompok awat pribadi jasa lain emas hias jadi kontributor dua wilayah akibat volatilitas harga emas global picu ketidakpastian geopolitik kuat minta safe haven asset kabupaten ppu tantang geografis anomali cuaca jadi determinan utama kelompok makan minum tembakau beri andil mtm ikan tongkol kayu balok alami naik harga akibat tinggi intensitas hujan gelombang laut hambat rantai pasok baca strategi kaltim jaga stabilitas harga pangan tekan gantung batubara deputi direktur kepala wakil bank indonesia balikpapan robi ariadi tegas sinergi lintas lembaga jadi kunci jaga stabilitas realisasi awal tahun ada rentang sasar nasional tetap waspada risiko volatile food gejolak harga pangan iring masuk puncak musim hujan risiko ganggu sentra produksi hortikultura ikan ungkap robi kutip kamis 2026 meski jadi deflasi balikpapan level yakin masyarakat justru tunjuk tren kuat hasil survei konsumen januari 2026 catat indeks yakin konsumen ikk besar 129 tingkat tajam 122 desember belum angka atas ambang batas 100 tanda ekspektasi publik prospek ekonomi enam bulan depan sangat optimistis baca alarm merah ikn bunyi kaltim siap jurus konfirmasi mulai naik harga komoditas baju muslim anak indikasi masyarakat mulai laku antisipasi belanja jelang bulan ramadan februari datang hadap tantang cuaca ekstrem lonjak minta ramadan idulfitri tim kendali daerah tpid siap rangkai langkah mitigasi proaktif strategi sebut cakup kuat kerja sama antar daerah kad jamin sinambung pasok luar wilayah tingkat frekuensi pasar murah titik titik krusial depan koordinasi lalu gera nasional kendali pangan gnpip akselerasi pasti stabilitas harga gerbang ikn tetap kokoh dukung tumbuh ekonomi daerah kualitas inklusif komitmen beri fakta jernih percaya imbang dukung lanjut jurnalisme jernih nikmat nyaman baca iklan lalu membership gabung plus sekarang,Positif
cegah menu mbg sumsel atur ulang ikut rinciannya tahun 2026 cegah menu mbg sumsel atur ulang ikut rinciannya tahun 2026 cegah jadi pangan badan gizi nasional bgn atur ulang menu program makan gizi gratis mbg sumatera selatan 2026 radarpalembang cegah jadi pangan badan gizi nasional bgn atur ulang menu program makan gizi gratis mbg sumatera selatan 2026 tak dipungkiri jala program mbg seluruh wilayah indonesia sangat pengaruh tingkat bergabagai daerah masuk sumatera selatan bgn laku sesuai menu atur ulang rekuensi saji protein hewani menu mbg tahun 2026 statistis ahli madya statistik distribusi tituk indrawati kata ubah menu mbg langkah awal cegah baca menteri ppn rachmat pambudy sebut mbg lebih desak lapang kerja baca mbg buat harga pangan palembang susah turun solusi dinas dagang nanti menu daging ayam telur saji kali minggu dagi sapi ikan satu kali minggu badan gizi nasional laku ubah menu mbg cegah jadi daging telur ayam jadi kali minggu daging sapi ikan jadi satu kali minggu ujar senin februari 2026 tituk kata jumlah sppg sumatera selatan penuh target butuh 800 dapur umum baru sedia 500 perintah rencana tambah jumlah dapur umum tahun 2026 baca racun mbg sumsel herman deru bilang begini baca awat pribadi mbg sumbang andil oktober 2025 bps sumsel persen yoy tahun tambah dapur umum sumatera selatan 800 sppg sekarang baru 500 kata tituk jelas tambah dapur umum sebut potensi dampak tingkat minta komoditas pangan utama ayam telur ayam ras sumber,Netral
surabaya deflasi persen januari 2026 operasi genjot kilasjatim surabaya kota surabaya catat deflasi besar persen januari 2026 langkah antisipatif jaga stabilitas harga utama jelang ramadan idul fitri 2026 dasar data badan pusat statistik bps deflasi surabaya jadi month month year date tingkat year year catat besar persen kepala bagi ekonomi sumber daya alam bpsda kota surabaya vykka anggradevi kusuma jelas jumlah komoditas beri tekan januari emas hias jadi sumbang besar andil persen susul nasi lauk persen cumi cumi laptop notebook semangka sisi deflasi utama picu turun tarif angkut udara andil persen turun harga bahan pangan strategis cabai rawit persen daging ayam ras persen bawang merah persen cabai merah persen kelompok keluar awat pribadi jasa lain beri andil tinggi iring naik harga emas hias ujar vykka kamis 2026 meski surabaya alami deflasi pemkot pasti kendali tetap jadi prioritas utama hadap tingkat minta ramadan pemkot gelar pasar murah lama sembilan hari masuk giat serentak februari maret 2026 gera pangan murah gpm jadwal langsung februari maret 2026 giat sebut pemkot gandeng perum bulog bumd pihak swasta komoditas sedia beras premium gula pasir minyak goreng telur ayam daging ayam ras olah daging sapi aneka cabai bawang merah bawang putih operasi pasar inspeksi dadak sidak harga sedia bahan pokok pasar tradisional ritel modern hingga gudang distributor sidak jadwal mulai februari hingga maret 2026 kendali kuat lalu kios tpid sebar jumlah pasar pasar genteng baru tambahrejo karah gubeng masjid balongsari komoditas utama beras gula minyak goreng terus laku sosialisasi stok bahan pokok surabaya kondisi aman cukup kata vykka masyarakat imbau belanja bijak sesuai butuh hindar beli lebih potensi picu gejolak harga warga dorong manfaat bagai program kendali masuk urban farming penuh butuh pangan rumah tangga komoditas cabai tomat sayur tanam sendiri bantu jaga tahan pangan keluarga pungkas vykka cit,Netral
naik ekspor timah gila ekonomi bangka belitung awal 2026 tangguh surplus dagang jumbo babel radarbahtera ekonomi provinsi pulau bangka belitung pasuk awal tahun 2026 kondisi relatif stabil badan pusat statistik bps catat januari 2026 tetap positif besar persen month month meski lambat banding desember 2025 capai persen plt kepala bagi umum bps pulau bangka belitung oktarizal ungkap januari utama picu naik harga komoditas ikan januari dorong naik harga ikan tenggiri ikan selar cumi cumi beri andil besar naik harga ujar rilis bps senin 2026 kelompok makan minum tembakau jadi sumbang utama ikan tenggiri catat alami persen ikan selar persen cumi cumi persen tahun bangka belitung tingkat jadi persen naik signifikan banding desember 2025 besar persen tahun tinggi catat kabupaten bangka barat angka persen nilai tukar tani kuat sektor tani nilai tukar tani ntp januari 2026 catat 152 naik persen banding bulan belum naik tinggi jadi subsektor ikan utama ikan tangkap tumbuh persen regional ntp bangka belitung ada peringkat empat tinggi sumatera neraca dagang tetap surplus besar kerja dagang luar negeri bangka belitung tetap solid ekspor desember 2025 capai 207 juta dolar lonjak persen tahun panjang januari desember 2025 nilai ekspor catat miliar dolar tumbuh persen komoditas timah jadi tulang punggung ekspor kontribusi persen nila miliar dolar tumbuh persen tahun negara tuju utama ekspor timah singapura tiongkok korea selatan bangka belitung catat impor desember 2025 neraca dagang bulan sebut catat surplus penuh besar 207 juta dolar pariwisata transportasi mulai geliat sektor pariwisata jalan wisatawan nusantara desember 2025 capai 394 ribu jalan naik persen banding bulan belum tingkat huni hotel bintang catat persen kota pangkalpinang daerah okupansi tinggi mobilitas transportasi tunjuk tingkat bulan baik tumpang kapal laut maupun udara meski tahun alami turun produksi padi mulai pulih bps catat turun luas panen produksi padi panjang 2025 awal 2026 potensi produksi padi beras tunjuk sinyal pulih proyeksi naik produksi lebih persen banding periode sama tahun belum prospek awal 2026 kendali daya tukar tani kuat ekspor tetap surplus ekonomi bangka belitung nilai ada jalur stabil tantang sektor tani mulai imbang pulih produksi pariwisata dagang luar negeri jadi motor utama tumbuh ekonomi daerah bps,Netral
dinamika harga emas palembang picu sumsel januari persen dinamika harga emas palembang picu sumsel januari persen data bps palembang tunjuk januari 2026 besar picu naik harga emas faktor lain tomat angkut udara kontra rumah meski alami tinggi palembang catat deflasi beberapa komoditas cabai merah tarif kendara roda online bensin bawang merah telur ayam ras pemkot palembang upaya tekan nilai februari program tambah cadang bahan pangan gelar pasar murah revitalisasi pasar tradisional baik infrastruktur palembang idn times harga emas palembang gerak fluktuatif dorong nilai januari 2026 ada tren cukup tinggi sentuh level persen angka masuk tren negatif perintah target nilai wajar rentang persen harga emas alami dinamika emas rupa komoditi dominan sumbang palembang ujar statistis madya bps palembang eviana admanegara terang rilis terima rabu 2026 catat komoditas palembang emas alami naik harga dasar data rilis badan pusat statistik palembang month month mtm januari 2026 desember 2025 catat persen year year yoy januari 2026 januari 2025 ada level persen nilai sebut sebab ada naik harga emas kondisi jadi faktor paling dominan andil 425 persen susul tomat 030 persen angkut udara 012 persen kontra rumah 011 persen pengaruh naik tarif kendara travel andil 009 persen total 393 komoditas pantau catat komoditas alami naik harga komoditas alami turun 224 komoditas relatif stabil jelas eviana klaim jumlah komoditas pantau mayoritas harga stabil meski alami tinggi palembang catat deflasi jumlah komoditas cabai merah sumbang turun harga hingga 266 persen ikut tarif kendara roda online 039 persen bensin 030 persen bawang merah 022 persen turun harga telur ayam ras andil 022 persen catat memang gejolak harga beberapa sektor mayoritas komoditas pantau kondisi kendali kata pemkot bakal jalan program strategis tekan februari 2026 kata assiten setda palembang isnaini madani pemkot palembang upaya tekan nilai februari siap bagai program jumlah langkah strategis jaga stabil harga beberapa strategi program jalan kata program sebut liput tambah cadang bahan pangan lalu kerja sama perintah daerah gelar pasar murah kantor camat lurah revitalisasi pasar tradisional lebih efisien nyaman laku baik infrastruktur dukung distribusi barang jasa kota palembang,Netral
januari 2026 jadi deflasi harga cabai bawang sebab utama badan pusat statistik bps catat januari 2026 jadi deflasi bulan mtm jadi turun indeks harga 109 desember 2025 turun jadi 109 januari 2026 tahun kalender januari 2026 banding desember 2025 sama banding sama ihk januari desember kelompok keluar sumbang bulan besar makan minum tembakau sumbang deflasi besar beri andil deflasi kata deputi bidang statistik distribusi jasa bps ateng hartono konferensi pers senin 2026 komoditas dominan dorong deflasi kelompok makan minum tembakau cabai merah andil deflasi cukup besar cabai rawit andil deflasi bawang merah andil deflasi daging ayam ras sumbang deflasi telur ayam andil deflasi komoditas beri andil deflasi bensin tarif angkut udara andil deflasi masing masing dapat komoditas beri andil januari 2026 emas hias andil inflasi kemudian ikan segar andil inflasi tomat beri andil komponen komponen inti alami komponen harga atur perintah komponen gejolak alami deflasi deflasi jadi januari 2026 besar utama dorong deflasi komponen gejolak komponen harga gejolak alami deflasi komponen beri andil deflasi besar komoditas andil deflasi besar utama cabai merah cabai rawit bawang merah daging ayam ras telur ayam ras jelas ateng komponen harga atur perintah alami deflasi andil deflasi komoditas dominan beri andil deflasi komponen harga atur perintah bensin tarif angkut udara tarif angkut antar kota komponen inti alami besar andil komoditas dominan beri andil komponen inti emas hias sewa rumah sepeda motor nasi lauk kata year year januari 2026 banding januari 2025 besar jadi naik indeks harga 105 jadi 109 dasar kelompok keluar year year utama dorong rumah air listrik bahan bakar rumah tangga alami tinggi beri andil cukup tinggi komoditas andil besar rumah air listrik bahan bakar rumah tangga tarif listrik komoditas luar kelompok beri andil dominan utama emas hias kata simak video akhir deflasi bulan turut turut oktober,Netral
video bps 2025 orang miskin turun jadi juta orang video video bps 2025 orang miskin turun jadi juta orang indonesia indonesia february 2026 indonesia jumlah duduk miskin indonesia turun rata seluruh wilayah dasar catat baru badan pusat statistik bps per september 2025 simak informasi lengkap program closing bell indonesia kamis 2026 ikut add preferred source google bagi,Netral
video harga cabai bawang turun deflasi januari 2026 video breaking video harga cabai bawang turun deflasi januari 2026 indonesia indonesia february 2026 indonesia badan pusat statistik bps catat indeks harga konsumen januari 2026 alami deflasi besar mtm deflasi sumbang cabai merah alami deflasi cabai rawit deflasi besar bawang merah lengkap saksi breaking cnbcindonesia senin 2026 add preferred source google bagi,Netral
wabup asah hadir high level meeting tpid sumut pemkab siap kuat kendali jelang ramadhan idul fitri asah perintah kabupaten asah tunjuk komitmen serius jaga stabilitas harga butuh pokok jelang hari besar agama nasional hbkn ramadhan idul fitri 1447 hijriah sebut tanda hadir wakil bupati asah rianto serta tpid kabupaten asah high level meeting tim kendali daerah tpid provinsi sumatra utara pimpin langsung gubernur sumatra utara kantor gubernur sumut jumat februari 2026 rapat strategis sebut bahas langkah antisipatif kendali daerah landas empat pilar utama jangkau harga sedia pasok lancar distribusi komunikasi efektif arah gubernur sumatra utara tekan penting komunikasi publik masif cegah panik masyarakat kuat peran tpid kabupaten kota optimalisasi peran bumd rantai pasok pangan kuat kerja sama antar daerah surplus defisit tekan disparitas harga komoditas strategis jumlah langkah tindak lanjut pakat temu sebut tingkat frekuensi laksana gera pangan murah gpm lebih tepat waktu tepat sasar tambah pasok daging sapi kerbau bulog kuat kerja sama produsen ayam ras telur jamin sedia pangan lama hbkn perintah daerah dorong sesuai bijak administered prices terap early warning system siap protokol intervensi harga libat tpid satgas pangan laku umkm tanggap hasil rapat sebut wakil bupati asah rianto tegas kesiap perintah kabupaten asah menindaklanjuti seluruh arah sepakat hasil pemkab asah komitmen kuat peran tpid kabupaten asah jaga stabilitas harga sedia bahan pokok khusus jelang ramadhan idul fitri 1447 hijriah koordinasi lintas opd bulog bumd laku usaha umkm terus intensif pasok aman distribusi lancar harga tetap jangkau sinergi kuat perintah provinsi kabupaten kota optimistis kabupaten asah kendali butuh masyarakat lama hbkn penuh baik pungkas,Positif
harga daging ayam ras picu jawa tengah besar foto 6penjualan daging ayam ras pasar peterongan semarang jawa tengah februari 2026 badan pusat statistik provinsi jawa tengah catat januari 2026 besar persen tahun indeks harga konsumen 109 picu naik harga jumlah bahan makan masuk daging ayam ras aprillio akbarperbesar foto 6penjualan daging ayam ras pasar peterongan semarang jawa tengah februari 2026 aprillio akbarperbesar foto 6penjualan daging ayam ras pasar peterongan semarang jawa tengah februari 2026 aprillio akbarperbesar foto 6penjualan butuh pokok pasar pasar peterongan semarang jawa tengah febuari 2026 aprillio akbarperbesar foto 6penjualan butuh pokok pasar pasar peterongan semarang jawa tengah febuari 2026 aprillio akbarperbesar foto 6penjualan butuh pokok pasar pasar peterongan semarang jawa tengah febuari 2026 aprillio akbardaging ayamayam rasinflasijawa tengah,Positif
januari 2026 sumbar deflasi persen dorong kuat sinergi kendali langgam provinsi sumatera barat catat deflasi besar persen bulan month month mtm januari 2026 capai sebut jadi deflasi dalam nasional bahkan lebih banding jumlah daerah dampak bencana aceh sumatera utara deputi kepala wakil bank indonesia provinsi sumatera barat andy setyo biwado kata deflasi cukup dorong baik sedia pasok lancar distribusi barang iring cepat pulih pascabencana laku perintah pusat daerah baik sarana transportasi distribusi respons aktif perintah daerah sangat peran dorong normalisasi pasok tekan harga tingkat konsumen ujar andy terang selasa 2026 jelas kelompok pangan gejolak volatile foods deflasi utama sumber turun harga komoditas hortikultura khusus cabai merah bawang merah turun harga sebut jadi iring normalisasi pasok sentra produksi lokal masuk pasok sumatera utara jawa deflasi lebih tahan lanjut beberapa komoditas pangan beras tomat kondisi sebut pengaruh faktor musim dampak bencana pengaruh bagi lahan tani kelompok harga atur perintah administered prices bijak perintah kota padang beri diskon persen tarif usaha air minum pam turut beri sumbang deflasi besar persen angsur normal lalu lintas jalur transportasi dampak turun tarif angkut antarkota besar persen mtm andil deflasi persen sisi tekan januari 2026 sumber naik harga emas hias ikut tren naik harga emas global tengah ketidakpastian ekonomi geopolitik dunia emas hias catat jadi sumbang bulan besar andil persen mtm ikut tomat beras ikan nila ikan asin teri spasial seluruh kabupaten kota ihk sumatera barat januari 2026 catat alami deflasi kabupaten pasaman barat catat deflasi dalam besar persen mtm ikut kota padang besar persen kabupaten dharmasraya persen kota bukittingi persen deflasi cukup pasaman barat jalan baik pasok komoditas hortikultura meski bulan alami deflasi tahun sumatera barat catat atas sasar nasional tahun januari 2026 catat besar persen year year yoy pengaruh efek basis rendah low base effect utama akibat bijak diskon tarif listrik januari februari 2025 tahun dorong naik harga emas hias naik harga mobil dampak laku opsen pajak kendara motor bea balik nama kendara motor pengaruh depresiasi nilai tukar rupiah harga jumlah komoditas pangan strategis beras cabai rawit relatif tinggi meski tunjuk tren baik banding akhir 2025 jaga stabilitas harga depan andy setyo biwado tegas bank indonesia sumatera barat sama tim kendali daerah tpid provinsi sumatera barat terus kuat sinergi kendali tpid terus dorong kuat sinergisitas baik lalu operasi pasar gera pangan murah kuat kerja sama antardaerah maupun komunikasi bijak efektif sumatera barat tetap kendali ujar tambah sinergi kendali terus optimal jaga sumatera barat tetap ada sasar nasional plus minus persen 2026 tengah bagai risiko tingkat minta jelang ramadan idul fitri dinamika harga global,Netral
pontianak rendah kalbar pemkot pasti stok harga kendali pontianak perintah kota pontianak catat kerja positif kendali dasar hasil high level meeting tim kendali daerah tpid kota pontianak senin 2026 tahun year year kota pontianak januari 2026 catat besar persen lebih rendah banding nasional ada angka persen wali kota pontianak edi rusdi kamtono jelas bulan month month pontianak desember 2025 januari 2026 besar persen angka sebut nilai sangat rendah ada rentang sasar kendali hingga persen umum kota pontianak jadi rendah kalimantan barat bahkan lebih rendah banding rata rata nasional tunjuk kendali jalan cukup baik ujar usai ikut rapat tpid edi tekan nasional lebih banyak pengaruh cabut subsidi tarif listrik naik harga komoditas non pangan emas butuh pokok kota pontianak kondisi relatif stabil komoditas pangan ayam ras memang sedikit naik lebih pengaruh faktor psikologis masyarakat jelang ramadan imlek umum stok harga aman jelas tambah tpid kota pontianak sama instansi kait bank indonesia bps pertamina bulog terus laku pantau langsung lapang pasti distribusi sedia barang tetap jaga pasti semua sedia butuh bahan makan pokok tetap kendali edi ingat ada potensi naik harga februari 2026 utama sektor transportasi udara sebut kira pengaruh tingkat mobilitas masyarakat jelang musim mudik datang tamu raya imlek cap meh tetap waspada utama komponen sensitif tiket pesawat seluruh kondisi kota pontianak sangat kendali pungkas prokopim,Positif
high level meeting tpid rekomendasi langkah tangkal ponorogo high level meeting tpid rekomendasi langkah tangkal ponorogo perintah kabupaten pemkab ponorogo jauh jauh hari siap langkah kendali laju lama ramadan hingga idul fitri 1447 hijriah mulai identifikasi potensi upaya intervensi pasar tekan gejolak harga jumlah komoditas bahan pokok ramadan idul fitri rupa fase krusial kondisi ekonomi daerah tingkat konsumsi masyarakat ubah pola distribusi potensi ganggu pasok komoditas pangan strategis sering dampak naik harga picu daerah kata plt bupati lisdyarita buka high level meeting tim kendali daerah tpid kabupaten ponorogo hall hotel amar kamis 2026 bunda lis sapa lisdyarita apresiasi peran tpid lama getol kendali laju ikut rekomendasi upaya tangan anggota tpid diri jumlah perangkat daerah lingkup pemkab ponorogo kantor bank indonesia kbi biro ekonomi bulog bumd koordinasi lintas sektor jalin baik jaga stabilitas harga sedia pasok lancar distribusi barang butuh pokok ponorogo puji bunda lis pemkab ponorogo segera laksana rekomendasi tpid identifikasi potensi komoditas pangan harga rentan gejolak kuat koordinasi sinergi antar perangkat daerah instansi vertikal laku usaha tak tinggal siap langkah konkret upa aman stok operasi pasar kerja sama kabupaten malang penuh pasok komoditas cabai terang bunda lis upaya kendali harga komoditas kelompok bahan makan rentan picu sekretaris hari tpid kabupaten ponorogo harjono sebut gera harga jumlah komoditas pangan strategis perlu dapat perhati khusus tingkat minta bakal tingkat sama datang ramadan hingga lebaran gera harga beberapa komoditas pengaruh cabai rawit bawang merah daging ayam ras daging sapi ungkap indeks kembang harga iph ponorogo angka aman iph minggu pertama januari angka turun jadi minggu dua tiga lalu naik angka minggu empat angka angka dasar indikator statistik ukur ubah harga komoditas pangan pokok cepat dekat minggu tren iph tunjuk kondisi relatif kendali meski tetap perlu waspada tegas harjono kata harjono nilai iph positif tunjuk naik harga lebih picu batas pasok jagung dampak naik harga komoditas turun daging ayam ras telur ayam jelang puasa lebaran biasa jadi naik harga komoditas pangan pokok harap jadi lonjak sedia barang tetap jaga ujar kominfo wbi,Netral
sumut dukung gera kendali pangan sejahtera wilayah sumatera medan perintah provinsi sumatera utara sumut nyata dukung gera kendali pangan sejahtera gpips wilayah sumatera luncur palembang sumatera selatan rabu 2026 upaya kuat tahan pangan jaga stabilitas wilayah sumatera giat selenggara kantor wakil bank indonesia wilayah sumatera sama tim kendali pusat tpip tim kendali daerah tpid laksana rangkai rapat koordinasi rakor rangka kuat tahan pangan jaga sedia pasok pangan periode hari besar agama nasional hbkn sekaligus antisipasi risiko curah hujan ekstrem kepala biro ekonomi setdaprov sumut poppy marulita hutagalung kata giat sebut rupa wujud komitmen perintah lanjut hasil kendali sekaligus dukung tahan pangan gpips rupa sempurna program belum gera nasional kendali pangan gnpip ujar poppy selasa 2026 jelas sempurna program laku iring tingkat tantang jaga tahan pangan perlu najam fokus program kuat sinergi lebih erat integrasi perintah pusat daerah banding program belum gpips rancang lebih fokus kuat sedia pasok pangan sisi hulu lebih komprehensif dukung stabilisasi harga pangan lebih tekan penting sinergi pusat daerah dukung program prioritas perintah kata poppy tema giat kuat tahan pangan jaga sedia pasok pangan periode hari besar agama nasional hbkn antisipasi risiko curah hujan ekstrem poppy menitikberatkan kuat tahan pangan dukung program prioritas perintah kendali pangan lebih efektif sebut dapat tiga isu sentral bahas rakor sebut pulih sektor tani sumatera pascabencana alam antisipasi risiko curah hujan ekstrem jaga tahan pangan kendali periode hbkn lalu upaya jaga sedia pasok pangan giat hadir koordinator bidang ekonomi koordinator bidang pangan negeri tani badan pangan nasional bulog bank indonesia jabat perintah daerah wilayah sumatera poppy jelas tengah tantang bencana anomali iklim siklus minta musim hbkn bagi besar daerah wilayah sumatera catat deflasi bulan kelompok bahan makan januari 2026 kondisi sebut dukung tingkat pasok komoditas hortikultura cabai bawang merah tingkat produksi daerah sentra lancar distribusi pangan harap lanjut pulih pascabencana lahan tani kuat pasok daerah sentra jaga lancar distribusi jadi kunci jaga cukup pasok antisipasi tingkat minta periode hbkn imlek lebaran 2026 selenggara giat gpips rakor tpip tpid 2026 harap makin kuat implementasi kerangka kerja program strategis tahan pangan kendali wilayah sumatera dukung capai target nasional besar 2026 ujar poppy h12 diskominfo sumut,Positif
high level meeting hlm tim kendali daerah tpid rangka koordinasi beberapa penting strategis kait kendali jaga stabilitas harga sedia bahan pokok jelang hari raya nyepi tahun baru caka 1948 hari raya idul fitri 1447 hijriyah cepat luas digitalisasi uang daerah provinsi bal bagi ekonomi bangun setda kabupaten buleleng lalu kepala bagi ekonomi bangun setda kabupaten buleleng sama kepala substansi ekonomi hadir high level meeting hlm tim kendali daerah tpid provinsi bal high level meeting hlm tim cepat luas digitalisasi uang daerah tp2dd provinsi bal mana hlm sebut ada ruang tirta gangga kantor wakil bank indonesia provinsi bal 2026 giat sebut pimpin buka langsung gubernur bal mana hadir kepala badan kepala dinas kait provinsi bal kepala polisi daerah bal kepala wakil bank indonesia provinsi bal walikota bupati bal asisten ekonomi bangun sekda provinsi bal kepala perum bulog divisi regional bal direktur utama bank bangun daerah bal kepala ojk regional bal nusa tenggara kepala kantor wilayah direktorat jenderal bendahara provinsi bal inspektur daerah provinsi bal arahanya gubernur bal jelas tumbuh ekonomi bal akhir tahun 2025 dapa disimpilkan baik sebab ekosistem ekonomi bal stabil ama selalu jaga beliau harap seluruh elemen masyarakat bal terus dukung tumbuh ekonomi guna produk lokal baik bahan makan buah tekstil bal giat lanjut papar kepala wakil bal gambar daerah bal pulau digital papar materi lanjut puti bidang sedia stabilitas pangan badan pangan nasiona kena nasional harga komoditas bagai giat tutup papar kepala opd kait lingkup bal,Netral
kuat sinergi kendali sidrap hadir high level meeting tpid tp2dd sulsel bupati sidrap syaharuddin alrif hadir high level meeting hlm tim kendali daerah tpid tim cepat luas digitalisasi daerah tp2dd provinsi sulawesi selatan periode januari 2026 ruang pola kantor gubernur jumat 2026 temu pimpin wakil gubernur sulawesi selatan fatmawati rusdi hadir sekretaris daerah provinsi sulsel jufri rahman selaku ketua hari tpid tp2dd sulsel bupati wali kota unsur forkopimda pimpin opd sulawesi selatan syaharuddin hadir damping sekretaris daerah andi rahmat saleh asisten ekonomi bangun andi patahangi kepala badan dapat daerah muhammad rohady ramadhan kabag ekonomi haris alimin plt kepala bkad sunandar priyoatmojo sama jajar tpid tp2dd hlm gelar kuat sinergi bijak langkah strategis kendali cepat digitalisasi uang daerah sama seluruh kabupaten kota sulawesi selatan sambut fatmawati rusdi tegas temu sebut jadi forum strategis jaga stabilitas harga daya beli masyarakat tahan ekonomi daerah temu bukan sekadar agenda rutin forum strategis jaga stabilitas harga daya beli masyarakat tahan ekonomi daerah ujar harap hlm hasil bijak konkret lanjut monitor kala kendali makin efektif syaharuddin papar capai produksi tingkat ekonomi kabupaten sidrap satu tahun akhir tingkat sejahtera masyarakat topang naik produksi sektor tani kebun sampai kendali sidrap laku lalu koordinasi antar daerah penuh butuh komoditas kurang sedia tekan terus koordinasi kabupaten penuh butuh komoditas kurang sidrap jelas kait tp2dd sebut daya beli masyarakat sidrap relatif tinggi iring tingkat dapat sektor tani kebun kondisi sebut jaga stabilitas indeks harga konsumen meski ada angka persen dapat masyarakat baik daya beli tetap jaga gejolak atas ujar tegas komitmen perintah kabupaten sidenreng rappang terus tingkat kerja tpid tp2dd tahan prestasi salah satu daerah kerja baik indonesia timur kendali digitalisasi uang daerah warta hariyanto basri editor nuryadin sukri,Positif
jaga stok stabilitas harga bupati ipuk sama tpid antisipasi jelang ramadan jaga stok stabilitas harga bupati ipuk sama tpid antisipasi jelang ramadan rabu februari 2026 banyuwangi jelang ramadan hingga hari raya idulfitri biasa jadi tingkat harga utama butuh bahan pokok upaya antisipasi bupati banyuwangi ipuk fiestiandani sama tim kendali daerah tpid siap bagai langkah pasti stok stabilitas harga jaga lama ramadan jumlah bahan pangan potensi alami naik harga langkah langkah jaga stok stabilitas harga jaga daya beli masyarakat sekaligus kendali daerah kata ipuk selasa 2026 ipuk kata salah satu upaya laksana intervensi sejak dini turut pemkab banyuwangi sama tpid konsisten laksana strategi kendali fokus jangkau harga sedia pasok lancar distribusi komunikasi efektif ipuk minta opd teknis kolaborasi stakeholder kait antara dinas koperasi umkm dagang laksana operasi pasar murah opm masif sama bulog padi jember jaga jangkau harga optimalisasi toko kendali banyuwangi top wangi laksana pasar murah jaga jangkau daya beli mangkas jalur distribusi datang barang langsung produsen bulog konsumen masyarakat busa dapat harga jangkau kata ipuk jamin sedia pasok dinas tani tahan pangan laku awas sedia bahan pangan khusus daging telur ayam ras cegah eskalasi harga lebih tinggi ramadan dispertapang laku aman stok pantau populasi hulu pasti surplus produksi catat neraca pangan tetap jaga tingkat ternak lokal papar ipuk gelar rakor high level meeting hlm pasti stok stabilitas harga pangan jaga jumat 2026 rakor ikut wakil bupati banyuwangi mujiono kepala bank indonesia jember iqbal reza nugraha forkopimda banyuwangi kepala bulog dwiana puspitasari wakil bps kppn kepala organisasi perangkat daerah opd banyuwangi jumlah stakeholder laksana teknis bijak tpid,Netral
emas turun tiba tiba benar antisipasi data tarik emas turun imbal hasil treasury tahun usd gerak lemah bahkan pasar obligasi tunjuk reaksi naik signifikan pasar ekuitas turun isu kait cpi benar naik dolar lebih mudah kuat isu capa sepakat iran benar emas turun lebih dolar maupun indek saham rally jadi semua market alami turun meski harga minyak turun isu sepakat iran beri indikasi iran mungkin desak akhir sepakat artikel tulis lihat update baru situasi geopolitik simpul cenderung abu abu tentu khawatir sektor teknologi picu likuiditas emas kira jadi sebab margin call jadi saham sektor teknologi kondisi picu khawatir pasar ganggu dapat sektor teknologi microsoft lopor turun akibat turun besar indeks saham utama kondisi pasar paksa likuidasi posisi pasar komoditas tutup rugi jadi pasar saham cukup klasik pasar uang global tanya muncul likuiditas permanen buat emas mulai pasuk periode bearish sumber tulis sebut bank bank besar yakin emas buka naik ikut ketidakpastian bijak integritas fed powell ganti beli emas bank sentral global langsung masuk ketidakpastian sisi geopolitik jadi faktor utama buat bank yakin emas cetak ath baru tahun arti turun tadi malam kait ubah sentiment atau akhir periode bullish emas meski data nfp hari lalu luar duga lonjak atas 100k tingkat anggur kurang fed ketuk palu naik suku bunga peluang turun suku bunga tetap buka gantung data ekonomi arti data malam jadi picu pasar yakin lepas powell mundur ganti kevin warsh peluang mangkas suku bunga jadi lepas profil warsh masa lalu anggap hawkish fokus malam jadi puzzle akhir butuh pasar lihat peluang suku bunga fed data rilis jam core cpi kira turun basis bulan stabil cpi utama kira turun naik tipis data kuat atas ekspektasi emas peluang koreksi turun balik data sesuai ekspektasi lebih lemah ekspektasi emas peluang lanjut naik sempat tunda ingat situasi dekat akhir pekan investor perlu pantau kembang baru putar iran sepakat eskalasi khawatir akhir pekan hindar emas cenderung naik balik sepakat emas peluang turun cepat bawah low kemarin 5019 note tetap waspada volatilitas besar market waktu waktu tiba tiba ubah candlestick daily tutup bearish turun dadak malam hari sebab emas turun level rendah 4878 tutup 4921 gagal emas manfaat momentum naik buat pasar cenderung laku profit taking kait antisipasi kejut data cpi baru rilis malam teknis area 4990 5009 jadi resistance dekat mampu tembus bullish dominasi tutup akhir pekan naik balik turun ancam data cpi kejut lebih kuat kira support 4878 low tadi malam tembus zona support 4809 4847 potensi lirik skenario paling bearish cukup buka tembus bawah 4800 kabar baik turun tadi malam tahan sedikit atas zona pink tanda kisar 4829 4882 low catat 4878 kabar buruk naik sesi asia pagi buat bullish kuat gantung resistance trendline tadi malam tembus resistance ada kisar 4895 5000 catat bullish sepenuh kuat atas zona resistance lalu zona orange 5039 5083 zona biru 5146 4240 target utama takluk garis besar bullish cukup buka struktural ancam double top laku valid harga tembus neckline neckline sebut cukup jauh 4655 peluang tembus zona sebut gantung beberapa aspek faktor depan normal range hari mungkin sulit tembus 4655 praktek range besar sangat mungkin jadi case jadi minggu akhir pernah hit lebih 400 turun data cpi malam jadi tentu berapa tajam turun jadi ikut berapa tinggi naik emas data jauh lebih tinggi ekspektasi potensi tekan emas ancam zona 4800 balik data lebih lemah ekspektasi potensi jadi titik balik emas jalur naik sesuai struktur teknikal utama jangka pendek sell timbang lama tembus 4995 5000 target dekat lirik 4960 4940 turun jauh mungkin retest zona 4878 low tadi malam 200 4767 cpi kejut jauh lebih tinggi kira balik strategi buy timbang kisar zona pink 4829 4882 asumsi ambil area rendah 4829 4840 peluang 200 bullish lebih aman cpi rilis lebih lemah emas lanjut tekan turun bawah zona pink sebut ekspektasi tahan 4920 4940 per jam harga ada 4981 high 4991 low 4884 lihat rekomendasi belum website technical analysis forex gold xauusd februari 2026 rekomendasi tahan sama buy anggap cukup ideal zona 4840 4842 area anggap support psikologis alternatif buy breakout tembus 4952 anggap selesai harga naik 4991 artikel tulis target jauh harap 4980 jangka pendek kira swing low jadi lama harga mampu tembus resistance 5000 sebab strategi jangka pendek sell laku area 4985 4990 stop loss atas 4990 target pendek incar koreksi kisar 4960 maksimal 4940 harga balik naik cepat switch strategi jadi buy tembus 5000 ideal area buy harap ada zona support 4840 4860 area low tadi malam 4878 4880 catat dukung data cpi lebih lemah kira penuh peluang buy lebih dominan emas kira jalur naik waspada data cpi fokus geser situasi geopolitik akhir pekan jelang temu iran trading cpi saran segera keluar posisi apa lalu mulai waspada dampak geopolitik malam hari baik fokus perhati catat grafik disclaimer artikel upa pandang agrodana research analisis tuju ajak baca beli tahan jual market tentu putus sepenuh diri baca tanggung jawab segala rugi maupun untung timbul putus sebut research analysis agrodana futures,Negatif
kalender ekonomi minggu nfp data cpi earnings tech minggu volatilitas pasar prediksi sangat tinggi jadwal data ekonomi padat investor hadap double header data makro rilis data tenaga kerja nfp tengah minggu data cpi akhir minggu narasi soft landing uji nfp terlalu panas cpi tinggi ekspektasi mangkas suku bunga the fed pukul mundur kamu milik eksposur sektor teknologi indeks saham minggu tuntut waspada ekstra ikut katalis utama gerak pasar sorot utama minggu tuju super wednesday rabu mana pasar tenaga kerja ambil alih panggung rilis nonfarm payrolls nfp tingkat anggur muncul lebih awal biasa minggu tutup panas hari jumat lewat rilis data consumer price index cpi jadi tentu utama arah bijak the fed lanjut ikut jadwal data ekonomi penting konversi waktu indonesia barat pasang alarm event tanda high impact kalender lapor uang earnings calendar minggu lihat kerja sektor cloud cybersecurity consumer staples perhati waktu rilis antisipasi gap harga buka pasar analisis dampak portofolio data minggu bukan sekadar angka tunjuk arah arus uang fund flow institusi depan risiko utama cpi nfp kombinasi data nfp hari rabu cpi hari jumat cipta risiko volatilitas arah nfp tunjuk angka atas 70k tunjuk pasar tenaga kerja ketat cpi jumat ada atas pasar obligasi tekan hebat yield treasury naik jadi musuh utama saham teknologi high growth cloudflare net datadog ddog indikator belanja konsumen lihat data hari selasa suguh data retail sales angka kuat atas jadi sinyal positif ekonomi kurang risiko resesi jadi alas the fed tahan suku bunga lebih lama perhati lapor coca cola konfirmasi data sisi korporasi rotasi sektor jadwal lelang obligasi year year note auction hari kamis jumat dini hari likuiditas pasar mungkin sedikit sedot pasti kamu pantau gera yield obligasi indikator utama sentimen risiko minggu siap hadap volatilitas minggu top akun gotrade kamu sekarang manfaat momentum pasar disclaimer valbury asia futures pialang jangka izin awas ojk produk derivatif uang aset dasar upa efek,Netral
tembus biang kerok awal tahun 2026 tinggi badan pusat statistik bps catat tahun year year yoy januari 2026 capai bulan month month mtm catat deflasi menteri negeri tito karnavian kata angka sebut memang lebih target perintah plus minus angka lihat memang keluar target perintah jaga angka plus minus arti target nasional ujar tito rakor kendali tayang virtual senin 2026 angka tito papar kontribusi besar naik harga kategori rumah air listrik bahan bakar beri andil nah total andil besar naik harga listrik capai sendiri nah mana tinggi rumah air listrik bahan bakar tarif listrik papar tito tito lanjut tarif listrik lihat alami naik harga padahal tak sama sekali harga naik perintah jadi harga listrik sempat alami turun awal 2025 perintah beri diskon listrik masyarakat tarif listrik naik nyata naik pln naik danantara naik tahun 2025 bulan januari februari perintah ambil bijak subsidi listrik masyarakat jelas tito diskon harga listrik tekan beban biaya energi masyarakat beri bulan januari februari 2025 telah harga listrik mula timbul kesan akan harga listrik naik badan pusat statistik bps laku hitung cara banding angka waktu sama tahun year year nah cara hitung bps jelas lihat year year banding tahun periode sama januari 2026 banding harga januari tahun 2025 subsidi listrik harga nah akibat metodologi akibat jadi sebut tito olah jadi naik harga listrik banyak sumbang ujar tekan lebih lanjut tito sorot naik harga kategori awat pribadi jasa lain beri andil besar dalam komponen beli hias emas sumbang emas naik turut gejolak dunia harga dunia memang dunia gejolak perang akibat banyak negara simpan reserve bentuk emas jadi emas naik kata tito jelas tito tekan naik bukan kategori makan minum tembakau jadi butuh pokok masyarakat arti masyarakat dapat bahan bahan penting jangkau makan minum beri andil total tahun januari 2026 capai acd acd,Netral
bupati fadia hadir hlm tpid tingkat jateng gubernur tekan tangan bencana stabilitas har terang gambar suasana high level meeting pemrov jateng bupati fadia hadir hlm tpid tingkat jateng gubernur tekan tangan bencana stabilitas har kajen bupati kalong fadia arafiq hadir high level meeting hlm tim kendali daerah tpid tim cepat luas digitalisasi daerah tp2dd keris jateng usung tema sinergi stabilitas harga akselerasi investasi digitalisasi ekonomi dukung jawa tengah provinsi maju lanjut giat sebut langsung ballroom hotel gumaya camat semarang tengah kota semarang rabu 2026 baca wabup sukirman ikut rakor evaluasi awas program mbg hlm pimpin langsung gubernur jawa tengah ahmad luthfi sampai jumlah tekan strategis kepala daerah jawa tengah khusus kait tangan bencana kendali harga butuh pokok jelang ramadan idulfitri arah gubernur ahmad luthfi tekan penting peran kepala daerah tangan bencana wilayah masing masing jelas bupati wali kota milik wenang tetap status tanggap darurat bencana biasa laku minggu panjang sesuai kondisi lapang status tanggap darurat tetap provinsi serta opd turun laku intervensi laku banjarnegara cilacap role model tangan bencana ujar gubernur ingat perintah daerah beri perhati khusus masyarakat ada ungsi lebih jelang bulan ramadan minta seluruh opd kepala daerah hadir langsung lokasi ungsi pasti butuh ungsi penuh baik jangan masyarakat ungsi rasa tinggal justru butuh lebih lengkap banding rumah negara hadir penuh tegas tangan bencana gubernur ahmad luthfi tekan kait kendali harga bahan pokok khusus cabai bawang merah beras jelang hari raya idulfitri minta peran aktif bumd jaga stabilitas harga dorong bulog jawa tengah maksimal serap gabah tani local harga beras jawa tengah lebih tinggi banding daerah bulog maksimal serap hasil panen tani perlu buat regulasi beras jawa tengah keluar wilayah cegah jadi ada fluktuatif harga ungkap kepala wakil bank indonesia provinsi jawa tengah mohamad noor nugroho kata jawa tengah januari 2026 catat persen tahun year year yoy deflasi persen bulan month month mtm jawa tengah ada rentang sasar relatif jaga deflasi januari utama dorong kelompok makan minum tembakau iring masuk masa panen normalisasi minta pasca nataru beber nugroho ingat risiko naik harga momentum hari besar agama nasional hbkn tetap perlu antisipasi historis komoditas beras aneka cabai sering jadi sumbang ramadan idulfitri kuat pasok lancar distribusi jadi kunci ujar tim prokompim setda kab kalong,Positif
gubernur tegas main harga pangan jelang ramadan idulfitri 2026 foto fajar humas jateng foto fajar humas jateng semarang gubernur jawa tengah komjen pol drs ahmad luthfi tegas kendali harga pangan jelang ramadan idulfitri 2026 jadi perhati utama seluruh kepala daerah wilayah minta jangan lonjak harga pangan akibat distribusi sendat maupun main pasar sumbat distribusi main harga bumd hadir ucap acara high level meeting hlm tim kendali daerah tpid tim cepat luas digitalisasi daerah tp2dd koridor ekonomi dagang investasi pariwisata keris jawa tengah kota semarang rabu februari 2026 gubernur kata butuh masyarakat tingkat ramadan idulfitri kendali harga laku sejak awal utama komoditas strategis cabai bawang merah beras minyak goreng butuh masyarakat tingkat potensi naik harga tingkat kendali bupati wali kota wilayah masing masing ujar minta kabupaten kota pasang dashboard papan pantau harga komoditas pasar pasar besar induk rutin baru masyarakat pantau langsung kembang harga dashboard harga pasar terus update biar masyarakat tahu transparan main harga tanggung jawab perintah tempat tegas sempat gubernur ingat daerah sentra produksi kurang pasok akibat salur bahan pangan kendali jangan daerah sentra malah kurang distribusi kawal kata kendali tekan penting jaga lahan tani lalu cepat tetap lahan tani pangan lanjut lp2b juta hektare lahan tani jateng tahan lahan tani tahan produksi pangan tingkat teknologi tani dorong ujar kepala wakil bank indonesia provinsi jawa tengah mohamad noor nugroho sampai jateng januari 2026 besar tahun year year yoy deflasi bulan month month mtm jawa tengah ada rentang sasar relatif jaga deflasi januari utama dorong kelompok makan minum tembakau iring masuk masa panen normalisasi minta pasca nataru natal tahun baru ucap ingat risiko naik harga momentum hari besar agama nasional hbkn tetap perlu antisipasi historis komoditas beras aneka cabai sering jadi sumbang ramadan idulfitri kuat pasok lancar distribusi jadi kunci ujar semarang gubernur jawa tengah komjen pol drs ahmad luthfi tegas kendali harga pangan jelang ramadan idulfitri 2026 jadi perhati utama seluruh kepala daerah wilayah minta jangan lonjak harga pangan akibat distribusi sendat maupun main pasar sumbat distribusi main harga bumd hadir ucap acara high level meeting hlm tim kendali daerah tpid tim cepat luas digitalisasi daerah tp2dd koridor ekonomi dagang investasi pariwisata keris jawa tengah kota semarang rabu februari 2026 gubernur kata butuh masyarakat tingkat ramadan idulfitri kendali harga laku sejak awal utama komoditas strategis cabai bawang merah beras minyak goreng butuh masyarakat tingkat potensi naik harga tingkat kendali bupati wali kota wilayah masing masing ujar minta kabupaten kota pasang dashboard papan pantau harga komoditas pasar pasar besar induk rutin baru masyarakat pantau langsung kembang harga dashboard harga pasar terus update biar masyarakat tahu transparan main harga tanggung jawab perintah tempat tegas sempat gubernur ingat daerah sentra produksi kurang pasok akibat salur bahan pangan kendali jangan daerah sentra malah kurang distribusi kawal kata kendali tekan penting jaga lahan tani lalu cepat tetap lahan tani pangan lanjut lp2b juta hektare lahan tani jateng tahan lahan tani tahan produksi pangan tingkat teknologi tani dorong ujar kepala wakil bank indonesia provinsi jawa tengah mohamad noor nugroho sampai jateng januari 2026 besar tahun year year yoy deflasi bulan month month mtm jawa tengah ada rentang sasar relatif jaga deflasi januari utama dorong kelompok makan minum tembakau iring masuk masa panen normalisasi minta pasca nataru natal tahun baru ucap ingat risiko naik harga momentum hari besar agama nasional hbkn tetap perlu antisipasi historis komoditas beras aneka cabai sering jadi sumbang ramadan idulfitri kuat pasok lancar distribusi jadi kunci ujar berita baru,Positif
antisipasi ubah harga sembako ramadhan idul fitri 1447 pemkab pasuruan gelar hlm tpid antisipasi ubah harga butuh bahan pokok jadi bulan ramadhan hari raya idul fitri 1447 hijriyah perintah kabupaten pasuruan gelar high level meeting tim kendali daerah hlm tpid acara sebut gelar auditorium mpu sindok komplek kantor bupati pasuruan rabu 2026 buka bupati pasuruan rusdi sutejo hadir kapolres pasuruan kota akbp titus yudho uly sekda yudha triwidya sasongko undang lain sambut mas rusdi kata semua pihak utama tpid laku bagai langkah sinergis responsif tepat sasar sikap potensi khusus bahan pokok antara pertama jaga sedia pasok antar waktu antar wilayah lalu tingkat produktifitas luas akses biaya dukung program prioritas perintah masuk makan gizi gratis lancar distribusi kualitas logistik pangan lalu fasilitas distribusi antar wilayah kata lanjut mas rusdi minta semua pihak jaga stabiitas harga butuh bahan pokol lama ramadhan hari raya idul fitri 1447 hijriyah kuat sinergi bijak komunikasi kelola ekspektasi masyarakat laku imbuh lebih lanjut mas rusdi tegas tengah bagai tantang hadap volatile food rentang target pakat sangat penting jaga utama periode hari besar agama laku operasi pasar gelar pasar murah monitoring harga bahan pokok jaga daya beli masyarakat tetap stabil tegas sekda yudha jelas periode januari minggu pertama bulan pebruari 2026 kabupaten pasuruan alami deflasi lama minggu turut turut deflasi sebut sebab turun harga komponen harga gejolak volatile food komoditas beri andil deflasi cabai merah cabai rawit beras bawang merah telur ayam ras turun harga jumlah komoditas pangan sebut dorong langsung musim panen jumlah daerah sentra produksi sedia limpah jelas emil,Positif
ekonomi sumsel tumbuh kasih kado uang cetak baru naik persen uang baru ramadhan idul fitri sumsel tahun jauh lebih besar terus jaga uang baru betul betul nikmat masyarakat adrian fajriansyah adrian fajriansyah feb 2026 ekonomi bisnis sambut ramadhan idul fitri 2026 bank indonesia sedia uang hasil cetak sempurna uang cetak baru wilayah sumatera selatan banyak persen lebih besar banding tahun belum tambah jumlah uang baru sedia picu faktor tumbuh ekonomi sumsel tahun akhir muka acara kick off semarak rupiah ramadhan berkah idul fitri serambi 2026 selenggara kantor wakil bank indonesia sumsel palembang jumat 2026 kepala kantor wakil sumsel bambang pramono kata jadi tradisi ramadhan idul fitri momen masyarakat sedekah bagi atau beri uang tunjang hari raya thr atas dasar butuh uang baru tingkat pasuk ramadhan jelang idul fitri uang baru jadi simbol penting masyarakat beri kesan baik momen sedekah bagi atau beri thr minta uang baru tingkat pasti semua butuh masyarakat penuh baik jumlah denominasi maupun layak edar momen ramadhan idul fitri masyarakat beri kesan baik situ sedia rupiah makna bulan momen penuh berkah tutur bambang tahun lanjut bambang pihak sedia hasil cetak sempurna hcs uang baru besar triliun wilayah sumsel jumlah tingkat persen banding tahun belum triliun bahkan persentase tingkat jumlah hcs sedia sumsel jauh lebih tinggi banding rata rata nasional naik persen salah satu alas tingkat jumlah hcs sumsel tumbuh ekonomi sumsel positif tahun akhir tumbuh ekonomi provinsi juluk bumi sriwijaya capai persen lebih tinggi rata rata nasional besar persen angka tumbuh ekonomi tanda giat ekonomi sumsel terus tingkat giat ekonomi prediksi jauh lebih geliat pasuk ramadhan jelang idul fitri umum masyarakat lebih konsumtif butuh buka puasa ramadhan atau riah idul fitri giat ekonomi tumbuh mungkin uang edar butuh tingkat siap hcs lebih besar sumsel tahun kata bambang hcs wilayah sumsel edar lalu jumlah program mulai layan standar tukar hcs 110 titik loket perban sebar semua kabupaten kota sumsel layan akses lalu aplikasi jadwal laksana februari februari maret maret kuota layan target 100 orang titik lokasi masing masing lalu layan sebut sama tni angkat laut siap program jemput bola upa susur sungai mus program tuju hadir hcs masyarakat wilayah tinggal depan luar sumsel bagi besar ada pesisir sungai atau laut masyarakat wilayah sumsel jarang sentuh atau rasa uang baru kondisi uang sana biasa luar biasa karu karuan jadi datang lalu program susur sungai mus hadir uang baru masyarakat sana tahun tahun belum masyarakat sangat antusias sambut program sebut tutur bambang sampai pihak siap program peduli mudik luas layan tukar hcs program buka jumlah titik jalur mudik mulai stasiun kertapati palembang februari maret labuh boom baru palembang februari maret bandara sultan mahmud badaruddin palembang februari rest area jalan tol palembang lampung februari maret buka layan sebut pusat pusat ramai palembang pasar tradisional plaju februari pasar tradisional sako februari siap layan kas keliling padu halaman masjid agung palembang maret layan libat lima perban kuota 000 orang per hari adapun plafon tukar hcs batas juta per orang rinciannya nominal 000 banyak juta 000 banyak juta 000 banyak juta 000 banyak 500 000 000 banyak 200 000 000 banyak 100 000 batas terap perata terima hcs ucap bambang asisten bidang ekonomi uang bangun daerah provinsi sumsel basyaruddin akhmad kata pihak sambut positif program serambi 2026 laksana jadi langkah strategis penuh butuh uang layak edar masyarakat tingkat ramadhan atau jelang idul fitri sisi program yakin langsung dukung lancar aktivitas ekonomi tingkat lama ramadhan hingga idul fitri bagaimana rilis badan pusat statistik sumsel tumbuh ekonomi sumsel 2025 capai persen angka lampau rata rata nasional besar persen tingkat sumsel januari 2026 catat persen year year indeks harga konsumen ihk besar 110 angka ada bawah rata rata nasional periode januari 2026 besar persen capai tunjuk kondisi ekonomi sumsel relatif stabil kendali lama ramadhan hingga idul fitri aktivitas ekonomi sumsel mungkin makin geliat ujar basyaruddin kendati basyaruddin sebut semua pihak kait tetap cermat variasi antarwilayah jauh tinggi sumsel jadi kota lubuk linggau catat persen ihk 108 rendah kabupaten muara enim besar persen ihk 112 beda tingkat daerah jadi perhati sama kendali laku lebih arah efektif jumlah komoditas sumbang besar januari 2026 emas hias tarif listrik beras daging ayam pasuk ramadhan jelang idul fitri konsumsi masyarakat komoditas komoditas sumbang besar prediksi jauh lebih besar budaya masyarakat sedia menu makan baik buka puasa ramadhan riah idul fitri pasuk ramadhan jelang idul fitri konsumsi masyarakat komoditas komoditas sumbang besar prediksi jauh lebih besar budaya masyarakat sedia menu makan baik buka puasa ramadhan riah idul fitri komoditas lain ikan bahan baku buat pempek kira lonjak lama ramadhan atau jelang idul fitri tradisi masyarakat palembang atau sumsel pempek segala bentuk turun jadi menu buka puasa hidang istimewa hari raya sini buka puasa maupun hari raya afdal kalau pempek kata basyaruddin sempat sebut basyaruddin ajak semua pihak kait gabung tim kendali daerah tpid sumsel terus kuat langkah langkah kendali laku lalu strategi jangkau harga sedia pasok lancar distribusi komunikasi efektif salah satu langkah krusial perlu laku banyak operasi pasar murah lama ramadhan semua kabupaten kota sumsel beri dampak besar pasti sedia bahan pokok jaga stabil harga maupun daya beli masyarakat ucap stabilitas harga komoditas terus jaga daya beli masyarakat tetap kokoh lama ramadhan hingga idul fitri edar uang baru betul betul nikmat masyarakat puncak hari menang datang tulis adrian fajriansyaheditor rini kustiasihpenyelaras bahasa priskilia bintang cornelia sitompul,Netral
emas klaim 000 data picu spekulasi turun suku bunga the fed emas naik atas 000 ihk januari dingin jadi kuat narasi disinflasi imbal hasil obligasi perintah lebih rendah dolar lebih lemah kuat momentum naik bullion pasar tingkat peluang potong suku bunga federal reserve jelang risalah rapat fomc data pce harga emas xau usd laku balik arah hari jumat mangkas beberapa turun kamis naik hampir rilis lapor lebih lemah prakira tingkat spekulasi federal reserve the fed turun suku bunga berita tulis xau usd dagang atas tonggak 000 xau usd rally hampir data lebih dingin picu harap baru potong suku bunga juni biro statistik tenaga kerja lapor indeks harga konsumen ihk bulan januari turun bawah estimasi jadi yoy turun bulan desember awal angka kabar baik ekonomi ihk inti tetap kaku yoy jalan prakira bawah belum awal bullion gerak tuju 000 balik arah beli muncul beli turun 950 logam kuning rally tuju puncak hari data ekonomi luas ungkap lama minggu solid lapor nonfarm payrolls luar biasa tunjuk cipta lebih 130 ribu kerja bulan januari turun tingkat anggur jadi reda tekan bank sentral kait pasar tenaga kerja tanya muncul akan the fed turun suku bunga biasa usaha dapat data lebih lanjut konfirmasi mula proses disinflasi capai puncak tahun lalu bulan september tiga data akhir bulan november desember tahun lalu bulan januari jalan buka sikap bagi besar jabat federal reserve pimpin jerome powell indikasi tetap tahan kevin warsh ganti powell bulan mei pasar uang tingkat peluang potong suku bunga bulan juni peluang diri the fed turun suku bunga besar basis poin data prime market terminal imbal hasil lebih rendah dongkrak harga emas imbal hasil obligasi perintah terus merosot lama minggu dukung naik bullion obligasi perintah tenor tahun merosot hampir tiga tengah basis poin hari minggu turun jadi dolar prakira akhir minggu turun besar indeks dolar dxy dxy ukur nilai dolar keranjang enam mata uang turun hari fokus alih risalah rapat fomc nyata jabat the fed data pce minggu depan agenda ekonomi sibuk rilis pesan barang tahan lama data rumah nyata jabat the fed rilis risalah rapat federal open market committee fomc tuju paruh dua minggu dagang perhati klaim tunjang anggur awal estimasi dua pdb kuartal akhir tahun 2025 rilis ukur favorit the fed indeks harga belanja konsumsi pribadi personal consumption expenditure pce inti prakira harga xau usd emas naik lewat 000 incar level resistance krusial 100 bias atas emas tetap utuh beli dapat exponential moving average ema hari 971 buruk rally lewat level 000 momentum gambar relative strength index rsi tunjuk beli sedang kumpul momentum xau usd tembus 100 resistance utama ikut 200 ikut puncak januari 451 rekor tinggi dekat 600 balik emas sulit tetap atas 000 buka jalan harga lebih rendah support utama pertama ema hari 900 lampau dasar ikut 800 ema hari 618 zona minta ikut tanya umum putar emas emas main peran penting sejarah manusia banyak guna simpan nilai alat tukar kilau guna hias logam mulia sebut luas pandang aset safe haven arti emas anggap investasi baik lama masa masa sulit emas luas pandang lindung nilai mata uang depresiasi gantung terbit perintah tentu bank bank sentral rupa pegang emas besar upaya dukung mata uang masa sulit bank sentral cenderung diversifikasi cadang beli emas tingkat kuat ekonomi mata uang rasa cadang emas tinggi jadi sumber percaya solvabilitas suatu negara bank sentral tambah 136 ton emas nila miliar cadang tahun 2022 data world gold council rupa beli tahun tinggi sejak catat mulai bank sentral negara negara kembang tiongkok india turki cepat tingkat cadang emas emas milik korelasi balik dolar obligasi perintah dua rupa aset cadang utama aset safe haven dolar depresiasi emas cenderung naik mungkin investor bank sentral diversifikasi aset aset masa sulit emas korelasi balik aset aset risiko rally pasar saham cenderung lemah harga emas aksi jual pasar lebih risiko cenderung untung logam mulia harga gerak bagai faktor ketidakstabilan geopolitik takut resesi parah cepat buat harga emas tingkat status aset safe haven aset imbal hasil emas cenderung naik suku bunga lebih rendah biaya uang lebih tinggi biasa beban logam kuning sebut bagi besar gera gantung perilaku dolar usd aset sebut harga dolar xau usd dolar kuat cenderung jaga harga emas tetap kendali dolar lebih lemah cenderung dorong harga emas naik informasi kena halaman halaman isi nyata wawas masa datang libat risiko ketidakpastian pasar instrumen profil halaman tuju informasi anggap rekomendasi beli jual sekuritas laku riset seluruh buat putus investasi apa fxstreet jamin informasi bebas salah galat salah saji material jamin informasi sifat tepat waktu investasi forex libat banyak risiko masuk hilang semua bagi investasi tekan emosional semua risiko rugi biaya kait investasi masuk rugi total pokok rupa tanggung jawab berita kini pilih editor prospek dolar tengah tahun mata uang luar biasa risiko luar biasa prakira harga emas skenario tentu sisa tahun 2026 ini arah dolar kanada lanjut skenario bearish skenario bullish bitcoin btc tahan kuat ancam minyak 100 ubah main ikut perlu tahu hari jumat juli pasar uang tetap hindar risiko jelang akhir pekan investor kini nilai dampak gelombang baru tarif laku amerika serikat terus perhati berita keluar timur tengah kalender ekonomi tampil data awal indeks manajer beli imp manufaktur jasa bulan juli zona euro inggris hari jumat,Positif
naik risiko minta program mbg perlu dimitigasi see more juli 2026 juli 2026 juli 2026 juli 2026 juli 2026 juli 2026 office chief economist bank mandiri makan gizi gratis mbg issa ilustrasi pasardana tahun kira tingkat hingga februari salah satu faktor efek basis rendah turun mulai maret 2026 risiko impor relatif kendali office chief economist bank mandiri kamis 2026 risiko naik minta program prioritas perintah makan gizi gratis mbg perlu dimitigasi seluruh proyeksi tetap kendali awal 2026 potensi tingkat paruh dua tahun akhir tahun kira yoy 2025 nasional besar yoy ada sasar cermin efektivitas baur bijak sinergi kendali khusus pangan januari 2026 tingkat jadi yoy sebab efek basis rendah diskon tarif listrik tahun lalu,Positif
yield obligasi jangka tahun naik jpmorgan rekomendasi jual yield obligasi jangka tahun naik jpmorgan rekomendasi jual washington jpmorgan chase rekomendasi aksi jual obligasi perintah tenor tahun strategi taktis alas prospek tumbuh ekonomi tetap tangguh sulit federal reserve mangkas suku bunga agresif catat pimpin jay barry analis sebut fundamental ekonomi kuat kutip bloomberg jumat nilai sulit kevin warsh ketua the fed langsung arah bijak federal open market committee sesuai ingin jabat pandang jpmorgan muncul jelang rilis data krusial jumat potensi beri tunjuk baru kena arah bijak moneter tekan harga tunjuk tanda tanda reda minta obligasi tenor pendek sensitif bijak kira tingkat imbal hasil yield treasury fluktuasi panjang pekan pengaruh aksi jual saham teknologi data ketenagakerjaan kuat kondisi sebut picu debat bagaimana warsh pilih presiden donald trump ketua the fed ikut kelola bijak suku bunga laku pasar kira mangkas suku bunga the fed besar basis poin juli satu kali akhir tahun belum rilis data tenaga kerja lebih kuat kira pasar hampir sepenuh hitung turun suku bunga juni yield treasury tahun naik basis poin jadi dagang asia jumat turun lima basis poin sesi belum semua pihak dapat jpmorgan manajer hedge fund david einhorn salah satu diri greenlight capital justru taruh the fed bawah pimpin warsh mangkas suku bunga jauh lebih besar kira pasar aku beli kontrak jangka secured overnight financing rate sofr antisipasi reli biaya pinjam turun lebih agresif jpmorgan kira inti core cpi masuk komponen makan energi naik januari dorong tekan harga awal tahun pudar dampak sisa tutup perintah federal estimasi bloomberg economics ada level jalan konsensus pasar nilai sulit yield tenor pendek turun signifikan level tulis analis jpmorgan lapor sebut,Netral
dampak data minggu bitcoin crypto pintu investasi bitcoin bagai aset crypto kini jadi fokus utama pasar jelang rilis data amerika serikat tunda bulan januari data consumer price index cpi kira beri sinyal penting kait arah bijak the federal reserve the fed risk appetite investor aset risiko crypto gera harga bitcoin altcoin tampak makin erat ekspektasi suku bunga global kondisi makro ekonomi volatil data cpi rilis kira tunjuk turun desember year over year tunda shutdown perintah buat pasar tunggu sinyal the fed tunda cepat potong suku bunga turun lebih ekspektasi biasa lemah tekan the fed tahan suku bunga tinggi kondisi tarik minat investor aset risiko masuk crypto balik kuat panjang rezim higher for longer tekan risk appetite bagi besar pasar memprice ulang proyeksi potong suku bunga cpi jadi indikator lebih penting data tenaga kerja tentu arah pasar baca proyeksi harga perak 2026 dasar outlook morgan bitcoin tunjuk pola konsolidasi data tenaga kerja kuat dorong probabilitas potong suku bunga bawah naik hasil obligasi buat risk appetite turun tekan jual aset digital sempat tingkat konteks bitcoin tetap pandang aset risiko gera sangat sensitif kembang data cpi potensi downside upside sangat gantung berapa dekat hasil ekspektasi pasar sentimen pasar cermin ketidakpastian tahan posisi konservatif ambil risiko iring reda data makro bitcoin altcoin besar ethereum aset lain kira gerak jalan sentimen makro peristiwa belum crypto sempat catat respon harga agam gantung ukur data cpi ekspektasi suku bunga respon tunjuk crypto umum sepenuh independen faktor moneter tradisional aset digital reaksi peluang suku bunga turun tingkat likuiditas pasar seluruh cpi tunjuk lemah harga lebih ekspektasi mungkin besar crypto lihat reli teknis singkat meski volatilitas tetap tinggi balik dorong risiko suku bunga tinggi buat risk asset tekan ekspektasi pasar suku bunga kini pengaruh data tenaga kerja kuat mungkin cpi moderat buat probabilitas potong suku bunga temu fed datang makin padat waktu lebih jauh fedwatch tool kira mungkin besar the fed tahan suku bunga kisar waktu dekat jadi hambat aset risiko crypto ekspektasi potong suku bunga penuh volatilitas pasar jangka pendek jadi makin besar utama jelang umum cpi investor coba sesuai portofolio dasar probabilitas bijak moneter investor jangka pendek mungkin terus pantau cpi sangat hati hati angka keluar picu gera harga tajam crypto angka lebih rendah kira tingkat risk tingkat bawa alir modal bitcoin aset digital lain balik data lebih tinggi ekspektasi tekan risk asset lebih jauh buat minta aset safe haven emas naik kondisi posisi trading lebih defensif pandang wajar jangka pendek jangka tengah putus investasi gantung bagaimana the fed tafsir tren lapang kerja prioritas tumbuh stabilitas harga baca skenario tambang emas martabe dampak crypto harga tembus rp84 juta per ons ikut google dapat informasi kini putar dunia crypto teknologi blockchain cek harga bitcoin usdt idr harga saham nvidia tertokenisasi lewat pintu market nikmat alam trading crypto mudah aman unduh aplikasi crypto pintu lalu play store maupun app store sekarang dapat alam web trading bagai tools trading canggih pro charting agam jenis tipe order hingga portfolio tracker pintu pro disclaimer konten tuju kaya informasi baca pintu kumpul informasi bagai sumber relevan pengaruh pihak luar catat kerja masa lalu aset tentu proyeksi kerja datang aktivitas jual beli kripto milik risiko volatilitas tinggi selalu laku riset mandiri guna uang dingin investasi segala aktivitas jual beli bitcoin investasi aset kripto lain jadi tanggung jawab baca referensi,Netral
mendagri yakin satgas pangan polri bantu jaga stabilitas harga menteri negeri mendagri tito karnavian bicara peran strategis polri jaga stabilitas ekonomi kata polri punya jejaring luas bantu jaga stabilitas harga barang jasa pengaruh sampai tito jadi materi acara rapat pimpin polri 2026 timur rabu 2026 polri kata milik peran strategis jaga stabilitas aman lancar pasok barang tetap kendali langsung hubung masyarakat harga barang jasa bahkan tadi sampai survei persen lebih masyarakat mayoritas isu nomor satu masalah cost living biaya hidup sangat pengaruh harga barang jasa jadi kunci ukur kata tito kata polri milik jejaring luas seluruh indonesia milik mampu deteksi potensi ganggu bidang ekonomi sini paham teman teman polisi milik jejaring luas satgas pangan polri kapolres kapolda biasa milik mampu deteksi bidang ekonomi intelijen ekonomi tutur tito gerak paralel bantu dukung jaga daerah masing masing tetap kendali harga barang jasa kendali sedia lanjut kata lancar pasok stabilitas harga bahan butuh pokok buat suasana tetap kondusif kata masyarakat aktivitas tenang butuh pokok sedia kalau harga barang jasa kendali masyarakat sedia jangkau jauh buat masyarakat tenang dampak aman lebih stabil ujar tito belum kapolri jenderal listyo sigit prabowo tegas kesiap korps bhayangkara awal sukses rencana kerja perintah tahun 2026 sampai jenderal sigit buka rapat pimpin rapim polri tahun 2026 salah satu awal ekonomi antara cegah bocor anggar negara jaga stabilitas pasar modal praktik saham goreng hingga stabilitas harga butuh pokok khusus jelang bulan ramadan lalu satgas pangan polri milik komitmen dukung awal penuh program kerja perintah khusus bidang swasembada pangan bidang swasembada energi hilir program program catat program program prioritas rencana kerja perintah tegas jenderal sigit simak video mendagri kan biang kerok lonjak harga emas dunia ond haf,Netral
kelas tengah gerus phk pangan daya beli masyarakat anjlok inanews teliti center macroeconomics and finance macfin indef riza annisa ungkap faktor kompleks balik lemah konsumsi rumah tangga kelas tengah kelompok paling pukul akibat gelombang phk pangan tinggi kerja industri manufaktur padat karya alami phk masif sejak 2024 hingga sekarang phk sulit dapat kerja rupa akhir masuk sektor informal dagang tani bayar ungkap riza diskusi publik indef kamis 2026 riza jelas kelas tengah hadap tekan ganda harga bahan pangan terus tinggi naik bbm non subsidi dukung perintah disposable income turun drastis mampu konsumsi kurang penuh butuh primer sandang pangan papan jelas data breakdown konsumsi bukti analisis riza makan tumbuh tinggi alas kaki pakai triwulan tarik didik tinggi kelas tengah sangat aware didik anak meski korban konsumsi riza temu inkonsistensi data kejut triwulan sektor transportasi akomodasi tingkat sektoral konsumsi masyarakat transportasi komunikasi restoran justru turun sinkron kalau sektoral naik konsumsi turun arti siapa guna mungkin besar industri industri manufaktur naik terang seluruh daya beli kelas tengah pulih bahkan cenderung turun panjang 2025 prihatin nasib kerja phk data dapat kerja sektor formal paksa masuk sektor informal hasil tentu,Negatif
gpm hss jaga tahan pangan tekan laju langkah jadi strategi intervensi harga pasar tetap kendali kandang perintah kabupaten pemkab hulu sungai selatan hss kalimantan selatan kalsel lalu dinas tani ikan pangan hss gelar gera pangan murah gpm taman palidangan sehat kandang kandang jumat program wujud nyata hadir negara jaga tahan pangan tekan laju tingkat daerah kata kepala dinas tani ikan pangan kabupaten hss lutfiana pihak tekan jamin sedia stok pangan rupa prioritas utama perintah kabupaten baca dwp hss latih terampil buat aksesoris nila ekonomis lalu inisiatif gpm tuju utama pihak jamin akses warga pangan mutu harga lebih murah harga pangan pasar langkah jadi strategi intervensi harga pasar tetap kendali ujar pasar murah bahan pokok bawang putih jual harga rp33 000 per kilogram bawang merah rp34 000 per kilogram paket garam isi tiga harga rp5 500 asam rp6 500 per bungkus bumbu dapur sedia beras sphp harga rp60 000 per kemas gula pasir rp17 500 per kilogram kemudian minyakita rp15 000 per liter hingga minyak goreng premium befood banderol harga rp19 000 per liter baca pkk hss gelar workshop akademi burung dara sama chef agus adapun gpm rupa gera stabilisasi pasok harga pangan nasional hadap bulan suci ramadhan idul fitri seluruh provinsi kabupaten kota indonesia gera dahulu zoom meeting ikut seluruh daerah isi sambut menteri tani daring lalu aplikasi zoom kabupaten hss zoom meeting ikut wakil bupati hss surian sekretaris daerah hss muhammad noor kapolres hss kepala bps asisten kepala dinas tani hss warta fathurrahmaneditor mahdani copyright 2026 larang keras ambil konten laku crawling indeks otomatis situs web izin tulis kantor berita,Netral
website perintah kota diri wali kota diri vinanda prameswati pimpin high level meeting tim kendali daerah tpid kota diri jumat 2026 hlm tajuk stabilisasi harga sedia pasok lama bulan ramadhan jelang idul fitri 447 tuju pasti sedia pasok stabilitas harga butuh pokok lama bulan suci ramadhan sebentar masyarakat laksana raya imlek puasa ramadhan tentu pengaruh tingkat aktivitas ekonomi libur panjang mungkin tingkat konsumsi rumah tangga mobilitas masyarakat sisi dampak positif tumbuh ekonomi ujar mbak wali ungkap dasar data bps bulan januari kota diri alami deflasi picu turun harga makan minum tembakau year year alami year year pengaruh banyak faktor pertama sedia pasok komoditas pangan strategis lalu lancar distribusi antar wilayah lanjut iklim cuaca pengaruh pola konsumsi masyarakat momen tentu pengaruh forum tegas beberapa langkah strategis belum laku survey pasar beberapa harga komoditas naik bahkan signifikan perlu pasti harga stabil perlu kolaborasi bagai pihak jelas wali kota muda tegas beberapa laksana pertama laku meta stok sedia bahan pokok wilayah kota diri dua pasti lancar distribusi laku awas jadi timbun maupun hambat sebab langka apabila perlu laksana operasi pasar murni opm gera pangan murah gpm program laku ukur tepat sasar tiga perlu laku pantau harga intensif jadi naik laku intervensi tepat momen imlek ramadhan idul fitri banyak minta masyarakat moga lalu giat hari rumus langkah konkret jaga kota diri tegas kepala bps kota diri emil wahyudiono tambah dapat beberapa komoditas sumbang deflasi bulan januari 2026 cabai rawit bawang merah daging ayam ras cabai merah telur ayam ras bensin kangkung bayam sawi hijau tomat angkut udara wortel lalu year year januari 2026 beberapa komoditas sumbang antara tarif listrik emas hias beras taman kanak kanak bahan bakar rumah tangga angkut udara lain turut hadir wakil wali kota qowimuddin asisten ekonomi bangun hery purnomo deputi kpwbi diri deasy wakil polres diri kota wakil jaksa negeri kepala opd kait tamu undang lain bagi protokol komunikasi pimpin sekretariat daerah kota diri 2026 wahyu humas siar pers,Positif
luncur gpips strategi baru kendali pangan bank indonesia luncur gera kendali pangan sejahtera gpips komitmen kuat tahan pangan nasional tengah risiko ubah iklim kian kompleks gpips luncur kabupaten banyuasin provinsi sumatera selatan rabu februari 2026 strategi rupa evolusi program belum gera nasional kendali pangan gnpip kini lebih fokus kuat pasok struktural ketimbang sekadar stabilisasi harga jangka pendek scroll bawah lanjut baca iklan deputi gubernur bank indonesia ricky gozali jelas langkah rupa respons atas tantang pangan makin berat mulai cuaca ekstrem hingga karakteristik komoditas musim dekat inovatif integrasi lanjut kuat jaga stabilitas harga sekaligus daya tani struktural ujar ricky acara gpips wilayah sumatera 2026 kabupaten banyuasin rabu februari 2026 jelas strategi waspada naik awal tahun meski nasional panjang tahun 2025 jaga angka persen yoy sesuai target angka persen hingga persen bank indonesia beri catat khusus awal tahun 2026 data januari 2026 tunjuk rangkak naik level yoy dorong signifikan kelompok pangan gejolak tekan laju sebut bank indonesia tetap tiga pilar strategi utama pertama tingkat produksi fokus komoditas hortikultura guna bibit unggul tahan cuaca teknologi adaptif koordinasi pola tanam antar wilayah dua langkah efisiensi distribusi cara laku optimalisasi kerja sama antardaerah kad sinergi bumn logistik mangkas rantai pasok efisien tiga lewat sinergi bijak manfaat data neraca pangan akurat perintah pusat daerah kuat peran bumd beli siaga hasil tani sempat sama gubernur sumatera selatan herman deru bagi hasil wilayah kini duduk posisi produsen beras besar tiga nasional lalu inovasi digital sibenih gera sumsel mandiri pangan gsmp kata herman daru sumsel nilai hasil bangun ekosistem pangan mandiri atas capai sebut sumatera selatan anugerah harga satyalancana wira karya presiden atas kontribusi swasembada pangan nasional 2025 kepala wakil bank indonesia provinsi bengkulu wahyu yuwana hidayat tambah kolaborasi perintah laku usaha kunci pasti pangan tetap jaga kisar hingga persen gpips kata wahyu merespon atas makin kompleks tantang wujud tahan pangan adapun tiga baru program program kuat sisi hulu jamin sedia pasok pangan utama hadap cuaca ekstrem program kendali lebih komprehensif kuat stabilisasi harga pangan jangka pendek akhir program kuat sinergi pusat daerah dukung program prioritas perintah ucap luncur gpips rangkai rapat koordinasi tim kendali pusat daerah tpip tpid wilayah sumatera wahyu jelas rapat koordinasi sebut rumus sepakat strategis pertama fokus jangka pendek kuat upaya kendali jelang hari besar agama nasional hbkn lalu stabilisasi harga pasar kuat distribusi konektivitas pasok regional kuat manajemen risiko regional dua antisipasi risiko cuaca ekstrem kuat tahan pangan lalu kuat produksi bas adaptasi iklim lindung usaha tani pascapanen tiga kuat sinergi satu tugas kait cepat pulih lahan tani dampak bencana gpips sumatera 2026 jadi buka rangkai gpips nasional lanjut selenggara wilayah jawa balinusra sulampua kalimantan giat rangkai temuwicara sama tani umkm serah bantu sarana prasarana tani simbolis business matching perban laku usaha berangkat truk komoditas kerjasama antar daerah kad pilih editor harga bahan pokok selalu naik jelang ramadan,Positif
bupati gowa instruksi tpid kendali jelang ramadhan bupati gowa instruksi tpid kendali jelang ramadhan gowa bupati gowa sulawesi selatan sitti husniah talenrang instruksi tim kendali daerah tpid kabupaten gowa laku intervensi kendali jelang ramadhan 1447 hijriyah 2026 masehi sitti husniah talenrang nyata gowa jumat nilai kendali sangkut langsung hidup masyarakat khusus ibu rumah tangga penuh butuh dapur keluarga perintah mungkin angka masyarakat saji makan layak sahur buka perintah hadir pasti keluarga gowa cemas hadap ramadhan harga pangan kendali ujar husniah ungkap dasar data per november 2025 kabupaten gowa acu kota makassar catat besar persen year date lebih rendah banding rata rata provinsi sulawesi selatan besar persen diri ingat capai sebut buat jajar perintah lengah potensi tingkat konsumsi masyarakat jelang ramadhan idul fitri jaga stabilitas harga sedia bahan pokok terap strategi jangkau harga sedia pasok lancar distribusi komunikasi efektif laksana kata bupati sebut langkah konkret tekan laksana operasi pasar pangan murah wilayah rawan awas gudang distributor cegah timbun barang antisipasi ganggu distribusi akibat cuaca ekstrem satu data lintas opd bijak ambil tepat sasar masyarakat gowa jalan ramadan hati damai damai harga jangkau pasok sedia tahu perintah benar benar hadir urus butuh terang diri tegas penting sinergi lintas sektor mulai tpid opd kait aparat aman hingga laku usaha upaya kendali hasil atas kertas benar benar rasa manfaat seluruh lapis masyarakat sekretaris daerah kabupaten gowa andy azis lapor kata hlm laksana dapat gambar kabupaten gowa rangka hadap bulan suci ramadhan idul fitri 1447 hijriah hlm dapat gambar sedia kira produksi harga lancar distribusi komoditas bahan pangan dapat solusi apabila jadi kondisi ganggu sedia bahan pokok penting masyarakat jelang bulan suci ramadhan idul fitri 1447 hijriah opd anggota tpid kabupaten gowa pihak kait lain ucap sekda gowa warta muh hasanuddin editor riski maruto copyright 2026 larang keras ambil konten laku crawling indeks otomatis situs web izin tulis kantor berita,Positif
gpips jadi strategi baru jaga imcnews palembang gera kendali pangan sejahtera gpips jadi strategi baru jaga stabilitas harga pasok pangan wujud tahan pangan nasional langkah tempuh respons atas makin kompleks tantang kendali pangan risiko ubah iklim cuaca ekstrem karakteristik komoditas pangan sifat musim dekat inovatif integrasi lanjut kuat semata orientasi stabilisasi harga jangka pendek kuat pasok pangan struktural bank indonesia terus komitmen dukung kuat tahan pangan stabilitas harga lalu kembang klaster pangan tingkat produktivitas kuat lembaga tani sinergi perintah daerah kata deputi gubernur bank indonesia ricky gozali gpips wilayah sumatera 2026 giat kali selenggara kabupaten banyuasin sumatera selatan rabu 2026 tahun 2025 nasional catat besar year year ada kisar sasar capai sebut cermin efektivitas baur bijak kuat sinergi kendali khusus pangan pasuk awal tahun 2026 nasional januari 2026 tingkat jadi yoy utama kelompok pangan gejolak kembang tegas upaya kendali pangan tetap perlu kuat konsisten lanjut pangan gejolak jaga kisar tambah strategi utama wujud tahan stabilitas harga pangan nasional pertama tingkat produksi pangan khusus hortikultura lalu antisipasi risiko cuaca iklim manfaat bibit unggul tahan cuaca teknologi adaptif atur pola tanam antar komoditas lebih koordinasi antarwaktu antarwilayah dua lancar distribusi konektivitas antarwilayah kuat stabilitas harga lalu tingkat efisiensi logistik optimalisasi kerja sama antardaerah kad instrumen kuat rantai pasok sinergi bumn logistik kemudian tiga kuat sinergi antar perintah pusat daerah efektivitas bijak lalu manfaat data neraca pangan kad kuat peran bumd usaha pangan daerah offtaker kolaborasi erat perintah pusat daerah lembaga laku usaha wakil rakyat jadi kunci jaga stabilitas harga kuat tahan pangan daya tani dorong sejahtera masyarakat lanjut kata gubernur sumatera selatan herman deru tegas penting inovasi manfaat teknologi digital dukung program tahan pangan lalu inovasi digital sibenih gera sumsel mandiri pangan gsmp perintah provinsi sumatera selatan hasil bangun ekosistem pangan kuat daya tahan provinsi sumatera selatan salah satu sentra produksi pangan nasional produsen beras besar tiga nasional dapat apresiasi nasional lalu harga satyalancana wira karya presiden republik indonesia dukung capai swasembaga pangan nasional 2025 sebut gpips rupa kuat program kendali belum kenal gera nasional kendali gnpip terima ketua dpd demokrat provinsi jambi fauzi ansori ajak seluruh kader satu bangun jalan tol jambi rengat gubernur ingat soal ada tanah jambi desak kuat mitigasi sikap susut debit sungai batanghari seleksi ketat atlet pon bela diri koni jambi optimistis raih medali,Positif
jual ecer januari 2026 prediksi naik sorot konsumsi poin penting prakira jual ecer januari 2026 tumbuh yoy dorong barang budaya rekreasi makan minum tembakau sandang bulan jual ecer kontraksi mtm akibat normalisasi konsumsi pasca hbkn natal tahun baru lebih ringan banding tahun lalu ekspektasi maret juni 2026 tingkat picu kira naik harga jelang hbkn idulfitri 1447 bank indonesia lapor kerja jual ecer januari 2026 prakira tingkat tahun cermin indeks jual riil ipr januari 2026 prakira tumbuh besar persen tahun year year yoy dasar survei jual ecer tingkat sebut utama topang tumbuh kelompok barang budaya rekreasi makan minum tembakau subkelompok sandang baca jual ecer kira tetap tumbuh desember 2025 bulan jual ecer januari 2026 prakira kontraksi besar persen month month mtm jalan normalisasi konsumsi masyarakat hari besar agama nasional hbkn natal tahun baru meski kontraksi sebut lebih rendah banding periode sama tahun belum capai persen mtm kerja jual desember 2025 desember 2025 ipr tumbuh besar persen yoy utama dukung tumbuh jual suku cadang aksesori makan minum tembakau barang budaya rekreasi bulan jual ecer desember 2025 tumbuh besar persen mtm lebih tinggi banding tumbuh bulan belum besar persen mtm baca bps catat naik harga beras giling hingga ecer tingkat sebut dorong kerja mayoritas kelompok utama alat informasi komunikasi barang budaya rekreasi suku cadang aksesori makan minum tembakau jalan tingkat minta masyarakat hbkn natal tahun baru ekspektasi tingkat sisi harga tekan tiga enam bulan datang maret juni 2026 prakira tingkat cermin indeks ekspektasi harga umum ieh maret juni 2026 masing masing catat besar 175 156 angka sebut lebih tinggi banding ieh periode belum besar 168 154 tingkat ekspektasi harga dorong kira naik harga periode hbkn idulfitri 1447 hijriah editor yulian saputra,Netral
jelang ramadan idul fitri pemkot baubau ketat strategi kendali satulis baubau perintah kota baubau gerak cepat pasti stabilitas harga pangan jelang bulan suci ramadan hari raya idul fitri 1447 lalu high level meeting hlm tim kendali daerah tpid gelar aula lantai kantor wali kota jumat 2026 wakil wali kota baubau tegas komitmen perintah jaga daya beli masyarakat wakil wali kota baubau ode hamsinah bolu kata rapat koordinasi tingkat tinggi libat seluruh unsur internal opd mulai asisten sekda hingga dinas dagang koperasi ukm stan ketapang dinas ikan tak internal sinergi kuat hadir instansi vertikal bulog bps bpom ksop labuh murhum unsur forkopimda polres baubau kodim posal bulan januari februari memang tunjuk naik banding periode sama tahun lalu salah satu hilang intervensi subsidi listrik persen tahun lalu perlu khawatir lebih pemkot baubau kerah segala daya layan masyarakat sedia pangan kualitas harga ekonomis ujar tambah langkah konkret pemkot baubau resmi gera pangan murah gpm stadion betoambari langsung hingga sabtu besok 2026 depan pasar murah pusat satu titik sasar bagai pelosok kota baubau tuju masyarakat pinggir jangkau perlu keluar biaya transportasi mahal dapat stok pangan instruksi nasional masyarakat pasuk bulan ramadan tenang stok cukup komoditas utama beras sphp maupun premium minyak goreng gula pasir telur bawang merah putih siap bahkan dinas tani turut jaja produk lokal buah naga hasil bina tani tempat ungkap temu sebut tpid kota baubau pakat tujuh poin rekomendasi utama jaga stabilitas ekonomi hingga idul fitri pertama jamin stok dinas perindag koperasi ukm stan ketapang dinas ikan harap senantiasa pasti sedia bahan pangan cukup stabilitas harga jelang ramadah hingga idul fitri dua kuat awas sosialisasi parapedagang harga jual komoditas melampauiharga ecer tinggi het tetap tiga dinas dagang industri koperasi umkm dinas tani tahan pangan tingkat frekuensi efektivitas laksana pasar murah gera pangan murah gpm terap prinsip tepat waktu tepat sasar tepat lokasi tepat komoditas laku koordinasi instansi vertikal bumn bumd ambil peran strategis laksana gpm lama bulan ramadan jelang idul fitri empat perum bulog harap cepat distribusi minyakita mekanisme salur langsung dagang ecer lima dinas tani ketapang kuat bentuk klaster klaster pangan camat lurah program kedai kuat gera tanam mandiri khusus komoditas potensi jadi sumbang enam sekretariat tpid kota baubau fasilitas luas kerjasama antar daerah kad jamin lancar pasok bahan pangan tujuh dinas ikan kota baubau optimal manfaat fasilitas cold storage jaga kualitas sedia produk ikan laku cepat koordinasi perintah provinsi sulawesi tenggara kait cold storage milik perintah provinsi sulawesi tenggara tpi wameo manfaat perintah kota baubau harap semua tetap solid kerja keras masyarakat baubau jalan ibadah puasa khusyuk beban lonjak harga pangan tutup adm,Netral
harga minyak dunia naik picu data see more juli 2026 juli 2026 juli 2026 juli 2026 juli 2026 juli 2026 minyak komoditas brent wti rezy foto doc bank indonesia pasardana harga minyak dunia naik jumat 2026 picu data amerika serikat baru lansir reuters harga minyak west texas intermediate wti kirim maret 2026 naik sen persen jadi per barel new york mercantile exchange harga minyak mentah brent kirim april 2026 tingkat sen persen jadi per barel london ice futures exchange pek akhir harga minyak wti brent masing masing turun persen persen data baru tunjuk indeks harga konsumen tingkat lebih rendah ekspektasi januari tengah merosot harga bahan bakar minyak bbm jadi moderasi rental,Positif
ipb university dorong kuat ekosistem gizi pangan lanjut ipb university dorong kuat ekosistem gizi pangan lanjut tengah ramai diskusi soal libat kampus program makan gizi gratis ipb university tegas peran center excellence pusat unggul nasional program coe rupa hasil kolaborasi multipihak ipb university rencana bangun nasional badan rencana bangun nasional ppn bappenas badan gizi nasional united nations international children emergency fund unicef direktur kerjasama komunikasi pasar ipb university alfian helm kata lalu coe ipb university siap kolaborasi bagai pihak masuk badan usaha milik desa bumdes koperasi kelompok tani bangun ekosistem sedia pangan ipb university kembang model dapur bas karakteristik lokal kaya menu gizi inovasi sama bagai stakeholder kait jelas sebut ada coe pasti program jalan efektif ukur dampak nyata lebih lanjut alfian helm kata tanya dasar ipb rasa panggil perlu libat kembang depan jawab kondisi nasional perlu tingkat tata kelola semua ekosistem hulu hilir bangun kata jumlah soal lingkup nasional butuh peduli institusi didik tinggi gerbong ilmu pakar ribu sppg daftar badan gizi nasional semua milik sertifikat laik higiene sanitasi soal konsistensi mutu gizi gantung rantai pasok rapuh minim awas bas data lemah daya komunitas lokal pasok urai program besar sedang lari fondasi perlu kuat sini ipb university rasa panggil beri peduli soal bangsa tandas kata pilih ipb university sikap peduli rupa sadar soal gizi pangan kualitas sumber daya manusia memang lama jadi ladang kerja ipb university kalau kampus kapasitas riset pangan agribisnis ipb university jadi tonton rasa beres tegas lebih lanjut libat langsung buka peluang buat lebih ranah lama sulit jangkau ambil peran coe penuh gizi nasional pgn inovasi inovasi lahir laboratorium kebun coba ipb university akhir uji terap skala nyata varietas pangan lokal unggul formula menu bas butuh gizi spesifik teknologi olah pangan sederhana efisien sistem pantau mutu bas data semua kini punya ruang gerak riset tuju dampak jelas ipb university perlu lurus satu penting kait sppg bangun kelola sppg bukan ipb langsung blst holding company milik ipb lalu yayasan bentuk khusus yayasan sebut badan hukum kelola profesional pisah anggar didik operasional akademik ipb jadi struktur tata kelola mandat akademik kampus tetap jaga ungkap direktur blst luhur budijarso ungkap harap sederhana serius sppg kelola blst jadi model direplikasi nasional bukan soal dapur sempat kontribusi lapang dukung hasil program perintah model harap hasil dapat sehat blst bagi alokasi dukung riset beasiswa abdi masyarakat ipb kalau inovasi kampus ikut alir dalam laboratorium meja makan anak anak indonesia makna sungguh kampus dampak dapur garap blst camat ciampea camat sukajaya satu dapur siap operasi target awal layan cakup ribu terima manfaat wilayah lokasi ada wilayah memang tinggi butuh paling penting ekosistem agribisnis dukung kembang ungkap ekosistem ini jadi titik beda dekat banding sppg bangun dapur bangun rantai pasok tani ternak olah tahu tempe kampus lokasi sppg bina jadi pasok standar lanjut tutur proses bina libat dosen mahasiswa ipb bentuk program abdi masyarakat struktur tri dharma jalan simultan sini tri dharma kerja nyata teliti tentu standar gizi didik latih laku abdi masyarakat jadi rekat sebut ekosistem integrasi bukan sekadar dapur diri sendiri ungkap lebih lanjut urai sisi aman pangan main main seluruh sistem bahan baku hingga saji piring rancang penuh prinsip asuh aman sehat utuh halal bawah koordinasi lembaga riset internasional pangan gizi sehat halal ipb lri pgkh audit internal laku kala hasil buka verifikasi publik,Positif
guru tinggi libat bangun dapur apa tuju guru tinggi libat bangun dapur apa tuju universitas hasanuddin unhas makassar sulawesi selatan baru baru resmi dapur program makan gizi gratis wakil yayasan metavisi akademik nusantara halisu kata libat pihak program awal minta perintah proses verifikasi yayasan bawah naung unhas anggap mampu lantar milik lahan kosong sumber daya mampu finansial hingga akhir kontrak badan gizi nasional bgn belum menteri didik tinggi riset teknologi brian yuliarto kata kampus libat aktif jadi tonton program perintah khusus kait bentuk satu penuh layan gizi sppg libat guru tinggi program makan gizi gratis anggap upaya bungkam suara suara kritis proyek anggap masalah video produksi quinawaty pasaribu anindita pradana aidil,Negatif
unhas laboratorium gizi nasional dorong kolaborasi ilmiah lintas disiplin program makan gizi gratis kian posisi bukan sekadar intervensi sosial instrumen strategis tingkat status gizi sehat masyarakat lalu giat goes campus inisiasi badan gizi nasional guru tinggi dorong jadi pusat kaji inovasi implementasi bas sains sempurna program sebut giat gelar kampus universitas hasanuddin tamalanrea selasa april 2026 papar gunalan selaku plt deputi bidang promosi kerja sama badan gizi nasional tegas program tuju tingkat paham sivitas akademika bijak implementasi masuk akademik nilai krusial pasti efektivitas program terus sempurna bas data hasil evaluasi lapang bukan program statis terus baik lalu evidence based policy peran kampus sangat penting beri perspektif ilmiah solusi inovatif ujar sasar individu edukasi gizi luas hingga tingkat keluarga masyarakat beri paham kait atur angka cukup gizi komposisi porsi imbang penting pola makan sehat dukung kualitas hidup lebih baik rektor unhas prof tekan rupa program lintas disiplin libat seluruh fakultas bukan domain satu bidang tentu sayang guru tinggi jadi tonton kontribusi nyata program sangat makna sayang sekali kampus tonton beri pikir contoh konkret jadi gera sama tegas dekat interdisipliner jadi kuat utama fakultas sehat masyarakat fkm peran awal aspek sehat fakultas kontribusi sesuai ilmu masing masing bahkan unhas kembang kapasitas produksi pangan hasil ayam kualitas bagi ekosistem dukung program sektor ikan fakultas ilmu laut ikan fikp turut hadir inovasi olah ikan nila gizi tinggi sesuai preferensi generasi muda laboratorium nyata semua proses hulu hilir uji kembang kampus tambah usung dekat penta helix libat perintah akademisi industri masyarakat media satu ekosistem kolaboratif konteks guru tinggi jadi simpul penting kuat sumber daya manusia kembang kaji ilmiah bentuk komitmen unhas dorong bentuk kelompok studi interdisiplin kuat landas akademik program langkah sekaligus buka ruang kembang ide ide konstruktif sempurna bijak rupa mandat strategis nasional nanik deyang wakil kepala badan gizi nasional bidang komunikasi publik investigasi sorot peran universitas laboratorium hidup implementasi program luar biasa libat seluruh fakultas bukan intervensi gizi buah ekosistem program bangun komprehensif ungkap sinergi perintah guru tinggi harap jadi program bantu motor transformasi bas riset inovasi kampus sekadar ruang ajar pusat produksi solusi nyata tantang gizi nasional lalu dekat ilmiah integrasi buka peluang besar indonesia bangun generasi lebih sehat produktif daya saing dhs editor ishaq rahman,Positif
wali kota malang resmi empat sppg baru luas layan kedungkandang malangkota program makan gizi gratis salah satu program prioritas nasional terus kuat tingkat kualitas gizi masyarakat dukung tumbuh kembang generasi muda tekan angka stunting kota malang kuat sebut tanda resmi empat satu layan penuh gizi sppg baru wali kota malang wahyu hidayat kamis 2026 empat sppg resmi sppg kota malang kedungkandang buring kedungkandang buring lowokwaru tlogomas sukun bandungrejosari tambah harap mampu luas jangkau layan khusus kelompok sasar bumil ibu hamil busui ibu susu balita non paud wali kota malang wahyu hidayat sampai laksana program kota malang hingga jalan cukup baik minim kendala turut sebut jadi indikator hasil dukung program prioritas presiden republik indonesia kait penuh gizi masyarakat alhamdulillah kota malang masuk daerah minim masalah kait laksana program makan gizi gratis jadi satu hasil laksana program bapak presiden kait makan gizi gratis jelas wahyu nilai hasil sebut lepas sinergi seluruh pihak disiplin kelola sppg jalan layan sesuai standar operasional prosedur sop tetap badan gizi nasional bgn pasti kualitas layan tetap jaga awas operasional sppg terus laku lalu satu tugas satgas tuai sekretaris daerah sekda kota malang satgas sebut libat jumlah perangkat daerah laku pantau lapang lapor rutin kait laksana selalu ingat kait sop masuk antisipasi masalah masalah jadi daerah jadi kota malang tegas awas laku sekolah sekolah terima manfaat lalu inspeksi dadak sidak acak langkah laku pasti kualitas makan layan terima siswa tetap sesuai standar kalau sidak siap jadi laku acak masuk minta lapor sekolah sekolah kait kondisi laksana tambah sempat wahyu ungkap cakup terima manfaat kelompok kota malang baru capai persen data ulang terus laku luas sasar terima manfaat program data selesai kalau memang perlu tambah sppg sesuai butuh wilayah kata hingga kota malang catat milik sppg seluruh operasi beberapa sppg belum sempat suspensi kini jalan laku baik sesuai tentu laku yul,Positif
luas lapas puluh dapur siap layan program gizi gratis mediajustitia program makan gizi gratis terus luas manfaat lahan lembaga masyarakat lapas lokasi bangun dapur produksi makan gizi warga bina masyarakat wbp libat operasional dapur bagi bina terampil kerja direktur jenderal masyarakat dirjenpas mashudi kata banyak dapur sebar jumlah wilayah indonesia target mulai operasi akhir mei 2026 mudah mudah akhir mei jalan titik tambah jadi total dapur bangun siap operasi kata mashudi kamis 2026 mashudi imigrasi masyarakat kemenimipas dukung program sedia lahan lapas bangun dapur satu layan penuh gizi sppg total 119 titik usul baru lokasi dapat tuju antara pasuk tahap bangun jelas dapur bangun maupun luar area lapas sesuai tentu laku meski manfaat aset negara badan gizi nasional bgn tetap wajib bayar biaya sewa lahan masuk terima negara bukan pajak pnbp bgn bayar pnbp sewa tanah bayar sesuai atur ujar sedia lahan ditjenpas libat warga bina operasional dapur total kerja dapur banyak orang asal tenaga profesional lain rupa warga bina lolos asesmen nyata layak kerja dapur kerja orang diri tenaga profesional warga bina diasesmen kerja layan program kata mashudi tambah progres bangun dapur capai persen seluruh sarana prasarana bangun sebut ikut standar bersih aman pangan badan gizi nasional jumlah lapas jalan siap program dapur lapas sukamiskin proyek contoh lapas batulicin kalimantan selatan lapas bengkulu belum menteri imigrasi masyarakat agus andrianto nyata dukung program manfaat fasilitas dapur unit laksana teknis masyarakat penuh standar higienis aman pangan catat 469 dapur lapas rutan milik sertifikat laik higienis 754 warga bina ikut latih teknis selenggara makan sumber,Positif
hasil monev kota solok ungkap jumlah catat baik sppg hasil monev kota solok ungkap jumlah catat baik sppg solok infopubliksolok tim satu tugas makan gizi gratis kota solok temu jumlah catat penting kait standar bersih fasilitas dukung beberapa satu layan penuh gizi sppg laku monitoring evaluasi april 2026 temu sebut liput ada tenaga laksana sppg guna alat lindung diri apd fasilitas sanitasi pada hingga kelola dapur limbah perlu tingkat temu bahas rapat hasil monitoring evaluasi program gelar perintah kota solok kamis langkah cepat benah layan penuh gizi siswa rapat pimpin langsung ketua tim satgas kota solok desmon hadir kepala dinas tani pangan serta jajar kepala dpmppkb kepala dinas rumah kawasan mukim lingkung hidup kepala satu layan penuh gizi sppg kota solok mitra monitoring laku sppg kota solok pasti proses olah distribusi makan jalan sesuai standar hygiene aman pangan gizi imbang siswa terima manfaat soal guna apd fasilitas sanitasi tim temu perlu tingkat sarana olah makan area saji ruang istirahat rawan tata tertib guna loker dukung standar operasional dapur lebih baik ketua tim satgas rupa sekretaris daerah kota solok desmon tegas seluruh sppg minta segera menindaklanjuti hasil evaluasi kualitas layan program tetap jaga sppg milik kurang minta segera laku benah program pasti siswa dapat makan jamin makan saji higienis aman penuh standar gizi imbang ujar kepala dinas tani pangan kota solok ade kurniati sampai monitoring evaluasi laku seluruh jaga kualitas laksana program fokus awas cakup kualitas gizi hygiene pangan aman dapur sppg akurasi data terima manfaat hingga tingkat puas siswa terima layan kata,Negatif
gubernur dorong cepat program kuat pangan lokal gubernur dorong cepat program kuat pangan lokal admin ambon media center malu gubernur malu hendrik lewerissa tegas komitmen perintah provinsi malu dukung cepat laksana program makan gizi gratis seluruh wilayah malu sebut sampai giat sosialisasi program makan gizi gratis sama komunitas provinsi malu langsung aula lantai kantor gubernur malu kamis 2026 sambut lewerissa sampai apresiasi badan gizi nasional seluruh pihak kontribusi laksana program malu program makan gizi gratis rupa salah satu program strategis nasional milik peran penting tingkat kualitas gizi masyarakat khusus generasi muda jadi fondasi bangun sumber daya manusia indonesia unggul tuju indonesia emas 2045 ucap lewerissa jelas nasional program tunjuk capai signifikan baik sisi jumlah terima manfaat luas jangkau maupun dampak ekonomi masyarakat turut program sebut fungsi upaya penuh gizi jadi gerak ekonomi daya masyarakat program bicara soal penuh butuh gizi hadir dampak ekonomi nyata masyarakat lalu libat tenaga kerja umkm laku usaha lokal kata dasar data baru laksana program provinsi malu banyak 106 satu layan penuh gizi sppg operasi total potensi 192 unit capai persen program jangkau 222 640 siswa total potensi 488 994 siswa persen kelompok liput ibu hamil ibu susu balita jumlah terima manfaat capai 345 orang total potensi 562 orang persen sisi laksana program malu libat 075 rawan tenaga kerja nilai turut beri kontribusi buka lapang kerja kuat ekonomi lokal program buka peluang kerja masyarakat bukti milik efek ganda dorong tumbuh ekonomi lokal ujar lewerissa kait aspek aman pangan banyak unit sppg milik sertifikat laik hygiene sanitasi slhs instalasi olah air limbah ipal unit lain proses penuh standar meski tunjuk kembang positif lewerissa aku dapat jumlah tantang utama kondisi geografis malu wilayah pulau batas akses distribusi perata layan hingga daerah pencil perintah provinsi malu komitmen cepat bangun perata sppg tingkat cakup terima manfaat khusus kelompok rentan kuat awas mutu aman pangan dorong libat aktif masyarakat laku usaha lokal kata lewerissa tekan penting kolaborasi seluruh pihak lalu dekat pentahelix libat perintah akademisi dunia usaha komunitas media sukses program kunci hasil program kolaborasi semua pihak gerak sama manfaat program benar benar rasa rata masyarakat malu tegas turut potensi pangan lokal malu hasil laut sagu produk tani umkm perlu jadi bagi utama rantai pasok program manfaat ekonomi program rasa lebih luas masyarakat potensi pangan lokal malu jadi tulang punggung rantai pasok program sekaligus kuat tahan pangan tingkat sejahtera masyarakat tandas sempat sebut laku serah plakat badan gizi nasional perintah provinsi malu terima langsung gubernur malu lanjut serah plakat badan gizi nasional perintah kota ambon terima jabat sekretaris kota ambon lanjut perintah provinsi malu lalu gubernur malu serah plakat badan gizi nasional terima deputi promosi kerjasama badan gizi nasional gunalan turut hadir giat sebut sekretaris kota ambon deputi promosi kerjasama badan gizi nasional gunalan kepala biro sumber daya manusia organisasi badan gizi nasional rahman stp pimpin opd lingkup perintah provinsi malu kepala kantor layan penuh gizi ambon ketua ikaptk provinsi malu kota ambon serta sosialisasi program unsur masyarakat tamu undang lain diskominfo malu,Positif
dirjenpas sebut dapur lapas siap operasi akhir mei tribratanews polri direktur jenderal masyarakat dirjenpas mashudi kata dapur makan gizi gratis bangun lahan masyarakat sebar jumlah wilayah indonesia siap operasi akhir mei 2026 mudah mudah akhir mei operasi titik tambah jadi baru dapur kerja bangun akhir mei jalan ujar dirjenpas kamis 2026 dirjenpas imigrasi masyarakat kemenimipas turun dukung program fasilitas lahan lapas jadi tempat bangun dapur satu layan penuh gizi sppg ditjenpas dapat titik lokasi dapur jalan bangun siap operasi tahun banyak lokasi kata dapur sebut bangun luar pekarang lapas lahan lapas pasti program pihak badan gizi nasional bgn bayar biaya sewa setor kas negara terima negara bukan pajak pnbp jadi dapur baru dapat titik dapur mana laku tempat lapas luar karang lapas situ bangun sesuai atur bgn bayar pnbp sewa tanah bayar jelas dirjenpas sedia lahan sewa lokasi dapur ditjenpas dukung dapur sedia tenaga dapur libat warga bina kerja dapur banyak orang kerja asal kalang profesional sisa orang isi warga bina masyarakat wbp dirjenpas tegas wbp kerja dapur lalu seleksi asesmen ketat masuk kondisi sehat baik kerja orang profesional warga bina diasesmen kerja dapur layan kata dirjenpas kata pihak usul manfaat lahan lapas dapur total 119 lokasi aju 627 jumlah lapas rutan indonesia baru tuju lokasi sekarang progres bangun dapur persen mudah mudah akhir mei operasi sarana prasarana dapur bangun sesuai standar bgn guna lahan lapas kerja paruh warga bina terang dirjenpas lokasi dapur lahan lapas sebar jumlah daerah kata sumatera sulawesi beberapa provinsi lain dasar data himpun dapur lapas jalan lapas sukamiskin jadi proyek contoh kemudian lapas batulicin kalimantan selatan proses bangun lanjut lapas bengkulu ndt,Positif
wagub gorontalo dorong ahli gizi siap variasi menu bone bolango kominfotik wakil gubernur gorontalo idah syahidah rusli habibie dorong ahli gizi siap sedikit variasi menu program makan gizi gratis serta didik rasa bosan tetap antusias nanti makan saji hari sekolah sampai idah laku inspeksi dadak sidak satu layan penuh gizi sppg huangobutu kabila bone kabupaten bone bolango kamis 2026 sidak laku sama tim dinas sehat provinsi gorontalo evaluasi kualitas layan mulai menu makan hingga fasilitas tunjang minggu lalu dialog interaktif bgn pusat dorong kreativitas ahli gizi susun menu makan harap gorontalo tiap sppg siap minimal variasi menu ulang bulan ikut anak anak rasa bosan datang sekolah tunggu tunggu besok makan apa kata idah ketua satgas minta ada inovasi olah saji makan mulai cara masak hingga tampil menu turut saji tarik tingkat minat anak konsumsi makan gizi utama sayur cara saji cara olah cara kir makan tarik misal wortel potong bentuk cantik anak anak lebih tarik makan kalau wortel keras lihat pantes sisa anak anak kurang suka ambah wagub turut dorong manfaat bahan pangan lokal ikan air tawar hasil budidaya masyarakat nilai bahan pangan lokal olah jadi menu lebih ramah anak nugget maupun olah presto tinjau menu makan idah sama tim periksa instalasi olah air limbah ipal proses cuci ompreng wadah makan sppg huangobutu hasil tinjau ipal lokasi sebut nilai penuh standar meski minta proses cuci ompreng laku guna air terus alir baik cuci guna sabun maupun tahap bilas pasti bersih wadah makan tetap jaga ipal nya bagus proses cuci baik tinggal pasti air terus alir cuci bilas bersih lebih maksimal pungkas tahu sppg huangobutu kabila bone ada bawah naung yayasan naluri nusantara gemilang hari kelola 169 porsi makan gizi gratis warta echin mona,Positif
pemkab bekas minta satgas gerak kawal distribusi jadi gerak ekonomi portaljabar kab bekas laksana hari sekretaris daerah kabupaten bekas carwinda minta seluruh satu tugas makan gizi gratis gerak cepat awal distribusi pangan sekaligus libat pasok lokal program sebut dampak turun stunting tingkat ekonomi warga rapat koordinasi gedung kantor bupati bekas 2026 rapat sebut hadir perangkat daerah camat kepala puskesmas organisasi profesi pasti laksana program makan gizi gratis jalan tepat sasar hingga tingkat desa carwinda tegas camat segera bentuk posko awas pantau distribusi makan gizi terima manfaat camat kepala satgas camat segera bentuk posko awas camat lambat ujar carwinda perintah kabupaten bekas siap delapan indikator nilai satgas baik mulai monitoring padu latih satu layan penuh gizi awas sanitasi dapur hingga sistem lapor digital kepala badan pusat statistik kabupaten bekas krido saptono pasti mutakhir data terima manfaat laku bantu terima masyarakat benar benar butuh data tepat siap dukung mutakhir semua level program benar benar tepat sasar kata krido kepala dinas sosial kabupaten bekas alamsyah sebut verifikasi terima fokus kelompok rentan lansia sandang disabilitas keluarga miskin bas data padu sejahtera sosial terjun langsung sama damping sosial lansia sandang disabilitas keluarga miskin lewat ujar alamsyah kepala badan rencana bangun daerah kabupaten bekas dwy sigit andrian sampai prevalensi stunting hasil turun persen 2023 jadi persen 2024 data aplikasi ppgbm 2024 catat 948 anak alami stunting program makan gizi gratis arah jadi intervensi nyata baik kualitas gizi masyarakat stunting bukan soal gizi siap generasi emas 2045 tegas dwy sigit direktur rumah sakit umum daerah kabupaten bekas sri enny mainiarti nilai makan gizi gratis efektif bantu turun stunting gizi buruk anak siap jadi mitra evaluasi dampak program fasilitas sehat kata sri enny tutup rapat carwinda minta pasok bahan pangan prioritas asal desa camat putar ekonomi program turut rasa masyarakat lokal pasti masyarakat desa camat jadi pasok ekonomi lokal ikut maju tegas carwinda diskominfo kab bekas bhf,Netral
redaksi yth apa tanya sebut bukan produk jadi publik ajak maklum kurang fase wajar tak laku badan gizi nasional saskia ubaidi mei 2026 surat baca hari edisi minggu april 2026 muat tulis judul penting paham konteks artikel sebut tekan kritik program makan gizi gratis perlu tempat kerangka paham lebih utuh baik sisi kompleksitas bijak tantang implementasi maupun dinamika lapang program lahir niat jawab soal gizi timpang akses pangan nyata bijak skala nasional bawa beban besar jangkau luas kerja lintas sistem hadap ragam kondisi daerah justru muncul tanya dasar paham konteks jadi prasyarat kritik aju ruang publik sedang arah paham minta tunda tanya bijak publik selalu ruang jalan damping ruang paham tanya dua saling kuat konteks tekan penting paham sering kali dengar lebih dominan banding buka ruang tanya padahal paham kritik memang dangkal kritik paham risiko jadi satu arah bahkan ubah jadi benar hilang daya uji inti soal bukan tidak konteks bagaimana konteks guna posisi prasyarat mutlak kritik konteks geser alat jelas jadi alat nyaring tentu kritik mana anggap sah abai padahal praktik bijak publik kritik justru sering lahir alam langsung ketidaksesuaian janji laksana situ nilai kritik ada mampu tangkap gejala awal kerap luput rencana atas kertas program skala nasional ada tahap awal lepas bagai tantang lekat bijak distribusi pangan mulai logistik konsistensi kualitas hingga kesiap sistem bagai daerah konteks jelas kena kompleksitas memang penting cukup jadi jawab kompleksitas hapus butuh dasar layan publik tetap jalan standar layak kurang semata tempat bagi proses batas toleransi biar jadi kabur contoh kritik banding butuh sejahtera guru sektor didik sering anggap banding tepat kerangka bijak publik justru situ inti tanya bagaimana negara tetap prioritas anggar bukan sekadar angka cermin pilih politik lebih jauh program sebut bukan produk jadi publik ajak maklum kurang fase wajar bijak publik selalu langsung sentuh hidup masyarakat tahap implementasi tetap buka evaluasi bukan tangguh atas nama proses titik perlu jaga paham konteks berani tetap tanya akhir semua paham tanya tanya publik selalu datang lambat jadi sisa bukan ruang diskusi ruang terima mana bijak henti uji publik perlahan henti tanya saskia ubaidi jalan iskandarsyah tulis saskia ubaidieditor neli trianapenyelaras bahasa yuliana karim,Negatif
mahasiswa undip kembang inovasi bas limbah borong harga nwf 2026 undip malang mahasiswa fakultas dokter universitas diponegoro toreh prestasi tingkat nasional lalu ajang nusantara writing festival nwf selenggara malang jawa timur april 2026 tim fakultas dokter universitas diponegoro hasil raih silver medal harga favorite poster lalu inovasi tajuk sawit sustainable aroma based wellness innovation for transportation tim diri naufa nufail abdullah azzam ainnaya alifia putri lavirda pricilvia angkat solusi inovatif upa bersih helm bas eco enzyme limbah kulit jeruk program makan gizi gratis inovasi fungsi jaga bersih helm manfaat stimulus olfaktori tingkat waspada kemudi ojek online kendara wakil tim naufa nufail jelas ide sebut berangkat tinggi risiko celaka lalu lintas kendara sepeda motor khusus ojek online pengaruh faktor lelah distraksi helm guna hingga bas jam jadi lembap picu bau sedap potensi turun fokus lalu sawit integrasi aspek sehat lingkung cipta solusi aplikatif ujar fakultas dokter universitas diponegoro senin 2026 tambah senyawa limonene menthol formulasi sawit mampu beri efek stimulus sistem saraf peran tingkat perhati waspada unggul inovasi nilai letak baru ide gabung isu sehat selamat transportasi manfaat limbah bentuk konsep tim hadir prototipe produk bukti layak implementasi tunjuk inovasi henti gagas milik potensi terap nyata masyarakat tambah naufa hasil lepas dukung dosen bimbing prof ana nur afifah fanti saktini med ahk peran fakultas dokter universitas diponegoro bangun ekosistem akademik suportif lalu dekat bas evidence fasilitas jejaring kolaborasi lintas bidang mahasiswa dorong kembang inovasi ilmiah solutif lanjut fakultas dokter universitas diponegoro sangat dukung sejak tahap kembang ide hingga implementasi fasilitas jalin kerja sama mitra inovasi uji nyata ungkap naufa sampai bangga bawa nama fakultas dokter universitas diponegoro kompetisi lintas disiplin depan tim target kembang lebih lanjut lalu validasi ilmiah hilir produk masyarakat khusus komunitas ojek online semarang prestasi sekaligus tegas komitmen fakultas dokter universitas diponegoro cetak mahasiswa unggul akademik mampu hadir inovasi dampak masyarakat komunikasi publik nurul sumber laman,Positif
misbakhun tegas peran instrumen perintah tingkat kualitas sdm misbakhun tegas peran instrumen perintah tingkat kualitas sdm ketua komisi dpr mukhamad misbakhun nilai program makan gizi gratis salah satu langkah strategis perintah tingkat kualitas sumber daya manusia sdm indonesia jadi bagi intervensi perintah tingkat kualitas sdm kata misbakhun giat serap aspirasi masyarakat kabupaten kota pasuruan jawa timur jumat sempat sebut banding kondisi masa lalu situasi zaman dulu bayar spp berangkat sekolah sarap kini anak anak cukup makan gizi pikir negara kata misbakhun imbau masyarakat mudah pengaruh informasi negatif kait bijak perintah edar media sosial kalau orang tiktok bilang indonesia gelap jangan percaya anak anak saing bangsa bangsa besar seluruh dunia upaya perintah intervensi generasi datang gizi buruk dukung ujar sorot program turut jelas langkah perintah jaga stabilitas harga bahan bakar minyak bbm subsidi tengah tekan naik harga energi global sekali bijak subsidi jadi instrumen utama negara lindung daya beli rakyat kata tegas tengah ketidakpastian global masuk dampak konflik internasional harga energi hadir negara lalu bijak subsidi jadi penting lindung masyarakat turut perintah bawah pimpin presiden prabowo subianto sama menteri energi sumber daya mineral bahlil lahadalia terus upaya jaga harga bbm subsidi tetap stabil meski harga minyak dunia alami naik situasi harga minyak jadi naik seluruh dunia naik indonesia naik bbm subsidi kata tambah perintah bahkan target harga bbm subsidi tetap stabil hingga akhir tahun masuk skenario lonjak harga minyak global presiden pak bahlil pergi negara negara produsen minyak masuk indonesia jumlah besar harga bbm subsidi tahan pesan penting sampai seluruh rakyat imbuh lebih lanjut misbakhun contoh stabilitas harga elpiji kilogram tetap jangkau bagi lanjut bijak subsidi energi arti perintah usaha rakyat alami sulit kata tegas perintah terus tahan bagai program subsidi lain listrik kredit usaha rakyat kur iur bpjs sehat hingga bantu langsung tunai blt bukan ratus juta ratus miliar ratus triliun rupiah red korban negara buat bapak ibu sekali ujar,Positif
dosen ekonomi syariah ipb university usul integrasi kip kis tepat sasar dosen ekonomi syariah ipb university usul integrasi kip kis tepat sasar implementasi program makan gizi gratis hadap agam tantang dosen departemen ilmu ekonomi syariah fakultas ekonomi manajemen ipb university den lubis sorot distribusi program efisien tepat sasar agenda strategic discussion series kampus ipb dramaga sebut milik nilai filosofis kuat perspektif ekonomi syariah beri makan masyarakat butuh jalan prinsip zakat khusus zakat fitrah rukun islam tiga tegas bantu sosial masuk beri arah timbul boros filosofis miskin selalu negara bahkan maju sekali bagai faktor putus hubung kerja hilang cari nafkah bantu benar benar tuju butuh ujar praktik temu fenomena jumlah siswa konsumsi makan program biasa bawa bekal rumah pesan lalu katering kondisi potensi timbul food waste boros makan risiko makan buang jadi akibat distribusi tepat sasar atas sebut den usul distribusi bantu bas sekolah komunitas integrasi sistem lindung sosial kartu indonesia pintar kip kartu indonesia sehat kis lalu skema terima manfaat tukar bantu bentuk bahan pangan makan koperasi tunjuk mekanisme redeem bas kip kis bantu jadi lebih fleksibel tepat sasar butuh pangan suplai langsung tani lokal lalu koperasi cipta ekosistem ekonomi lebih lanjut jelas dekat nilai tingkat efisiensi beri output lebih besar input anggar sama bagai masuk sebut harap implementasi program terus sempurna lebih efektif efisien beri manfaat optimal masyarakat butuh,Netral
kampus minta libat aktif bangun dapur proyek kampus minta libat aktif bangun dapur proyek tulis quinawaty pasaribu peran jurnalis bbc indonesia terbit waktu baca menit libat guru tinggi program makan gizi gratis anggap upaya bungkam suara suara kritis proyek anggap masalah belum menteri didik tinggi riset teknologi brian yuliarto kata kampus libat aktif jadi tonton program perintah khusus kait bentuk satu penuh layan gizi sppg salah satu guru tinggi negeri baru baru resmi dapur universitas hasanuddin makassar wakil yayasan metavisi akademik nusantara halisu kata libat pihak program awal minta perintah proses verifikasi yayasan bawah naung unhas anggap mampu lantar milik lahan kosong sumber daya mampu finansial hingga akhir kontrak bgn jauh terjun guru tinggi goda beri konsesi tambang libat kampus proyek makan gizi gratis anggap tak lebih sekadar proyek apa dapur milik unhas resmi dapur milik universitas hasanuddin langsung selasa hadir kepala badan gizi nasional bgn dad hindayana mendikti saintek brian yuliarto gubernur sulawesi selatan andi sudirman sulaiman rektor unhas jamaluddin jompa rektor beberapa guru tinggi indonesia jajar pimpin kampus kepala bgn dad hindayana sebut unhas jadi guru tinggi negeri badan hukum ptn pertama milik sppg indonesia timur harap unhas peran kelola dapur sedia rantai pasok mandiri libat guru tinggi dad harap hasil program lebih baik kualitas bapak rektor sangat progresif inovatif luar biasa bangun sppg sangat gesit dukung program makan gizi gratis kata dad tambah sppg sebut sedia olah air siap minum bbc indonesia unjung dapur tamalanrea milik unhas lokasi camat tamalanrea bangun luas 20x15 meter persegi ada belakang masjid kampus unhas dalam bagai macam alat produksi makan tempat cuci bahan baku lemari dingin alat masak hingga wadah ompreng wakil yayasan metavisi akademik nusantara halisu jelas proses diri dapur langsung sejak oktober 2025 arti kerja tujuh bulan yayasan kata lama bentuk unhas mula fokus bidang didik meski tak pernah singgung tata boga klaim program jalan tuju diri yayasan soal terima manfaat sembilan sekolah diri enam satu satu smp satu sma bukan pihak kampus tentu sasar terima manfaat bgn total seluruh 500 orang hari imbuh kerja dapur jumlah orang asal masyarakat kampus tugas terima barang siap produksi porsi distribusi cuci ompreng aman bahan baku halisu bilang pihak yayasan manfaat sumber daya dapat jumlah fakultas misal fakultas tani dapat sayur mayur buah buah beras fakultas terna sedia telur ayam daging semua bahan bahan tadi produksi unhas maksimal guna dapur ucap kendati aku bahan baku unhas cukup seluruh terima manfaat tutur libat unhas proyek mula minta perintah pihak ikut jalan program sebut proses verifikasi unhas anggap mampu lantar milik lahan kosong sumber daya mampu finansial hingga akhir kontrak bgn unhas sendiri terima minta beri kontribusi nyata masyarakat sisi punya profesionalisme kelola yayasan anggap mampu jalan kerjasama bgn perintah unhas sisi sama sama punya penting cetus mendikti saintek guru tinggi jangan jadi tonton menteri didik tinggi sains teknologi brian yuliarto bilang fasilitas dapur bangun unhas tiru alias jadi contoh konkret peran guru tinggi dukung program prioritas perintah sekaligus kuat posisi kampus institusi mandiri tegas guru tinggi cukup jadi tonton libat langsung implementasi bijak masuk soal penuh gizi masyarakat brian sppg unhas kembang teaching factory dukung praktik riset mahasiswa dapur proyeksi pusat kembang sistem direplikasi lebih luas sppg nanti jadi tempat praktik teliti kembang lebih lanjut program kata dalam bbc indonesia langsung whatsapp klik sini akhir whatsapp ketua majelis rektor guru tinggi negeri indonesia mrptni eduart wolok tutur libat kampus negeri program bicara kira kira bulan lalu diskusi batas mendikti saintek jumlah rektor bicara muncul bahas soal program andal presiden prabowo subianto banyak tuai protes masyarakat padahal klaim niat presiden sungguh baik pak menteri lalu kata bagaimana kalau misal kampus laksana sekaligus contoh baik bukan diri dapur layak sedia makan gizi harga relatif murah ujar eduart bbc indonesia rabu minta sambung sambut tangan buka turut beberapa kampus milik sumber daya program jurus pas kait gizi tak cuma klaim kampus punya data terima manfaat lebih ada dapur jadi sarana magang mahasiswa analis dampak program suatu daerah maupun sekolah berangkat situ jumlah kampus taung yayasan aju diri buka dapur sebut dapat tugas jauh kata baru universitas hasanuddin resmi sppg ketua umum asosiasi guru tinggi swasta indonesia aptisi budi djatmiko aku tahu ada bahas sebut eduart wolok sejak tahun lalu beberapa yayasan milik guru tinggi swasta jadi kelola dapur misal universitas logistik bisnis internasional ulbi bandung universitas narotama surabaya dua kampus sebut aju diri klaim punya lahan cukup luas diri dapur jalan program studi kampus sebut ibarat kampus macam laboratorium manfaat program integrasi akademik inovasi ucap bbc indonesia mahasiswa ulbi kan ajar masalah logistik kirim bagai jadi anak anak praktik kerja sana uang diri dapur sebut guna dana investor sama sekali beri perintah klaim yayasan alam bidang tata boga rekrut orang orang latar belakang bidang katering sasar terima dapur dapur anak anak smp sma dekat lingkung kampus lepas baik eduart wolok budi djatmiko kata kampus tetap kritis bijak perintah masuk kritis kan bukan arti paham paham perlu bagaimana cara lebih optimal misal ujar eduart wolok bungkam suara kritis masalah libat kampus program anggap upaya bungkam suara suara kritis proyek masalah kata amat didik universitas paramadina totok amin soefijanto kalaupun suara kritis kampus totok pandang tajam guru tinggi sejati peran suara benar bakal main aman lantar kooptasi uang hasil proyek perintah misal jadi konsultan perintah bayar bilang tetap kritis laku tanya yakin totok nilai program jadi alat cari popularitas presiden siapa kritisi program beri porsi upa dapur sumber anggar negara besar rp335 triliun nilai libat kampus proyek tak lebih sekadar proyek jadi proyek cetus kampus memang punya mampu milik jurus kait gizi nutrisi pangan motif murni akademik sambung guru tinggi punya tupoksi sendiri kira kalau sesuai bidang masalah olah jadi proyek kurang kritik totok saran kampus negeri maupun swasta pikir kali libat proyek sebut beberapa kaji fakta lapang bukti program masalah jadi banyak masalah kalau kampus ikut ambil bagi kayak tambah masalah kampus punya kontrol lebih besar proses tata kelola segala macam program sangat top down anda problem tanggung kampus ibarat ikut buat putus timpa masalah bagaimana tahu kasus racun jadi soal paling banyak sorot jaring pantau didik indonesia jppi catat sejak awal 2025 hingga april 2026 626 ajar alami racun duga kait lembaga indonesia corruption watch icw temu ratus yayasan mitra sppg dapat proyek sebut duga punya koneksi lingkar jabat baru icw dapat ada duga markup anggar kait harga bahan pangan praktik monopoli pasok bahan baku libat pihak pengaruh rantai pasok hingga ada fiktif bbc indonesia turut rekam suara suara tolak masyarakat diri dapur lantar anggap ganggu nyaman warga cari lingkung minim libat laku usaha mikro warga kerja dapur jumlah kerja dapur bahkan aku pernah dapat kontrak kerja tulis oleh uang lembur lebih jam kerja tak jamin bpjs icw relevansi teliti indonesia corruption watch icw ira tamara nilai relevansi institusi didik jadi sedia satu penuh layan gizi sppg sama hal polri tni buka ribu dapur padahal tugas utama tega hukum butuh benah malah beri kerjasama luar tupoksinya ujar ira bbc indonesia kampus libat bentuk ejawantah pikir bgn anggar ambil dana didik jadi cocok kerjasama ketimbang paksa diri jadi kelola dapur guru tinggi baik fokus upaya desak perintah sejahtera guru dosen baik kualitas sarana prasarana didik bagai masuk cari jalan keluar wacana perintah hapus jurus kuliah anggap relevan butuh industri aspek aspek penting benah payung besar masalah didik terlalu banyak akrobatik program mana sangat jauh tuju awal tingkat kualitas gizi lepas icw kritik putus kepala bgn dad hindayana nyata bakal tetap beri insentif hari besar rp6 juta dapur dapur tutup sampai tinjau sppg unhas selasa tutup tetap beri insentif urus kata dad 720 sppg tutup sebut jumlah turun banding sppg tutup sejak awal april lalu bagi besar tutup laku ada sistem instalasi olah air limbah sertifikat laik higienis sanitasi slhs ira kata putus beri insentif sangat masuk akal tunjuk kepala bgn dad hindayana langgar atur sendiri rujuk putus kepala badan gizi nasional nomor tunjuk teknis tata kelola selenggara program tahun anggar 2026 sebut insentif upa rp6 juta per hari beri sppg penuh standar kapasitas spesifikasi teknis tetap bgn sppg sebut tutup penuh standar spesifikasi bgn arti hak dapat insentif situ harus sangat mudah lihat justifikasi beri insentif rp6 juta sebut jadi nyata kepala bgn dasar hukum potensi buang anggar negara sangat besar jelas untuk apa hitung kasar anggar buang percuma beri insentif capai rp10 miliar per hari atas dasar nilai komisi berantas korupsi kpk gerak laku lidi atas indikasi langgar guna anggar negara sebut wartawan muhammad aidil makassar kontribusi lapor,Negatif
jaga kualitas makan gizi gratis satgas kota solok intensif monitoring sppg jaga kualitas makan gizi gratis satgas kota solok intensif monitoring sppg solok infopubliksolok perintah kota solok terus kuat awas laksana program makan gizi gratis lalu peran aktif satu tugas satgas pasti kualitas layan penuh gizi jalan sesuai standar awas laku seluruh mulai aspek aman pangan bersih sanitasi hingga kelola lingkung satu layan penuh gizi sppg satgas rupa tim khusus bentuk perintah kota solok awas evaluasi cepat laksana program makan gizi gratis anak sekolah balita ibu hamil ibu susu tim tugas pasti distribusi makan jalan baik penuh standar sehat gizi tetap perintah pusat bagi kuat awas sebut satgas kota solok rutin laksana monitoring evaluasi operasional sppg hasil awas kemudian lapor jenjang badan gizi nasional bgn bappenas negeri bahan tindak lanjut bina awas lingkung hidup ahli muda arif ferdian sampai awas laku seluruh sppg tetap jaga kualitas layan timbul dampak rugi masyarakat harap seluruh sppg terus tingkat standar layan baik sisi higienitas olah makan maupun kelola lingkung awas laku terima manfaat oleh layan baik ujar arif tambah mekanisme awas sppg asal satgas libat awas internal sppg masyarakat hingga media massa kepala dinas perkimlh kota solok hanif sos ingat penting kelola limbah bersih lingkung operasional sppg turut seluruh kelola wajib pedoman putus menteri lingkung hidup nomor 2760 tahun 2025 baku mutu olah air limbah domestik kelola sampah sppg kelola limbah laku baik masuk pisah sampah organik anorganik lingkung tetap bersih sehat aman tegas hanif upaya kuat awas sebut bahas lebih lanjut rapat evaluasi satu layan penuh gizi sppg gelar aula dinas sehat kota solok kamis 2026 rapat pimpin sekretaris daerah kota solok desmon selaku ketua satgas hadir unsur dinas sehat dinas tani pangan dpmpkb sppi kepala sppg mitra sppg wakil opd kait rapat sampai hasil monitoring evaluasi laku april 2026 awas cakup sarana prasarana dukung sedia wastafel pintu masuk sppg guna alat lindung diri rawan ruang istirahat,Netral
dad hindayana kepala bgn lapor kpk apa tahu jauh kepala bgn lapor kpk soal duga korupsi sertifikasi halal apa tahu jauh tulis irham peran jurnalis bbc indonesia terbit waktu baca menit lembaga antikorupsi indonesia corruption watch icw lapor duga korupsi ada jasa sertifikasi halal badan gizi nasional bgn potensi rugi negara rp49 miliar komisi berantas korupsi kpk icw lapor kepala bgn dad hindayana buah usaha tunjuk bgn laku ada jasa sertifikasi halal potensi rugi negara hitung tadi rp49 miliar tata kelola masalah kait ada sertifikasi jasa halal kata wana alamsyah kepala divisi hukum investigasi icw kamis wana bicara gedung kpk kata lembaga sorot empat soal utama dasar hukum ada pecah paket duga pinjam bendera gelembung harga bagaimana respons kepala bgn dad hindayana kepala bgn dad hindayana respons lapor sebut kata terima kasih icw beri perhati khusus kait sertifikasi halal kata dad proyek sertifikasi halal jalan rupa anggar 2025 tegas seluruh proses bayar nanti lalu mekanisme awas evaluasi lembaga kait perlu sampai giat sertifikasi masuk tunggak 2025 selesai anggar 2026 kata dad kutip senin bayar review bpkp badan awas uang bangun apip aparat awas intern perintah jadi semua sesuai harga umum laku sambung bagaimana tanggap kpk soal lapor icw juru bicara kpk budi prasetyo sebut lapor icw laku klarifikasi lebih lanjut kembang usut sampai langsung lapor lapor tahap laku klarifikasi tim adu masyarakat progres sampai pihak lapor kata budi jumat budi jelas kpk laku kaji soal program kaji kpk sampai rekomendasi rekomendasi bgn baik sisi regulasi bisnis proses maupun kondisi lapang bagaimana mang penting baik gandeng mang penting lain kata ada soal hukum pertama icw nilai ada jasa sertifikasi halal bgn milik dasar hukum pres nomor 115 tahun 2025 wajib penuh sertifikasi halal putus kepala bgn nomor 401 tahun 2025 tegas tanggung jawab sebut ada sppg bukan bgn icw nilai bgn mesti laku ada jasa sebut lalu kemudian juknis tunjuk teknis kelola sppg mandat laku wajib laku sertifikasi halal sppg tambah hari sppg terima uang insentif besar rp6 juta kata wana dua ada pecah jadi empat paket lokasi jenis volume kerja waktu laksana sedia sama wana prinsip efisiensi paket gabung dapat harga lebih kompetitif pecah paket duga laku hindar tender buka dapat ahli hukum kontrak batas tanggung jawab hukum guna anggar nah problem ada sebut duga bgn laku pecah paket kepala bgn tanggung jawab putus mana implikasi diri sendiri tambah wana tiga icw sebut usaha kerja sama bgn ada jasa sertifikasi halal daftar lembaga periksa halal sistem badan selenggara jamin produk halal bpjph catat wenang laku damping sertifikasi halal wana bilang temu muncul duga kerja alih subkontrak pihak status lph praktik sebut nilai risiko timbul masalah akuntabilitas kontrak padahal tentu ada mandat kerja utama subkontraktor pihak jelas wana staf divisi investigasi icw zararah azhim syah ikut libat lapor banding nilai kontrak tarif batas atas sertifikasi halal sesuai tentu bpjph biaya maksimum per sertifikasi rp23 juta kata azhim bilang empat paket ada sertifikasi halal bki capai rp141 miliar total volume 000 kerja kemudian sanding biaya maksimum sertifikasi halal versi bpjhph nilai proyek sebut asumsi biaya maksimum per sertifikasi rp23 juta selisih nilai kontrak estimasi biaya sebut tunjuk ada duga gelembung harga rp49 miliar tekan bahwasannya tarif cantum sini tarif batas atas jadi sedia jasa sertifikasi halal lph lembaga periksa halal tetap tarif atas tarif jadi tarif tinggi masuk dalam komponen untung kata bbc indonesia minta komentar kepala bgn dad hindayana atas lapor dapat respons wakil kepala bgn bidang komunikasi publik investigasi nanik deyang aku tahu nahu kalau kait ada sila tanya aju kepala bgn dad hindayana apa tahu soal sertifikasi halal per februari 2026 badan selenggara jamin produk halal bpjph lapor banyak 340 satu layan penuh gizi sppg sertifikat halal kepala bpjph ahmad haikal hasan kata rupa hasil cepat jalan skema tempat selia halal dapur sppg paralel kuat kerja sama lembaga lembaga latih jamin produk halal jph cara begini semua kepala dapur jadi selia jadi training kepala dapur sppg lalu latih calon selia halal jadi selia halal dapur sppg kata ahmad haikal kutip situs bpjh jelas latih sebut hasil 198 selia halal dukung operasional proses produk halal dapur seluruh indonesia jumlah terus tambah iring laksana latih lanjut jalan jumlah sppg sertifikat halal tingkat signifikan libat rantai pasok panjang hulu hingga saji sertifikasi halal pasti mutu gizi halal pangan tetap jaga kata babe haikal sapa ahmad haikal bukan lapor pertama soal duga korupsi program dalam bbc indonesia langsung whatsapp klik sini akhir whatsapp februari 2026 icw layang surat kpk soal dapur polri isi surat sebut minta kpk laku monitoring kaji atas kelola dapur polri icw nilai kelola lebih 000 dapur yayasan kemala bhayangkari potensi konflik penting icw tuding transparansi kena anggar sppg polri lembaga estimasi tahun sppg kelola polri capai rp2 triliun sempat kadiv humas polri irjen johnny eddizon isir kata polri orientasi untung program baca kampus minta libat aktif bangun dapur proyek menu bahan mentah jadi sorot awas tanya bgn jalan fungsi kontrol anggar besar rp335 triliun gugat makan tiga dana didik berapa mungkin kabul hakim surat kpk icw beberapa kali keluar hasil investigasi potensi korupsi program temu liput tata kelola cacat kait sektor anggar bijak teknis laksana hingga awas lain temu indikasi gelembung harga bahan pangan biaya bangun dapur sangat tinggi ketidaksesuaian data terima transparansi anggar rendah hasil telusur icw beri gambar ratus yayasan mitra sppg dapat proyek duga koneksi lingkar jabat kuasa total 102 yayasan teliti icw hubung rentang partai politik bisnis birokrasi perintah rawan pilpres militer bahkan individu pernah sangkut kasus korupsi makan basi layak konsumsi racun intimidasi ancam bungkam keluh beban kerja guru rawan sertifikasi standar bersih dapur efek domino dagang sekolah umkm lokal wana alamsyah kata pihak kaji jumlah janggal ada barang bgn kata icw punya rencana lapor kpk sepeda motor investiasi jadi beberapa investigasi kata nyata bgn klaim program beri manfaat juta jiwa tahun program serap 780 ribu tenaga kerja klaim dorong kuat ekonomi lokal lalu laku umkm kepala bgn dad hindayana klaim program tunjuk dampak signifikan gerak ekonomi daerah dana alir langsung daerah lalu virtual account sppg rp248 249 triliun alir bawah belanja daerah ujar dad sempat dad klarifikasi biaya ada barang kaos kaki laptop alat makan kontroversial buat klaim ada barang bgn laku proporsional ukur langkah lain bgn henti 720 sppg jumlah banyak 356 masuk kategori mayor dapat insentif sisa dapat insentif meski operasi tuai kritik publik kategori mayor jadi lalai mitra yayasan fasilitas dapur layak penuh standar artikel terus baru,Negatif
tan program jadi serap hasil 165 juta tani tribratanews polri menteri tani sekaligus kepala badan pangan nasional andi amran sulaiman tegas program makan gizi gratis jadi serap offtaker hasil produksi 165 juta tani indonesia jadi offtaker 165 juta tani ulang diri jadi offtaker 165 juta tani indonesia ujar tan kamis 2026 turut program diri sendiri jadi bagi penting ekosistem tani nasional hubung produksi tani butuh konsumsi masyarakat langsung tan sebut program unggul presiden prabowo subianto sebut beri pasti pasar tani hasil produksi serap optimal khawatir lebih pasok tekan harga tingkat produsen tingkat serap hasil tani program nilai dorong putar ekonomi desa lalu aktivitas produksi distribusi konsumsi langsung integrasi tan kata dampak positif turut dorong tumbuh sektor tani terna iring tingkat minta program perintah sebut tambah manfaat rasa tani generasi muda oleh asupan gizi lebih baik harap jadi lebih sehat cerdas produktif masa depan anak anak cerdas depan penuh gizi kemudian ikut ekonomi putar desa pasar hidup langsung rasa rakyat kata amran program sendiri sasar bagai kelompok terima manfaat mulai anak sekolah hingga ibu hamil bagi upaya bangun sumber daya manusia unggul tan tegas program sebut milik penting politik tuju tingkat sejahtera rakyat siap generasi terus bangsa lebih tangguh,Positif
dinkes ungkap sebab 500 siswa klaten racun 500 orang diri siswa guru camat tulung klaten alami gejala racun bagi sempat rawat beberapa layan sehat santap makan gizi gratis periksa sampel makan dapat kandung bakteri bacillus dasar hasil periksa lab balai besar labkesmas kemarin sore sampel telur puyuh galantin maupun kuah timlo positif kandung bacillus terang kepala dinas sehat klaten anggit budiarto lansir detikjateng rabu 2026 jelas anggit siswa smpn tulung alami gejala racun jajar langsung terjun lidi hasil bacillus sebab gejala gejala sebut jadi bacillus sebab gejala gejala mual pusing muntah diare terang anggit bacillus sambung anggit beda bakteri coli bakteri coli sebab racun cenderung dapat air coli air masak benar mati bacillus proses udara kata anggit simak lengkap sini lihat video ratus siswa guru tulung klaten duga racun sop galantin,Negatif
plt camat bataguh hadir distribusi perdana posyandu lurah pulau kupang bataguh plt camat bataguh dino aries fahrizal hadir giat distribusi perdana makan gizi gratis kelompok balita ibu hamil ibu susu laksana posyandu seroja lurah pulau kupang selasa 2026 baca sertijab lurah hampatung sinergi layan lebih baik giat jadi langkah awal upaya tingkat status gizi masyarakat khusus kelompok rentan butuh asupan nutrisi optimal sambut plt camat bataguh sampai apresiasi atas sinergi seluruh pihak dukung selenggara program sebut program sangat penting pasti tumbuh kembang balita sehat ibu hamil susu tetap jaga harap giat jalan lanjut tepat sasar ujar seluruh distribusi lurah pulau kupang cakup 259 porsi bagi lalu tiga posyandu wilayah sebut posyandu apel posyandu mawar posyandu seroja salur laku koordinasi kader posyandu sama tenaga sehat perintah lurah pulau kupang serah bantu giat rangkai edukasi singkat kena penting pola makan sehat pantau tumbuh kembang anak ada program harap mampu beri dampak positif tekan angka stunting tingkat kualitas sehat masyarakat camat bataguh khusus lurah pulau kupang turut hadir giat sebut lurah pulau kupang erliansyah ketua lkmk lurah pulau kupang damang bataguh bataguh sppg bataguh kader posyandu tempat hmsbtgh nikmat mudah akses berita informasi kini putar kapuas mudah smartphone,Positif
babinsa dasuk pasti ribu salur terima manfaat media center selasa program makan gizi gratis mulai tunjuk dampak nyata daerah hal camat dasuk kabupaten sumenep banyak 894 terima manfaat dapat asupan makan gizi satu kali salur selasa 2026 program gulir lalu satu layan penuh gizi sppg yayasan nurul islam mannan djasuli desa dasuk laok sasar bagai kelompok mulai siswa lintas jenjang didik tenaga didik hingga kelompok rentan ibu hamil ibu susu babinsa koramil 0827 dasuk koptu agus rustanto jelas distribusi laku sejak pagi dukung tiga armada mobil box jangkau jumlah sekolah wilayah camat dasuk pasti lancar pihak laku damping langsung lapang ada lapang pasti seluruh proses distribusi jalan tertib aman tepat sasar sesuai data terima manfaat ujar turut menu bagi program diri nasi putih sate ayam maranggi tahu bulat sayur segar buah semangka rancang penuh butuh gizi hari terima kata program sekadar bantu makan bagi upaya strategis tingkat kualitas sumber daya manusia sejak dini lihat program sangat positif sentuh langsung butuh dasar masyarakat khusus anak anak sekolah harap asupan gizi cukup dampak sehat tingkat fokus ajar tambah data terima tunjuk cakup luas liput siswa kelompok main 353 siswa 110 siswa 272 siswa smp mts 268 siswa sma smk 441 tenaga didik ibu hamil 308 ibu susu turut terima manfaat program jadi salah satu langkah konkret kolaborasi lembaga sosial aparat wilayah dukung agenda tingkat gizi masyarakat daerah pungkas dim ren fer,Positif
ftip unpad damping sman bandung kelola sisa jadi kompos ruang ajar green jobs kanal media unpad sman bandung sisa nasi sayur buah asal sisa program makan gizi gratis sampah kantin pandang limbah hari bagi mulai timbang catat pilah lalu olah jadi kompos proses sederhana sekolah mulai bangun ruang ajar baru lingkung ekonomi sirkular green jobs ubah jalan lalu damping fakultas teknologi industri tani ftip universitas padjadjaran unpad dekat teknologi olah sampah organik ftip unpad damping sekolah baca soal sampah bukan beban bersih semata sumber daya kelola hitung kembang jadi ajar nila selasa april 2026 ftip unpad wakil dekan gemilang lara utama hadir evaluasi lanjut program kelola sampah sman bandung giat ikut kepala sekolah guru waste management team wakil osis pihak sekolah papar kembang program lalu allia labaiky ftip unpad beri masuk teknis evaluatif arah kembang jangka panjang kelola sampah jadi kompos damping mulai ruang rapat sejak awal 2026 ftip unpad libat identifikasi masalah survei lokasi sosialisasi pilah sampah modifikasi kontainer jadi komposter portabel latih bioaktivator hingga susun arah lanjut program inisiatif awal kepala sman bandung dan wardani dorong bentuk divisi lingkung hidup tubuh osis lalu kuat lalu bimbing akademik ftip unpad data awal tunjuk damping bas ilmu perlu periode amat april 2026 dashboard monitoring catat total timbul sampah sman bandung besar 232 kilogram jumlah sebut 221 kilogram persen rupa sampah organik kata tantang utama sekolah bukan botol plastik kemas sisa makan bahan organik masuk sistem sekolah hari titik ini ahli ftip unpad jadi relevan sampah organik cukup kumpul terlalu basah kurang oksigen campur bahan kering proses busuk ubah jadi anaerob timbul bau hasil lindi muncul larva ftip unpad dorong baik proses lalu komposting aerob guna bioaktivator atur imbang bahan basah bahan kering sustainable development goals sdgs siswa proses jadi laboratorium hidup terima materi lingkung kelas langsung ajar mem sampah timbang catat data baca tren timbul sampah paham komposter panas nali bau tanda proses imbang sini sdg didik kualitas hadir bentuk konkret didik hubung tahu terampil data tindak nyata damping cermin sdg mitra capai tuju sekolah sedia masalah nyata ruang praktik siswa jadi laku utama guru awal proses hari ftip unpad bantu baik teknologi baca data susun sop rancang arah lanjut evaluasi ftip unpad turut dorong susun pks program milik fondasi lembaga lebih kuat masuk regenerasi siswa kuat peran sekolah hasil awal program mulai lihat sman bandung catat panen kompos pertama maret 2026 hasil 150 kilogram bagi kompos jual sisa guna buat bioaktivator layering siklus ikut papar evaluasi sekolah catat jual kilogram kompos nila 702 000 jual kilogram sampah botol plastik nila 000 meski nilai besar alam penting ajar sdg miskin kontribusi bukan bentuk entas miskin langsung kuat terampil produktif siswa ajar limbah milik nilai ekonomi omzet beda untung produk lingkung butuh hitung biaya mutu kemas pasar program kait sdg life land komposting bantu kembali bahan organik tanah bentuk kompos guna hijau sekolah media tanam lalu proses siswa paham hubung sampah tanah tanam ekosistem darat sampah belum jadi beban ubah jadi input ekologis dukung subur tanah pilah botol plastik kurang sampah masuk salur air rencana tangan air lindi kait sdg life below water meski giat langsung lingkung sekolah darat sampah lindi kelola alir drainase sungai akhir pengaruh ekosistem air kelola sampah sejak sumber jadi bagi didik tanggung jawab ekologis diskusi evaluasi jumlah agenda lanjut muka analisis laboratorium kompos perlu laku hingga tiga kali pasti mutu dasar sop bahan masuk kompos hasil air lindi perlu tangan misal lalu kembang pupuk organik cair sampah nasi buah sayur hewani perlu pilah masing masing butuh laku beda tantang ikut bukan teknis lembaga program lingkung sekolah sering lemah urus osis ganti guru damping alami rotasi regenerasi sop sederhana bagi peran aku kompetensi siswa jadi penting program henti giat saat sman bandung ftip unpad tunjuk damping guru tinggi sekolah upa materi satu arah kampus hadir mitra ajar bantu sekolah baca masalah baik proses olah data hubung praktik lapang kompetensi masa depan lama aktivitas sekolah terus hasil sampah ruang ajar perlu terus jalan damping konsisten sampah organik gerak siklus baru sisa makan jadi kompos kompos jadi produk proses lahir alam nyata siswa kenal green jobs sistem ekonomi sirkular tumbuh biasa sederhana sekolah mem sisa makan olah benar jadi ajar nila lingkung masa depan siswa rilis dan wahdani ftip,Positif
irma suryani tekan awas ketat program kayu agung mei anggota komisi dpr irma suryani tegas upaya tingkat kualitas gizi masyarakat jalan iring awas ketat tekan program makan gizi gratis bukan sekadar bantu pangan investasi jangka panjang masa depan generasi program wujud komitmen perintah tingkat sejahtera gizi masyarakat pasti anak anak tumbuh sehat cerdas siap jadi generasi terus bangsa ujar irma sosialisasi program kayu agung ogan komering ilir sumatra selatan sabtu 2026 hasil program sangat gantung laksana akuntabel lapang irma awas lemah program sasar kelompok rentan anak anak ibu hamil tekan penting awas baik dapat laksana jalan tugas baik evaluasi tindak tegas program sangkut masa depan generasi bangsa jelas lebih jauh irma nilai program milik dampak luas sehat didik ekonomi masyarakat dorong laksana libat potensi lokal manfaat ekonomi turut rasa program beri manfaat ekonomi masyarakat libat potensi lokal tingkat gizi bantu gerak ekonomi desa ungkap legislator partai nasdem dapil sumsel ingat hasil program gantung perintah butuh libat aktif masyarakat jaga sama laksana program jalan baik transparan tepat sasar hasil program hasil sama siap generasi terus lebih baik tukas yudis,Netral
respon pakar sehat umsura saol usul bangun sppg kampus istimewa usul kepala badan gizi nasional bgn dad hindayana kampus milik minimal satu satu layan penuh gizi sppg tuai agam tanggap gagas nilai upaya kuat program tingkat gizi nasional masuk dukung laksana program makan gizi gratis kalang akademisi ingat libat guru tinggi tetap ada koridor fungsi utama pakar sehat universitas muhammadiyah surabaya umsura dede nasrullah tegas kampus geser jadi laksana teknis layan gizi dapur sppg turut guru tinggi milik mandat utama pusat kembang ilmu tahu kampus bumi dampak ilmu tahu kenal lalu riset unggul bijak bas data inovasi strategis bukan hasil kelola teknis dapur distribusi makan ujar senin 2026 dede dukung libat kampus program sppg tekan peran sebut milik nilai akademik jelas ukur turut fasilitas sppg justru manfaat laboratorium ajar pusat riset pangan kampus kontribusi kembang inovasi olah makan bas potensi lokal tingkat kualitas distribusi gizi hingga daya ekonomi masyarakat misal sppg jadi laboratorium hidup riset pangan lokal kembang teknologi olah makan model distribusi gizi bas komunitas situ nilai akademik kuat jelas lebih lanjut tekan penting batas tegas peran kampus fungsi operasional sppg bagi jelas khawatir kampus justru hilang arah identitas kampus turut libat kelola aspek teknis operasional peran sulit beda lembaga laksana padahal kampus fungsi pusat pikir inovasi tegas dede dorong kontribusi guru tinggi arah riset riset strategis kuat bijak gizi nasional antara teliti kait status gizi masyarakat evaluasi dampak program hingga desain model sedia pangan bas tani lokal riset dampak desain menu bas arif lokal hingga model rantai pasok libat tani lokal jadi fokus kampus tambah turut dekat bas riset beri kontribusi jangka panjang lebih signifikan banding libat aspek teknis operasional tegas dukung kampus program prioritas perintah masuk canang presiden prabowo subianto tetap penting bentuk dukung sebut sesuai kapasitas peran strategis guru tinggi kampus tetap fokus riset inovasi dukung hasil program bukan libat langsung urus teknis operasional pungkas dede,Netral
pasti tata kelola program pemkab sidrap tinjau sppg status tangguh perintah kabupaten sidenreng rappang sidrap lalu satu tugas satgas makan gizi gratis laku pantau awas satu laksana penuh gizi sppg status tangguh suspend kamis 2026 langkah rupa tindak lanjut edar menteri negeri nomor 400 1218 kena peran perintah daerah tata kelola selenggara program makan gizi gratis pantau pimpin asisten administrasi umum nasruddin waris sama asisten ekonomi bangun patahangi nurdin inspektur daerah kabupaten mustari kadir turut hadir kepala badan kesbangpol muhammad arsul plt kasatpol damkar andi gustianti kabag tata perintah fandi anshary kabag hukum ronni setiawan wakil dinas sehat dinas lingkung hidup asisten administrasi umum jelas tinjau tuju ukur jauh mana upaya benah laku pihak sppg dasar rekomendasi badan gizi nasional bgn penting operasional layan segera aktif pemkab sidrap harap pihak sppg segera laku baik sesuai standar tetap salur program terima manfaat langsung optimal imbuh informasi henti operasional sppg sebut akibat terima manfaat jumlah titik dapat layan makan gizi gratis beberapa hari akhir lalu pantau perintah kabupaten sidrap tegas komitmen dukung lanjut program langkah sekaligus pasti seluruh proses selenggara penuh standar layan aman pangan tentu hukum laku warta hariyanto basri editor nuryadin sukri,Negatif
adil artikel kolom seluruh isi opini rupa pandang pribadi tulis bukan cermin sikap redaksi makan berigizi gratis gema satu program bangun perintah prabowo subianto milik daya tarik sendiri beri makan orang mampu anak anak sekolah alas tuju apa baik semua dimensi bening hati kata akal budi mungkin terlalu lebih leta fundasi substansial program tampak terlalu harga samping titik tanya ragu manfaat program lihat lebih puji program sempurna utama aspek menejerialnya lihat tak sepenuh logis sudut pandang saling sangkal jelas tarik dua sudut pandang alas sodor refleksi kalau bukan sadar tidak tidak dewasa negara mungkin manfaat bahkan manfaat multi dimensi nyata sangkal tarik orang orang tanya aspek konstitusionalitasnya minta periksa fundasi konstitusional konstitusionalisme ukir eksistensi premis otokrat otokrat panjang sejarah selalu guna manfaat dasar tindak ganti perintah klaim klaim uud baca inefisiensi insentif juta sppg potensi rugi negara alas tepat hormat pilih jumlah orang hebat soal sisi politis sisi konstitusionalitasnya hebat reviewer tembak dasar hukum program jadi point review mahkamah konstitusi selalu panjang praktik judicial review pasal ayat huruf nilai sangkal hak reviewer minta nilai hakim nomor tahun 2025 anggar dapat belanja negara apbn 2026 konstitusional fungsi dasar biaya seluruh program giat perintah kasus ambil jadi dasar nilai validitas konstitusional program tarik satu seluruh pasal guna frasa makan gizi gratis frasa makan gizi bukan makan begizi gratis frasa tarik nyata jelas pasal ayat pasal ayat isi tentu tentu kena alokasi biaya anggar bagaimana maksud ayat cantum lampir rupa bagi pisah titik jelas pasal baru muncul rasa makan gizi frasa gratis lengkap jelas pasal dana operasional selenggara didik masuk makan bergisi lembaga kait selenggara didik baik umum maupun agama nampaknya jelas pasal ini jadi dasar selenggara program kapasitas konstitusional jelas pasal tampak soal mohon rincian argumentasi konstitusional mohon soal sifat konstitusional jelas pasal hemat jadi tentu titik mana isu akhir akan kabul seluruh minta kabul bagi tolak malah terima permohoan sepenuh gantung derajat dalam formulasi argumentasi normatif konstitusional saji hadap majelis hakim tarik problematisasi lihat luas liput norma pasal ayat uud 1945 garis besar norma pasal perintah perintah sedia anggar negara besar persen biaya selenggara didik titik mana letak logis hubung didik bagi anggar ambil porsi anggar didik andai benar benar bagi anggar asal anggar didik soal hukum bagaimana mohon milik yakin bukti anggar didik koheren perintah norma pasal ayat uud 1945 soal hukum segera muncul bagaimana mohon mendefenisikan rincian norma didik problem problem hukum mau mau pecah log mungkin sidang pecah problem hemat sendiri akibat program kualifikasi hukum program inkonstitusional rincian konsep didik buat mohon konfirmasi tidak tidak sanding rincian konsep didik milik jangan lupa norma didik pasal ayat uud 1945 sifat buka buka isi beri bentuk siapa problem besar hindar perkara andai anggar soal soal relatif mudah sebut mudah poin konstitusional debat sempit batas dasar hukum program alas hukum milik sifat kapasitas hukum tindak hukum perintah tindak hukum tarik tindak dasar jelas pasal bukan pasal ayat apbn perintah pusat nyata ambil prakarsa cipta program ambil posisi selenggara program tarik nyata jadi senjata bagus hakim hakim dasar nyata soal argumentasi konstitusional guna perintah ambil posisi selenggara program baca matematika bisnis koperasi desa merah putih tahan sekadar papan nama hakim pasuk soal nyata bukankah urus perintah bidang didik dasar tegah desentralisasi bila hakim hakim mulia bangsa bawa masuk desentralisasi urus didik dalam derajat konstitusionalitas peran perintah pusat urus medan tarung argumentasi konstitusional benar benar tantang titik aku perintah cukup sodor manfaat praktis multi dimensi sedia dana apbn senjata utama andai perintah benar benar hendak gelembung manfaat praktis sedia dimensi epistemologis sedia bentuk pasal uud 1945 jadi sangat urgen perintah titik sedia demonstrasi semua argumentasi konstitusional formulasi dasar bagi besar argumentasi bentuk pasal 18a pasal uud 1945 nali konteks pasal pasal uud 1945 mungkin perintah gerak pasuk mendemontrasikan konsep wewenang implisit implied authority sumber legalitas bukan legitimasi posisi perintah selenggara program wewenang implisit sama implied authority memang bukan sisi wewenang istimewa executive privilege perintah muncul dua wewenang beda walaupun milik mirip relatif soliditas argumentasi atas wewenang mungkin perintah temu pijak legalitas validitas perintah pusat tindak selenggara program giat dalam perintah kenal konteks pasal 18a uud 1945 mudah perintah temu argumentasi konstitusional nyata locus wewenang selenggara perintah leta perintah pusat perintah pusat keduduk konstitusional selenggara otonomi daerah semua konsekuensi konstitusional teknis menejerial serta perintah pusat jadi locus selenggara urus perintah perlu desentralisasi wewenang selenggara didik dasar tengah atur nomor tahun 2014 pemeritahan daerah hukum desentralisasi urus perintah atur merta hilang locus wewenang konstitusional pegang perintah pusat nomor tahun 2014 perintah daerah bukan perintah daerah konsekuensi logis valid guna dasar sangkal wewenang perintah pusat selenggara program desentralisasi urus perintah nila hukum cara konstitusional hilang wewenang perintah pusat selenggara bagi urus perintah khusunya rincian baru urus didesentrasasikan aku urus perintah desentralisasi sifat konseptual statis didik dasar tengah desentralisasi sifat konseptual sifat dinamis baca pres ojol pidato dahulu lembar negara dinamika mungkin perintah pusat kembang rincian elemen baru konsep dasar nyata verifikasi hasil lingkung mutu didik serta didik hebat sesuai denyut zaman titik konstitusionalitas kasus lihat terlalu mudah saji meja sidang hakim begini jauh luk eksistensi argumentasi yakin logis reasoning elemen inti hukum begini jauh lihat selalu jadi titik tolak putus nyata konstitusionalitas buah isu periksa putus rasionalitas jadi ciri putus pasal direview sama pesan perintah rasional mungkin gambar premis premis utama konstitusi isu perintah perlu ambil jarak jauh jauh pandang politis konteks kualifikasi istilah donald emmersobn ilmu politik hebat government court mahkamah agung nyata inskonstitusional jumlah beri wewenang periksa putus derajat konstitusionalitas rupa refleksi pilih sadar bangsa ikut pasti perintah dpr benar benar khidmat konstitusi praktik perintah masa lalu aku tuntun mpr pilih ikut awas perintah dpr bidang nyata tegas pasal 24c uud 1945 presiden prabowo hari hari terus kerah seluruh energi kelola problem problem kompleks bangsa dasar alas alas atas perlu cemas judicial review norma otonomi daerah pasal masuk 18a norma didik pasal ayat uud 1945 sifat buka konsekuensi konstitusional perintah hak beri bentuk dasar timbang ada butuh konstitusional constitutional necessity mutakir sifat norma norma atas bawa implikasi positif sendiri kasus andai dasar semua argumen saji pilih nyata jelas pasal ayat apbn jadi dasar cukup rasional nyata inkonstitusional selalu kerangka hukum administrasi negara tindak perintah bentuk program baru perintah laksana putus presiden baca hendak bebas asn mustahil asa terlalu sulit temu argument konstitusional nyata inkonstitusional makna hukum hilang argumentasi misal perintah benah aspek menejerial andai fakta sidang turut hias nyata ada kacau menejerial misal jual titik sppg lain bagaimana sinyalir pak dudung kepala staf kepresidanan milik alas logis nyata konstitusional syarat syarat liput pertama nilai anak anak sekolah nyata tara besar uang dua konstitusional jauh batas laksana didesentrasasikan serah daerah aji panggung bangsa program seluruh aspek konseptual koheren pasal 18a masuk pasal ayat uud 1945 itu sifat konstitusional beri apa isi amar putus cara konstitusional disedialan uud 1945 koreksi tunduk diri patuh putus syarat rupa sikap perintah uud 1945 bayang orang anak indonesia cita cita jadi dokter milik satu buku lusuh ajar sama ekspedisi kata nyata bantu ubah kisah hadir akses literasi anak anak bagai pelosok indonesia lalu donasi lewat taut baik ikan bukan buka jendela tahu buka masa depan,Netral
dorong tenaga kerja kualitas kontan tengah euforia laju tumbuh ekonomi indonesia kuartal 2026 tembus cipta lapang kerja kualitas jadi kerja rumah besar perintah presiden prabowo subianto lihat komposisi kerja kerja sektor formal cenderung turun beberapa tahun akhir,Negatif
sekda kota sibolga buka rakor satgas 2026 beritalaporan sekda kota sibolga buka rakor satgas 2026 dinas kominfo kota sibolga sibolga wali kota sibolga akhmad syukri nazry tarik wakil sekretaris daerah sekda kota sibolga drs herman suwito buka rapat koordinasi rakor satu tugas satgas makan gizi gratis kota sibolga tahun 2026 giat laksana aula nusantara kantor wali kota sibolga selasa 2026 pagi sambut sekda sampai apresiasi ucap terima kasih koordinator wilayah seluruh tim sppg peran aktif tangan bencana beberapa waktu lalu lebih lanjut sampai program makan gizi gratis rupa salah satu program asta cita presiden republik indonesia tuju bangun generasi sehat cerdas produktif tuju indonesia emas 2045 program fokus tingkat akses pangan gizi tingkat kualitas hidup masyarakat sekaligus upaya cegah stunting gizi buruk laksana program kota sibolga jalan misi perintah kota sibolga cipta peluang ekonomi bas kewirausahaan ekonomi kreatif lalu manfaat potensi sumber daya alam khusus sektor ikan pariwisata potensi bukit program harap tingkat konsentrasi serta didik sekolah jangka panjang dampak tingkat kualitas generasi muda terus bangun mampu wujud kota sibolga lebih maju masa datang sekda harap lalu bentuk satgas sinergi koordinasi lintas sektor makin tingkat libat forkopimda opd camat puskesmas seluruh pihak kait penting pasti kualitas aman pangan terima serta didik sasar ibu hamil ibu susu balita lalu monitoring evaluasi kala lapang program harap mampu dorong kolaborasi sppg laku umkm kota sibolga gerak ekonomi lokal khusus pasok bahan baku sektor ikan plt kepala dinas sehat kota sibolga sri wahyuni lapor sampai tuju laksana rapat koordinasi monitor evaluasi laksana program tahun 2026 khusus rapat tuju koordinasi tugas fungsi satgas tahu evaluasi terima manfaat ukur dampak impact laksana program kota sibolga adapun jumlah sppg kota sibolga banyak unit total terima manfaat program makan gizi gratis tahun 2026 capai 891 orang turut hadir giat sebut forum koordinasi pimpin daerah forkopimda kota sibolga staf ahli asisten pimpin opd kait camat kepala puskesmas kota sibolga wakil bank indonesia koordinator wilayah bgn kota sibolga shinta dwi lestari gulo kepala sppg kota sibolga,Netral
arah prabowo ksp cek celah potensi korupsi presiden prabowo subianto perintah kepala kantor staf presiden dudung abdurachman ecek celah potensi korupsi program makan gizi gratis salah satu celah sebut duga ada jual beli titik satu layan penuh gizi sppg dapur banyak celah banyak celah salah satu informasi jual beli titik salah satu lihat jual beli titik kata dudung gedung bina graha pusat selasa 2026 dudung enggan jelas celah potensi muncul timpang pasti ecek langsung lapang periksa potensi timpang masuk kait makan banyak jangan buka semua sini ujar temu jadi kalau misal temu makan kemudian ini akhir racun kemudian kualitas bagai cek langsung lapang lanjut dudung dapur setop operasional terima insentif dudung periksa lapor kena sppg tutup insentif jalan lancar rujuk data kepala badan gizi nasional bgn dad hindayana ungkap banyak 720 sppg indonesia setop ribu dapur nyata tetap terima insentif juta per hari meski operasional henti justru cek suspend insentif lancar bahkan investor terima kan ujar arah prabowo lebih lanjut dudung ungkap arah presiden prabowo periksa celah potensi timpang program prioritas nasional menindaklanjuti sebut pihak koordinasi stakeholder kait kuat kolaborasi presiden arah pak dudung coba cek kan program prioritas nasional salah satu pasti prioritas unggul bapak presiden salah satu kemudian koperasi merah putih cek aktif kolaborasi stakeholder kait ujar minta doa kalau temu langsung buka wartawan sampai aja siapa laku siapa benar uang rakyat rakyat tahu lanjut dudung simak video kritik komisi xiii ksp punya dekat presiden,Negatif
tinjau dapur pontianak yuliansyah pasti standar gizi higienitas jaga anggota komisi dpr yuliansyah laku inspeksi langsung pusat dapur program makan gizi gratis kota pontianak kalimantan barat senin 2026 bagi awas seluruh laksana program penuh gizi anak sekolah tinjau jumlah sekolah terima manfaat yuliansyah lanjut kunjung fasilitas produksi makan salah satu satu layan penuh gizi sppg mariana kunjung sebut pantau langsung proses olah emas hingga kesiap distribusi makan salur siswa kena lengkap sanitasi lengkap upa masker tutup kepala yuliansyah pasuk area dapur pasti seluruh tahap produksi jalan sesuai standar bersih aman pangan tetap sempat beri arah kepala sppg operasional dapur tetap pedoman instruksi presiden kait kualitas laksana program makan gizi gratis awas fokus tiga aspek utama pertama pasti kandung gizi porsi makan penuh standar nutrisi perintah dua jamin higienitas steril lama proses masak hingga emas tiga pasti aman konsumsi makan terima siswa benar benar layak santap timbul risiko sehat salur makan gizi sesuai mutu jamin steril konsumsi anak anak timbul ingin tegas legislator gerindra awas program cukup laku titik distribusi mulai dapur pusat utama siap makan kontrol hulu hingga hilir nilai penting manfaat program benar benar optimal kunjung sekaligus tegas komitmen awal program gizi nasional jalan tepat sasar penuh standar bersih beri dampak nyata tingkat sehat kualitas generasi muda kalimantan barat,Netral
pro kontra dapur ipb rektor tuju mahasiswa tolak ipb university siap realisasi bangun satu layan penuh gizi sppg dapur makan gizi gratis bulan mei 2026 langkah strategis dukung pihak rektorat dapat tanggap kritis hingga tolak badan eksekutif mahasiswa bem keluarga mahasiswa ipb university desak ada evaluasi seluruh program sebut situasi cermin ada beda sudut pandang manajemen universitas lihat peluang kontribusi akademik mahasiswa sorot risiko teknis isu anggar nasional ikut ringkas rangkum detikjabar berita detikedu kamis 2026 rencana bangun dapur pihak rektorat konfirmasi bangun fasilitas sedia makan gizi segera mulai dukung program nasional perintah target waktu unit pertama rencana mulai bangun mei 2026 susul unit ikut juni lokasi strategis dapur tempat kawasan bogor tetap jangkau jangkau kampus ipb kapasitas rektor ipb university alim setiawan slamet sebut mungkin bangun lebih unit sppg sasar distribusi makan gizi salur jumlah sekolah wilayah bogor status kampus ipb tugas center excellence pusat unggul nasional penuh pangan gizi program nyata sikap kritik bem ipb sisi bem ipb sampai kecam khawatir kait kesiap program paksa masuk ranah kampus mahasiswa sorot jumlah gagal teknis lapang jadi belum isu aman pangan mahasiswa singgung ada ribu korban racun implementasi program belum realokasi anggar dapat khawatir kena anggar didik alih program fokus akademik mahasiswa tanya libat ganggu fokus dosen mahasiswa jalan kurikulum didik tinggi bem ipb nyata resmi tulis jangan paksa 242 orang racun makan gizi gratis ratus triliun anggar didik realokasi makan gizi gratis mekanisme kelola transparansi anggar tanggap khawatir kena guna dana akademik pihak manajemen ipb tegas operasional dapur beban anggar didik universitas kelola pihak tiga dapur kelola langsung struktur akademik ipb holding company milik kampus blst lalu yayasan khusus pisah dana yayasan sebut milik badan hukum sendiri kelola profesional campur anggar operasional akademik yayasan sebut badan hukum kelola profesional pisah anggar didik operasional akademik ipb jadi struktur tata kelola mandat akademik kampus tetap jaga kata direktur kerjasama ipb alfian helm inovasi ekosistem standar aman pangan pihak kelola blst tekan dapur bangun ipb milik unggul integrasi rantai pasok lokal milik sppg lain daya tani lokal dapur serap pasok tani ternak olah tahu tempe kampus audit kala jamin aman sistem bahan baku hingga saji rancang penuh prinsip asuh aman sehat utuh halal bawah koordinasi lembaga riset internasional pangan gizi sehat halal ipb direktur blst luhur budijarso tekan transparansi proses sebut audit internal laku kala hasil buka verifikasi publik ujar luhur visi didik riset terap meski tolak mahasiswa pihak rektorat pandang program wadah experiential learning sangat harga civitas academica wadah riset dosen laku riset real time kena efisiensi energi dapur manajemen sampah ajar mahasiswa mahasiswa libat praktik lapang milik dampak sosial nyata masyarakat hilir inovasi inovasi laboratorium kampus kini milik ruang terap langsung meja makan masyarakat,Netral
dukung tahan pangan kapolres gresik tinjau laksana slb kemala bhayangkari tribratanews polri gresik wujud komitmen polri dukung program prioritas presiden republik indonesia bidang tahan pangan tingkat gizi masyarakat kapolres gresik akbp ramadhan nasution laku tinjau langsung lokasi satu layan pangan gera sppg polri lihat laksana program makan gizi gratis sekolah luar biasa slb kemala bhayangkari gresik giat sebut mulai kece langsung fasilitas sppg polri lokasi desa bedil kunjung sebut kapolres tinjau bagai aspek sarana prasarana sedia tekan penting terap standar operasional ketat jamin kualitas pangan distribusi masyarakat luas tekan utama terap prosedur operasional standar ketat capai target nol celaka tahap operasional pasti lengkap semua sertifikasi butuh kuat seluruh ekosistem dukung jalan program seluruh ujar pamen pangkat melati sebut tambah tinjau laku pasti seluruh proses mulai olah hingga distribusi makan jalan sesuai standar tetap manfaat bijak perintah rasa optimal seluruh lapis masyarakat program makan gizi gratis sendiri jadi langkah nyata cipta generasi sehat kuat daya saing tinggi jadi tuju utama wujud indonesia emas masa depan tinjau sppg rombong lanjut jalan slb kemala bhayangkari gresik letak jalan raya randuagung camat kebomas sekolah selenggara didik anak butuh khusus kapolres lihat langsung laksana program makan gizi gratis sedang jalan datang rombong polres gresik sambut hangat siswa tenaga didik suasana lihat sangat akrab paket makan gizi bagi siswa kelas ceria rasa senang lihat jelas wajah anak didik tampak nikmat hidang sehat siap sesuai standar cukup gizi butuh program sebut jadi wujud perhati nyata penuh butuh gizi anak anak utama butuh perhati tangan khusus siswa slb sebut,Positif
bgn bpom teken mou kuat awas program awas aman pangan tribratanews polri badan gizi nasional bgn sama badan awas obat makan bpom menandatangani janji kerja sama kuat awas program makan gizi gratis khusus aspek aman pangan janji sebut rupa tindak lanjut nota paham dua institusi teken januari 2025 nyata dua pihak sepakat guna skema swakelola tipe dasar laksana giat kepala bgn dad hindayana jelas janji sebut susun pedoman dua lembaga jalan tugas masing masing tuju tingkat komitmen sinergitas dukung aman pangan program wujud generasi sehat cerdas kualitas tuju indonesia emas 2045 ujar kepala bgn kamis 2026 tegas aspek aman pangan jadi prioritas utama implementasi program pasti makan salur program lalu proses awas uji ketat aman konsumsi masyarakat turut kolaborasi bpom kuat sistem awas hulu hingga hilir sinergi penting awas sifat administratif bas uji laboratorium standar aman pangan ukur jelas kepala bgn dokumen kerja sama lanjut ruang lingkup kolaborasi liput susun metode analisis uji pangan laksana awas uji makan hingga tindak lanjut atas hasil awas sebut dua pihak optimal manfaat sumber daya manusia sarana prasarana buka peluang kerja sama pakat tulis laksana teknis janji atur lebih lanjut lalu kontrak swakelola tipe jabat buat komitmen instansi beri kerja tim laksana instansi terima kerja seluruh proses sebut acu tentu atur undang undang kait ada barang jasa lalu mekanisme swakelola lalu kerja sama sebut perintah harap awas kualitas aman pangan program jalan lebih optimal beri manfaat langsung masyarakat luas ndt,Positif
wihaji kunjung baduy luar tinjau imunisasi luas menteri duduk bangun keluarga kepala badan duduk keluarga rencana nasional wihaji unjung baduy luar desa kanekes lebak banten tinjau layan imunisasi keluarga rencana giat rupa bagi bulan bhakti ikat bidan indonesia ibi hut ibi pekan imunisasi dunia program indonesia bebas zero dose layan imunisasi laku serempak bidan sama layan lalu mitra kemendukbangga bkkbn giat sebut luncur program bidan asuh keluarga risiko stunting krs kuat damping keluarga risiko stunting baduy luar wihaji lanjut kunjung baduy bahas luas program makan gizi gratis sasar ibu hamil ibu susu balita kunjung laku lalu dekat sapa budaya implementasi program tetap hormat adat tradisi masyarakat tempat masyarakat baduy luar baduy ibu hamil ibu susu balita kira beliau beliau milik kebhinekaan hormat lestari budaya hormat bagi ragam indonesia hak dapat hak hak kata wihaji terang tulis senin 2026 tadi malam ngobrol beberapa titik terang bgn wenang masalah betul dasar pres 115 wenang distribusi sekaligus edukasi diskusi sampai semangat warga baduy luar baduy sedia terima cara cara hormat usul adat baduy luar sambung langkah tunjuk upaya perintah luas akses layan sehat gizi rata masuk masyarakat adat tonton video bkkbn buat program atas lansia sepi hnu ega,Positif
duga jual beli titik sppg muka istana kuat awas ksp oleh informasi duga jual beli titik sppg banyak celah korupsi selenggara program atiek ishlahiyah hamasy kurnia yunita rahayu machradin wahyudi ritonga mei 2026 politik hukum awas laksana program makan gizi gratis bakal ketat aparat tegak hukum kantor staf presiden ksp inspeksi jumlah area rawan korupsi salah satu kait kabar ada jual beli titik satu layan penuh gizi dapur rencana ketat awas selenggara program bahas temu kepala staf presiden dudung abdurachman wakil ketua komisi berantas korupsi kpk agus joko pramono gedung bina graha kompleks istana presiden senin 2026 temu langsung tutup lama satu jam usai temu dudung papar diri agus joko pramono bahas atur presiden nomor tahun 2018 strategi nasional cegah korupsi stranas ksp nilai cegah perlu tambah jumlah pihak libat lama stranas libat kpk rencana bangun nasional badan rencana bangun nasional bappenas negeri pendayagunaan aparatur negara reformasi birokrasi ksp usul cegah korupsi libat uang badan awas uang bangun bpkp dudung penting cegah korupsi selenggara program prioritas perintah masuk tengah jadi sorot lama temu langsung dalam jumlah masalah potensi korupsi salah satu soal jual beli satu layan penuh gizi sppg dapur salah satu informasi jual beli titik lihat jual beli titik titik sppg ungkap dudung luar duga jual beli titik sppg banyak celah jadi potensi korupsi selenggara dudung aku dapat banyak lapor rupa rencana ksp inspeksi area rawan korupsi kait beberapa waktu akhir kerap jadi racun menu makan sppg kabar dapat insentif meski tutup bukti laku langgar cek suspend insentif lancar bahkan investor terima kata dudung tegas nanti temu hasil inspeksi lapor presiden prabowo subianto kendati giat kait stranas naung pres 2018 umum lapor kali tahun yakin presiden terima banyak mungkin lapor kait berantas korupsi jadi prioritas prabowo kalau misal tahu betul betul bukti segan segan ekspos langsung ucap dudung tak lanjut dudung awas sama laku program prioritas program sekolah rakyat kampung nelayan hingga koperasi desa lurah merah putih agus joko pramono kata banyak tajam tata kelola selenggara konteks cegah pihak tengah ajar seluruh proses kait kpk terus awas beri masuk badan gizi nasional bgn selenggara rekomendasi beri kepala bgn tunggu tindak lanjut kata pisah wakil kepala bgn nanik deyang respons positif rencana ksp ikut awas selenggara program kian banyak lembaga awas laksana program prioritas presiden jalan lebih baik bagus jadi banyak awas sppg nya bagus sesuai juknis tunjuk teknis ucap selasa sore adapun kena duga jual beli titik sppg nanik tolak komentar serah ksp kpk ecek kalau jual beli titik comment mau kata tidak kata mau kata iya dengar biar kpk ksp periksa ucap direktorat monitoring kpk lampir lapor tahun 2025 muka bengkak anggar program kelola bgn triliun 2025 jadi 171 triliun 2026 imbang kerangka regulasi mekanisme awas pada dampak muncul risiko akuntabilitas konflik penting hingga potensi tindak pidana korupsi kpk sebut mekanisme salur anggar dukung regulasi mekanisme awas pada kondisi sebut buka celah jadi ketidakteraturan administratif konflik penting tunjuk mitra sppg sop ketat wenang besar bgn tentu vendor lokasi dapur jadi titik rawan tata kelola program soal tata kelola mulai dampak aspek teknis lapang kpk temu lemah standar teknis unit dapur kurang koordinasi perintah daerah picu insiden racun makan beberapa lokasi tunjuk ada timpang besar belanja tunjang tingkat pusat penuh standar aman pangan unit layan kpk sayang ada indikator hasil jelas data dasar baseline status gizi terima manfaat tolok ukur sebut guna anggar 171 triliun sulit pantau efektivitas capai target turun angka tengkes stunting memitigasi risiko sebut kpk rekomendasi perintah segera susun regulasi tingkat atur presiden atur harap mampu jelas bagi wenang pasti transparansi proses ada barang jasa kpk khusus minta bgn kuat akuntabilitas bangun sistem uang integrasi lalu verifikasi ketat rupiah anggar harap benar benar serap penuh gizi siswa bukan habis biaya tunjang desak tak kpk selasa 2026 indonesia corruption watch icw rilis temu kelola program temu lapor tajuk rang janji telusur tata kelola akses risiko program makan gizi gratis bas pantau lapang icw jumlah organisasi masyarakat sipil jaring daerah sejak november 2025 hingga januari 2026 pantau laku jumlah daerah bogor depok tangerang bekas jabodetabek yogyakarta bandung sekitar jawa barat bal kupang nusa tenggara timur nusa tenggara barat medan sumatera utara total pantau sppg 106 sekolah camat lurah pasok bahan pangan daerah jadi wilayah pantau kerap temu kondisi racun lebar kota kota besar tempat milik jaring jadi tentu lokasi dasar informasi awal berita sumber publik tutur teliti icw nisa zonzoa salah satu temu biaya bangun awal dapur sama icw bahkan temu indikasi mark gelembung nilai potensi rugi negara teliti icw eva nurcahyani contoh biaya awal bangun dapur sppg variasi 600 juta miliar bahkan daerah bandung barat sppg milik anggar beda 600 juta miliar lihat beda colok segi fisik dua sppg cukup aneh lihat beda cukup besar padahal satu kabupaten ujar icw lantas rekomendasi perintah henti program evaluasi desak bgn henti segala bentuk ada sampai transparan akuntabel buka celah korupsi lihat lapor kaji icw belum papar nisa tulis kurnia yunita rahayu machradin wahyudi ritongaeditor ponco anggoropenyelaras bahasa priskilia bintang cornelia sitompul,Negatif
video tingkat aman pangan layan program video video tingkat aman pangan layan program indonesia indonesia may 2026 indonesia perintah lalu koordinator bidang pangan sorot tingkat jadi luar biasa klb racun makan program makan gizi gratis periode agustus oktober 2025 tim koordinasi nasional tuai kemenko bidang pangan prioritas tangan mitigasi wajib sertifikasi laik higienis sanitasi slhs lengkap program big stories the week jumat 2025 ikut add preferred source google bagi,Negatif
bgn baik tata kelola terus laku kuat sistem tahan pangan nasional tribratanews polri badan gizi nasional bgn nyata tata kelola program makan gizi gratis terus baik kuat sistem tahan pangan nasional deputi sedia salur bgn brigjen tni purn suardi samir tegas program terus kuat jadi investasi jangka panjang sumber daya manusia indonesia lebih kualitas program bukan sekadar bantu sosial inovasi strategis tingkat potensi kognitif anak kuat sistem tahan pangan nasional ujar deputi suardi selasa 2026 tambah akses makan sehat sekolah jadi fondasi lahir generasi unggul kompetitif global pisah staf ahli bidang komunikasi media komunikasi digital kemenkomdigi molly prabawati muka program memang rasa manfaat masyarakat kota wilayah depan tinggal luar program benar benar jadi tumpu masyarakat utama anak anak indonesia luas diri atas lebih ribu pulau kota besar pelosok pelosok masuk kondisi jadi tantang buat masyarakat kota mungkin rasa kurang kena buat masyarakat kota anak anak ada pelosok daerah sangat butuh jelas staf molly tegas bangun generasi emas 2045 indonesia perlu siap anak anak indonesia cukup gizi betul betul butuh duduk bangku sekolah bantu tingkat fokus ajar yakin sangat butuh sekolah siap nya pikir jernih jadi sangat bantu ibu ibu cukup butuh kata staf molly tegas dekat anak anak sekolah terima manfaat lain ibu hamil ibu susu balita memang beda beda strategi komunikasi bagai segmen mulai ibu susu balita buat per segmen lalu informasi informasi sederhana dukung ahli gizi beri narasi lengkap perlu laku masyarakat lebih paham salah satu program prioritas perintah sangat populer tengah masyarakat tutur staf molly ndt,Netral
video prabowo tanya buruh manfaat scroll guna tombol klik panah sisi kanan jajah feed video prabowo jelas rupa program sangat penting atas kurang gizi anak indonesia sangat penting anak anak anak anak banyak alami kurang gizi badan kecil sel kembang ujar,Positif
lewat bgn goes campus dorong bas kolaborasi akademik plt deputi bidang promosi kerja sama badan gizi nasional bgn gunalan msi bahas program makan gizi gratis program nasional bas kolaborasi kampus sampai sebut diskusi publik bgn goes campus auditorium prof amiruddin unhas selasa gunalan jelas giat jadi langkah awal bangun paham civitas academica bijak implementasi program nilai libat guru tinggi penting identifikasi tantang beri masuk bas akademik program posisi bantu makan investasi jangka panjang bangun kualitas sumber daya manusia ujar turut laksana fokus sedia makan program cakup aspek gizi didik ekonomi entas miskin indikator dampak seluruh,Positif
riset temu respons positif masyarakat tengah bawah hasil riset pusat kaji sosiologi universitas indonesia bulan maret 2026 lima kabupaten kota temu program makan gizi gratis dapat respons positif masyarakat kelas tengah bawah kumpul data laku oktober hingga desember 2025 kota kupang nusa tenggara timur kota depok jawa barat kabupaten sukabumi jawa barat kabupaten garut jawa barat kabupaten pesisir selatan sumatera barat total 267 responden temu banyak persen siswa kelas sosial ekonomi bawah catat selalu habis makan program program nilai beri manfaat nyata keluarga kelompok ekonomi tengah bawah data teliti tunjuk makin rendah kelas sosial siswa makin tinggi tingkat terima program kata dosen teliti sosiologi fakultas ilmu sosial ilmu politik fisip hari nugroho terang rabu hari jelas teliti sebut kupas kritis bagaimana program pengaruh dinamika ekonomi rumah tangga masuk ubah struktur dapat pola keluar keluarga bagi besar orang tua siswa beri nilai positif program sebut nilai mampu ringan beban ekonomi keluarga hemat uang jajan anak bantu orang tua sibuk siap makan cegah anak alami lapar sekolah ujar baca bgn kampus punya sppg dukung tingkat gizi nasional teliti tekan dapat bagai tantang organisasi tata kelola distribusi makan perlu benah masalah sebut nilai potensi timbul risiko sehat siswa ganggu proses ajar sekolah hasil teliti tunjuk beberapa soal utama implementasi program kait desain program tata kelola tentu terima manfaat sisi desain program jumlah isu muncul rencana sifat top down libat instansi daerah struktur komando hierarkis kaku standardisasi standar operasional prosedur sop tunjuk teknis sangat pusat mekanisme dana langsung pusat salah satu soal cukup tonjol standardisasi sop tunjuk teknis siklus menu nasional tetap pusat seluruh atur operasional dapur atur lalu tunjuk teknis badan gizi nasional bgn mulai jam operasional masak lapor hari daring hingga standar angka cukup gizi akg ucap hari tetap menu sebut ikut siklus nasional kelola daerah seringkali sesuai menu preferensi siswa tempat teliti temu bagai kendala tata kelola distribusi makan banyak persen sekolah survei aku pernah hadap masalah dapur utama kait lambat kirim makan dampak kualitas makan terima siswa masalah distribusi sebut pengaruh kondisi makan terima persen siswa nyata makan terima kadang hangat kadang dingin banyak persen siswa aku pernah alami keluh sakit perut mual konsumsi makan program teliti catat ada tingkat bosan menu saji hasil survei lima daerah banyak persen siswa aku kadang kadang bosan persen sering bosan persen pernah bosan persen jarang bosan persen sangat sering bosan tutur lanjut banyak porsi makan habis siswa jenis makan paling sering sisa sayur persentase capai persen alas utama siswa habis makan rasa kurang enak sesuai selera capai persen kondisi sebut tunjuk upaya penuh komposisi gizi imbang optimal makan gizi selalu konsumsi penuh siswa jalan temu bagai teliti kena evaluasi program riset rekomendasi perlu baik program seluruh mulai najam prioritas terima manfaat tingkat kualitas distribusi hingga sesuai tentu menu lebih sesuai butuh preferensi siswa daerah ucap hari baca bgn kuat kerja sama asean bagi praktik baik warta lintang budiyanti prameswari editor triono subagyo copyright 2026 larang keras ambil konten laku crawling indeks otomatis situs web izin tulis kantor berita,Positif
viral menu smk kalong belatung sppg minta maaf buah video tampil menu makan gizi gratis salah sekolah kalong jawa tengah jateng belatung satu layan penuh gizi sppg dapur minta maaf pihak sekolah lansir detikjateng selasa 2026 siswa seragam abu abu putih temu ada belatung makan utama lauk ayam satu siswa temu sebut jadi bagi besar menu bagi peristiwa sebut jadi salah satu sekolah ada bawah naung dapur umum sppg podosugih camat kalong barat kota kalong senin korwil sppg kota kalong atmajaya hubung lalu telepon jelas jadi smk baitussalam kota kalong koordinasi pimpin kait jadi laku evaluasi ketat sop ulang jelas pasti jadi sebut jadi satu sekolah seluruh makan masalah ganti hari sama pihak dapur klarifikasi minta maaf sekolah ganti makan ungkap simak lengkap sini isa jbr,Negatif
generasi emas butuh gizi kuat prof tegas dukung penuh rektor universitas hasanuddin unhas prof jamaluddin jompa msc beri sambut giat diskusi publik program makan gizi gratis agenda langsung auditorium prof amiruddin fakultas dokter unhas selasa sambut rektor kerap sapa prof sampai rupa program libat seluruh fakultas unhas turut unhas ikut kontribusi program beri pikir contoh wartawan tanya unhas buat satu layan penuh gizi jawab meski larang unhas tetap buat ujar lebih lanjut guru besar biologi ekologi laut utara kontribusi beri bukan segi akademik ekonomi jelas mahasiswa buat model startup usaha masuk penuh rantai pasok sppg,Positif
program sultra per mei 2026 serap rp725 miliar layan 667 ribu terima program sultra per mei 2026 serap rp725 miliar layan 667 ribu terima kendari kantor wilayah kanwil direktorat jenderal bendahara djpb uang sulawesi tenggara sultra sebut program makan gizi gratis wilayah sebut serap anggar besar rp725 miliar layan 667 ribu terima manfaat per mei 2026 kepala kanwil djpb kemenkeu sultra iman widhiyanto kendari kamis kata dukung anggar ratus miliar sebut jangkau 667 305 terima manfaat diri serta didik balita ibu hamil ibu susu hingga tenaga didik kabupaten kota program fokus penuh gizi jadi gerak ekonomi daerah lalu libat tenaga kerja laku usaha lokal kata iman widhiyanto sebut dasar data oleh hingga laksana program dukung 273 satu layan penuh gizi sppg konsentrasi besar ada kota kendari layan lebih 102 ribu terima dampak sehat program kontribusi sedia lapang kerja serap 600 tenaga kerja ujar iman widhiyanto ungkap implementasi perintah jalin kolaborasi lintas sektor masuk dukung tni polri pasti distribusi layan jangkau seluruh wilayah sultra sejak april 2026 meski tunjuk capai signifikan kanwil djpb sultra tetap beri perhati jumlah tantang fluktuasi harga bahan baku pasar luas layan daerah pulau milik karakteristik geografis sendiri depan bijak program fokus tingkat kualitas layan kuat lanjut lalu libat umkm lokal beri efek ganda tumbuh ekonomi sulawesi tenggara tambah iman widhiyanto warta ode muh deden saputra editor zabur karuru copyright 2026,Positif
pimpin kpk temu kepala ksp audiensi potensi timpang korupsi program kepala kantor staf presiden ksp dudung abdurachman terima wakil ketua kpk agus joko pramono kantor bahas pres tahun 2018 strategi nasional cegah korupsi temu sorot potensi timpang program makan gizi gratis dudung jelas temu fokus implementasi pres nomor tahun 2018 strategi nasional cegah korupsi sebut jumlah lembaga libat laksana strategi sebut bappenas kpk negeri ksp pan jadi datang pimpin kpk wakil ketua pak agus kait bahas pres pres tahun 2018 strategi nasional cegah korupsi libat dalam bappenas kpk mendagri ksp menpan sedang rancang usul ubah menkeu bpkp libat kata dudung gedung bina graha pusat selasa 2026 dudung tegas isu program jadi salah satu perhati utama diskusi sebut turut dapat indikasi timpang perlu telusur lebih lanjut serius beliau betul tim cegah lah arti sekarang sedang booming masalah lanjut dudung nyata laku inspeksi langsung lapang sama tim lintas pasti benar lapor terima temu langgar dudung tegas ragu ungkap publik tadi diskusi banyak jadi timpang timpang sidak tentu beberapa tim kalau misal tahu betul betul bukti segan segan expose langsung ujar lebih lanjut dudung sebut lapor laksana strategi cegah korupsi biasa sampai presiden banyak kali tahun yakin presiden milik komitmen kuat berantas korupsi lapor laku waktu waktu perlu pres biasa per satu tahun kali lapor presiden yakin beliau bapak presiden semangat basmi korupsi maling maling yakin beliau concern mungkin satu tahun kali bahkan lapor memang sangat uang rakyat rakyat tahu ujar dudung tekan penting transparansi kelola anggar utama sangkut dana publik hasil temu lapang nanti sampai masyarakat cegah penyalahgunaan pihak pihak tentu sampai apa jadi temu lapang manfaat manfaat kemudian manfaat kelompok orang banyak lapor lapor kalau terjun lapang mau sampai apa temu tunggu cepat lapang ujar agus kata kuat cegah pihak tegas fokus utama baik tata kelola governance milik jumlah celah pihak terus tinjau bagai aspek utama sistem lama nilai jalan optimal posisi cegah banyak tajam governance nya coba tinjau coba awas kemudian sistem sistem lama kurang jalan ikan masuk ujar jumlah rekomendasi baik sampai kepala badan gizi nasional bgn langkah lanjut gantung tindak lanjut rekomendasi sebut pasti sistem lebih efektif akuntabel depan rekomendasi beri kepala bgn tunggu tindak lanjut ujar agus simak video ksp tepis prabowo sebut antikritik kalau data akurat problem,Negatif
ungkap sebab 500 orang racun tulung klaten 500 orang diri siswa guru camat tulung klaten alami gejala racun bagi sempat rawat beberapa layan sehat santap makan gizi gratis periksa sampel makan dapat kandung bakteri bacillus dasar hasil periksa lab balai besar labkesmas kemarin sore sampel telur puyuh galantin maupun kuah timlo positif kandung bacillus terang kepala dinas sehat klaten anggit budiarto detikjateng selasa 2026 jelas anggit siswa smpn tulung alami gejala racun jajar langsung terjun lidi hasil bacillus sebab gejala gejala sebut jadi bacillus sebab gejala gejala mual pusing muntah diare terang anggit bacillus sambung anggit beda bakteri coli bakteri coli sebab racun cenderung dapat air coli air masak benar mati bacillus proses udara kata anggit bakteri ungkap anggit kandung makan proses epak baik spora sebab gejala racun bakteri bacillus cari tinggal spora spora timbul racun sebut anggit kepala puskesmas majegan camat tulung efy kusumawati tambah semua pasien duga racun baik belum rawat inap pulang alhamdulillah baik semua tinggal satu pasien akhir hari sabtu pulang rawat jelas efy detikjateng belum berita 500 siswa wilayah camat tulung klaten duga racun makan program makan gizi gratis siswa alami gejala mual diare pusing usai makan menu sop galantin adapun menu sebut santap siswa selasa sejak malam hingga pagi alami gejala mirip racun kemudian datang fasilitas layan sehat tempat anak kelas vii smpn tulung rumah malah mau makan habis maghrib kemarin mulai mual pusing ungkap bekti ibu salah orang siswa detikjateng lokasi rabu jelas bekti meski alami gejala sakit perut pusing anak muntah baik akhir bawa puskesmas majegan pagi tadi bawa puskesmas kata makan sop galantin jam habis istirahat kata bekti pisah bupati klaten hamenang wajar ismoyo nyata diri dapat lapor siswa smp gejala selasa turun ecek langsung ngyakinke ngecek nyata enam orang beberapa orang makin tambah pku muhammadiyah jatinom beberapa kondisi lemas pusing semua diare kata hamenang wartawan,Negatif
bgn ajak kampus jadi laboratorium hidup riset kaji laboratorium kampus semua fakultas libat ambil peran sesuai bidang badan gizi nasional bgn ajak seluruh sivitas akademika universitas jadi program makan gizi gratis laboratorium hidup tumbuh ekosistem riset kaji kembang didik kualitas wakil kepala bgn bidang komunikasi publik investigasi nanik deyang sebut program ruang ajar nyata dunia kampus laboratorium kampus semua fakultas libat ambil peran sesuai bidang kata nanik terang selasa tekan program lahir peduli atas banyak masyarakat dapat akses pangan layak banyak saudara makan baik jadi semangat utama program ujar lalu program kata bgn buka ruang guru tinggi beri masuk laksana jalan lebih efektif baca akademisi sebut penting buka wacana publik transparan soal salah satu bentuk kontribusi harap libat mahasiswa program kuliah kerja nyata kkn khusus bidang sehat nanik dorong libat lintas sektor masuk bumn lalu program tanggung jawab sosial corporate social responsibility csr bangun satu layan penuh gizi sppg wilayah tinggal depan luar nanik contoh universitas hasanuddin unhas makassar sulawesi selatan jadi pionir diri sppg resmi menteri didik tinggi sains teknologi mendiktisaintek brian yuliarto sama kepala bgn dad hindayana selasa lalu unhas jadi pelopor kampus optimal peran harap unhas lopor kampus kampus benar benar beri manfaat nyata masyarakat ucap nanik apresiasi kesiap fasilitas sumber daya unhas masuk laboratorium bantu proses investigasi jadi jadi luar biasa laksana program baca bgn evaluasi sppg disuspen kota gorontalo bahkan harap laboratorium unhas bantu kece jadi jadi tonjol aman pangan tutur rektor unhas jamaluddin jompa tegas komitmen guru tinggi dukung program jadi bagi upaya tingkat gizi nasional sekaligus kuat ekonomi lokal jamaludin muka program bukan sekadar program sektoral agenda besar lintas disiplin lingkung kampus unhas bukan program satu fakultas seluruh fakultas libat ujar tegas jadi program strategis manfaat kampus kontribusi libat aktif rangka tingkat kualitas sumber daya manusia program dahsyat sayang sekali kalau kampus jadi tonton kata rektor jamaluddin jompa baca bgn kampus punya sppg dukung tingkat gizi nasional warta lintang budiyanti prameswari editor risbiani fardaniah copyright 2026 larang keras ambil konten laku crawling indeks otomatis situs web izin tulis kantor berita,Positif
simp4tik sebu simp4tik tepat pukul camat sebu sama ketua pkk sebu anggota pokja laku monitoring evaluasi laksana salah satu program perintah pusat wilayah camat sebu tepat desa kekayap senin 2026 sempat monev camat sebu evaluasi giat langsung dapur sppg ada desa kekayap sangkut laksana program wilayah baik kondisi bersih kendala mungkin jadi lama laksana program laksana saji distribusi sekolah2 sasar program lama jalan lancar camat sebu fajar budhayanto sampai semua tugas kelola dpur selalu jaga bersih kualitas bahan makan olah apa jadi tuju utama program benar2 laksana tepat sasar teks foto iwan darmawan tim publikasi camat sebu editor taufik ksi kom,Netral
sebab 162 siswa anambas racun kandung boraks kontaminasi bakteri kasus racun massal timpa ratus siswa air asuk kabupaten pulau anambas belakang ungkap badan gizi nasional bgn sebut makan program makan gizi gratis bukti kandung boraks hingga kontaminasi bakteri bahaya peristiwa jadi april 2026 sebab sedikit 162 siswa alami racun ketua tim investigasi bgn arie karimah muhammad kata hasil sebut oleh tahap periksa awal laku uji cepat dinas sehat tempat jadi kemudian lanjut uji laboratorium balai awas obat makan hasil rapid test tunjuk ada kandung boraks menu telur kecap tempe goreng tumis sayur kadar kisar 100 hingga 000 kata arie minggu kutip tegas guna boraks makan sebut mesti laku pasal bahan telur tempe sayur butuh tambah awet kimia jadi perhati serius guna sesuai risiko sehat ujar tak boraks hasil uji laboratorium temu kontaminasi bakteri bahaya escherichia coli coli bacillus cereus sppg minta baik standar bgn tingkat awas satu layan penuh gizi sppg air asuk koordinator bgn wilayah pulau anambas sahril sebut operasional sppg lanjut seluruh standar penuh salah satu syarat baru sertifikasi laik higiene sanitasi slhs tekan sppg tingkat awas laku baik sesuai standar bgn ujar perintah daerah belum laku uji sampel makan guna rapid test kirim bpom batam analisis lanjut hasil kandung boraks kadar cukup tinggi temu bakteri coli kuat duga sebab racun massal sebut lihat video ratus siswa guru tulung klaten duga racun sop galantin,Negatif
prabowo minta cek celah korupsi irma nasdem presiden tak main main anggota komisi dpr irma chaniago tanggap arah presiden prabowo subianto kantor staf presiden ksp ecek celah korupsi program makan gizi gratis sebut arah tanda prabowo tak main main awal program kan prioritas presiden target presiden main main kata irma hubung kamis 2026 irma lihat prabowo buat anak indonesia alami tingkat tumbuh otak nya tingkat hingga buka lapang kerja tumbuh ekonomi presiden program prioritas sesuai target imbuh lebih lanjut irma sorot nyata prabowo tanda isu isu putar telinga kata wajar prabowo beri atensi khusus bagai macam issue kait laksana program memang muka mungkin telinga presiden jadi wajar kemudian presiden minta awal ksp turun tangan ucap irma sebut anggar gelontor sangat besar prabowo anggar betul betul pakai sesuai untuk anggar wujud sebut sangat besar laksana profesional accountable keluar dana target sesuai harap presiden tutur belum presiden prabowo subianto perintah kepala kantor staf presiden dudung abdurachman ecek celah potensi korupsi program makan gizi gratis salah satu celah sebut duga ada jual beli titik satu layan penuh gizi sppg dapur banyak celah banyak celah salah satu informasi jual beli titik salah satu lihat jual beli titik kata dudung gedung bina graha pusat selasa dudung enggan jelas celah potensi muncul timpang pasti ecek langsung lapang periksa potensi timpang masuk kait makan banyak jangan buka semua sini ujar temu jadi kalau misal temu makan kemudian ini akhir racun kemudian kualitas bagai cek langsung lapang lanjut dudung lihat video prabowo tanya buruh manfaat,Netral
bgn sppg papua tengah layan program nabire banyak satu layan penuh gizi sppg papua tengah operasi layan butuh gizi ajar kelompok ibu susu ibu hamil balita lalu program makan gizi gratis koordinator regional badan gizi nasional bgn papua tengah nalen situmorang nabire selasa kata belum dapat sppg sempat henti operasional sejak april enam sppg operasi sppg kini layan program ujar jelas enam sppg aktif sebut diri atas lima unit nabire satu unit mimika dapat lima sppg operasi seluruh ada kabupaten mimika proses benah harap perintah daerah instansi kait kuat kolaborasi sukses program papua tengah ingat perlu langkah antisipasi potensi langka bahan pangan iring tambah jumlah sppg nabire baru milik sppg mulai jadi langka bahan makan jangan program justru picu inflasi daerah ujar jumlah sppg papua tengah catat banyak unit sebar tiga kabupaten unit nabire satu unit deiyai unit mimika depan bgn rencana tambah bangun sppg lima kabupaten milik fasilitas sebut masuk tambah unit deiyai nalen kembang sppg wilayah sebut terus koordinasi perintah daerah tempat bagi besar lokasi masuk kategori wilayah tinggal depan luar berita tayang antaranews judul sppg papua tengah layan program warta ali nur ichsaneditor evarianus supar copyright 2026 larang keras ambil konten laku crawling indeks otomatis situs web izin tulis kantor berita,Netral
mandenas perlu cepat wilayah papua tengah nabire anggota dpr yan mandenas tekan perlu cepat laksana program makan gizi gratis wilayah tinggal depan luar provinsi papua tengah dukung kualitas didik sehat anak respons anak anak cukup baik bagi program jangan daerah kota nabire mimika jangkau wilayah gunung sangat butuh kata mandenas nabire senin ungkap banyak keluh siswa daerah dalam datang sekolah sarap alami ganggu konsentrasi bahkan pingsan ikut ajar kadang datang pagi makan lalu pusing akhir pulang dampak kualitas ajar ujar nilai cepat bangun dapur satu layan penuh gizi sppg jadi kunci program jangkau wilayah pinggir hingga kawasan penuh gizi baik bantu siswa lebih fokus ajar dampak tingkat capai akademik kalau anak anak makan cukup ajar tenang fokus hasil ajar tingkat kata laksana program rupa inisiatif presiden prabowo subianto tuju tingkat gizi anak dorong tumbuh ekonomi masyarakat mandenas minta dapur prioritas tenaga kerja lokal manfaat bahan pangan tani nelayan laku usaha tempat terus laku monitoring dapur utama tenaga kerja pangan lokal evaluasi ujar dorong sesuai tunjuk teknis laksana papua masuk standar harga per porsi sesuai kondisi geografis ekonomi daerah mandenas program bantu kurang beban ekonomi keluarga anak anak oleh makan sekolah biaya tambah koordinator regional badan gizi nasional bgn wilayah papua tengah nalen situmorang kata jumlah satu layan penuh gizi sppg papua tengah capai unit sebar tiga kabupaten jumlah sebut diri atas sppg kabupaten nabire satu sppg kabupaten deiyai sppg kabupaten mimika jelas depan pihak rencana tambah sppg lima kabupaten hingga kini milik fasilitas sebut masuk tambah unit kabupaten deiyai lima kabupaten papua tengah sentuh program dogiyai paniai intan jaya puncak puncak jaya kembang sppg wilayah sebut terus koordinasi perintah daerah tempat ingat bagi besar lokasi bangun masuk kategori wilayah terus kolaborasi perintah daerah bangun sppg wilayah rupa sppg milik tantang sendiri utama sisi akses distribusi kata harap tambah sppg cakup layan penuh gizi masyarakat khusus anak anak ibu hamil makin luas rata seluruh wilayah papua tengah berita tayang antaranews judul legislator perlu cepat wilayah papua tengah warta ali nur ichsaneditor evarianus supar copyright 2026 larang keras ambil konten laku crawling indeks otomatis situs web izin tulis kantor berita,Netral
temu boraks coli menu anambas badan gizi nasional bgn sampai dapat lapor hasil uji tes dinas sehat kabupaten natuna peristiwa racun makan gizi gratis wilayah sebut dasar hasil uji tes sebut dinkes tempat nyata dapat kandung boraks bakteri coli menu koordinator bgn wilayah kabupaten pulau anambas sahril kata pihak laku tingkat awas dapat hasil uji tes sebut ujar satu layan penuh gizi sppg operasi penuh seluruh standar tetap salah satu syarat baru sertifikasi laik higiene sanitasi slhs scroll bawah lanjut baca iklan tuju kata pasti peristiwa racun akibat konsumsi makan program wilayah ulang tekan sppg tingkat awas baik baik penuh standar bgn ujar kutip senin mei 2026 konfirmasi rabu april 2026 sempat jadi jadi luar biasa klb upa racun makan alami terima manfaat program wilayah air asuk perintah provinsi riau sama satgas daerah tempat laku investigasi tim dinas tahan pangan tani sehat hewan sama dinkes provinsi pulau riau langsung periksa kondisi kondisi korban duga racun konsumsi 155 korban racun peristiwa sebut rangka tahu sebab racun perintah kabupaten pulau anambas laku uji guna sanitary kit rapid test kirim sampel menu bpom batam laku uji laboratorium hasil uji dinas sehat kabupaten natuna sampel sisa makan kandung boraks kisar kadar cemar 100 000 miligram hasil bpom temu coli kata sahril jelas hasil rapid test keluar april hasil uji laboratorium baru terima april 2026 sebab cemar air bersih menu makan hingga kini tahu sebab laku lidi lebih lanjut kata pilih editor dapur operasi penuh sop,Negatif
viral menu belatung kalong buah video durasi lihat menu program makan gizi gratis duga belatung viral media sosial temu belatung menu duga lauk ayam video sebut lihat suasana ruang kelas salah satu smk kalong dadak ramai siswa seragam abu abu putih tampak lihat ompreng wadah makan isi menu temu ada belatung makan utama lauk ayam satu siswa temu sebut jadi bagi besar menu bagi salah satu siswa ungkap awal ira satu porsi masalah cek banyak siswa temu rupa jadi picu khawatir kait kualitas bahan makan proses olah pihak sedia postingan sosial media sebut pihak wakil sppg sampai pihak laku tangan cepat masuk ganti makan dampak sampai mohon maaf langsung siswa pihak sekolah dasar telusur detikjateng peristiwa jadi senin sebut jadi salah satu sekolah ada bawah naung dapur umum sppg podosugih camat kalong barat kota kalong korwil sppg kota kalong atmajaya hubung lalu telepon benar ada peristiwa sebut jelas jadi smk baitussalam kota kalong betul jadi smk baitussalam ungkap detikjateng selasa 2026 dapat informasi pihak laku koordinasi pimpin evaluasi dapur sedia makan koordinasi pimpin kait jadi laku evaluasi ketat sop ulang jelas pasti jadi sebut jadi satu sekolah seluruh makan masalah ganti hari sama pihak dapur klarifikasi minta maaf sekolah ganti makan ungkap peristiwa temu kata jadi satu sekolah betul sekolah langsung ganti hari ungkap meski hingga kini sebab muncul belatung makan sebut tahu apl aku,Negatif
viral siswa malang mogok sekolah usai ortu kritik lks kasus duga rundung bullying orang siswa sekolah dasar kabupaten malang jadi viral media sosial kasus orang siswa kelas inisial sebut masuk sekolah lama lebih bulan orang tua siswa arsyad tugimin warga desa banjaranyar camat randudongkal malang kata peristiwa mula unggah media sosial kait program makan gizi gratis soal edukasi larang pungut lembar kerja siswa lks infak sekolah negeri tuju edukasi sesuai atur jadi sekolah ujar arsyad temu wartawan rumah sabtu 2026 usai unggah konten kait lks arsyad aku panggil pihak tempat anak ajar padahal kata arsyad sebut nama sekolah mana buat unggah medsos soal lks maupun temu pihak sekolah arsyad aku sempat jadi adu argumen diri kepala sekolah aku minta keluar lingkung sekolah kata anak sebut henti lisan sampai langsung mulai besok anak kamu keluar usah sekolah sini kata arsyad lama arsya datang kantor dinas didik pihak camat adu peristiwa sebut hasil anak sempat minta sekolah arsyad kondisi baik arsyad tutur anak mulai rasa nyaman sekolah sebut anak beberapa kali panggil nama orang tua guru bahkan lalu keras suara anak bilang malu mau sekolah sering panggil nama kata arsyad sejak anak henti sekolah hingga kini lebih bulan masuk sekolah arsyad lapor duga rundung sebut pihak polisi kena unggah medsos soal lks infak bayar arsyad sebut jadi bukan tempat anak ajar klarifikasi pihak sekolah kepala sdn banjaranyar sri umbartiningsih ban tuding pihak keluar siswa sebut sekolah status anak sekarang aktif absensi catat meski terang alpha ujar sri temu detikjateng sabtu 2026 siswa masuk sekolah sejak februari 2026 tepat cuat kabar media sosial sebut pihak sekolah beberapa kali upaya laku komunikasi mediasi orang tua siswa masuk kunjung rumah bujuk anak mau sekolah upaya mediasi tingkat sekolah camat pihak orang tua hadir kata sri lalu guru beberapa kali kunjung rumah anak bilang sekolah bujuk sekolah anak masuk sambung singgung kena duga rundung sri tegas rundung tuduh sebut tindak laku rupa bagi bina siswa cerita awal anak sangkut justru awal membully teman terus beri bina panggil nama anak nama orang tua bina contoh nyata makna beda ucap kait isu lks bayar sri tegas pungut lks sekolah lks sini gratis kok bayar ucap kait program sri nyata pihak sekolah terima manfaat kalau protes kait sampai pihak selenggara sppg bukan sekolah ujar polisi turun tangan tahu lapor duga rundung masuk polisi sejak awal maret 2026 hingga kini proses periksa jalan jumlah saksi minta terang lapor kait bully polres malang kata arsyad harap anak dapat hak didik layak anak sekolah anak anak lain ujar aku kendala pindah anak sekolah batas sarana transportasi pisah kapolres malang akbp rendy setia permana benar pihak terima lapor langsung periksa saksi saksi laku klarifikasi saksi saksi rencana hari sabtu laku klarifikasi lapor kata rendy minta konfirmasi detikjateng sabtu 2026 rendy harap soal selesai baik rugi dua belah pihak,Negatif
ipb siap bangun sppg bogor mei dukung institut tani bogor ipb university nyata kesiap bangun satu layan penuh gizi sppg bogor mei dukung laksana program makan gizi gratis rektor ipb university alim setiawan slamet sebut jumlah sppg bangun lebih unit sesuai kesiap laksana lapang lokasi sppg ada tetap bogor dekat kampus kalau ipb insyaallah mungkin mei satu mungkin ikut juni kata alim jumpa wartawan usai acara sinergi alumni ipb bangsa sabtu sppg bangun ipb nanti salur makan gizi jumlah sekolah wilayah bogor alim merinci aspek teknis masuk jumlah sekolah sasar kelola ada bawah pihak yayasan rencana bangun dapur sppg salah satu yayasan ipb ujar alim umum alim sambut positif atas dorong badan gizi nasional bgn guru tinggi kontribusi bangun sppg pandang libat kampus batas bangun kelola dapur sppg buka model ekosistem lebih integrasi sppg kelola kampus harap jadi contoh desain libat tani rantai pasok lokal model harap adopsi sppg utama pasti penuh butuh bahan pangan asal negeri bukan impor alim tambah libat kampus jadi wahana ajar mahasiswa lalu experiential learning sekaligus ruang dosen laku riset real time inovasi kampus bidang efisiensi energi dapur tingkat aman pangan standar mutu hingga kelola sampah terap alim sebut kembang sppg kampus potensi dorong model ekonomi sirkular ramah lingkung masuk kelola limbah relevan isu lingkung hidup bangun sppg alim kata sejak awal pihak tugas rencana bangun nasional badan rencana bangun nasional ppn bappenas center excellence penuh pangan gizi program peran sebut pihak kampus kerja sama bagai dukung unicef bgn alim kata ipb selenggara latih training trainers tot susun bagai modul pandu laksana samping ipb jadi mitra bgn laku kaji riset belum bgn sampai kampus mulai timbang milik satu sppg dukung program tingkat gizi nasional sampai kepala bgn dad hindayana ingat guru tinggi milik peran strategis dukung hasil program kira kampus perlu paham peluang besar minimal punya satu sppg dulu kalau pasok asal civitas akademika sendiri ujar dad terang rabu kampus dorong bangun kelola sppg mandiri sekaligus jadi pusat ajar bas praktik dad satu unit sppg fungsi dapur sedia makan gizi simpul ekonomi butuh dukung produksi pangan jumlah besar baca himpun alumni ipb kembang bisnis rantai pasok baca guru besar ipb sebut bukan beban sektor didik baca pakar ipb papar nutrisi susu tingkat gizi program warta rizka khaerunnisa editor azis kurmala copyright 2026 larang keras ambil konten laku crawling indeks otomatis situs web izin tulis kantor berita,Positif
lpem rekomendasi tinjau ulang lembaga lidi ekonomi masyarakat fakultas ekonomi bisnis universitas indonesia lpem feb rekomendasi program makan gizi gratis tinjau ulang sebut pengaruh tekan naik harga minyak mentah pasar global akibat perang timur tengah nilai tukar rupiah makin lemah batas bukti empiris dampak program sebut ekonomi makin kuat alas laku evaluasi realokasi cipta ruang fiskal tengah tekan tulis teliti lpem jahen rezki kawan kawan lapor indonesia economic outlook 2026 scroll bawah lanjut baca iklan lapor sebut program milik anggar paling besar nila 335 triliun 2026 persen total belanja perintah pusat anggar lebih besar skenario beri bantu langsung tunai blt lama delapan bulan besar 500 ribu per bulan rumah tangga tengah bawah hingga persentil dapat proyeksi anggar 140 triliun anggar blt tengah alokasi program subsidi kompensasi energi besar 381 triliun lpem saran tetap sasar bijak jelas efektif timbang fiskal efek ganda naik harga minyak dunia lindung sosial masyarakat miskin rentan prioritas jaga daya beli rumah tangga sekaligus minimal salur subsidi tepat sasar subsidi beri blt terima paling butuh dukung sistem data terima manfaat integrasi mutakhir indonesia milik preseden kuat adopsi langkah rupa ingat bijak 2022 alih subsidi bbm bahan bakar minyak program bantu sosial tulis jahen kawan kawan satu sisi jadi salah satu tunjang tumbuh sektor terna capai persen year year triwulan 2025 program serap hasil produksi telur ayam broiler samping butuh domestik turut sumbang tumbuh kredit properti capai persen year year triwulan 2025 dorong aktivitas bangun satu layan penuh gizi sppg jadi dapur pilih editor buat apa pusat komando proyek,Negatif
jambi program dampak ekonomi masyarakat daerah kota jambi jambi nilai program makan gizi gratis gelora presiden prabowo mampu dampak putar ekonomi daerah mampu cipta pasar jelas tani ternak laku usaha lokal produk tani terna kini lebih banyak serap daerah dulu banyak jual keluar daerah sekarang cukup jambi serap sangat bantu ekonomi daerah kata gubernur jambi haris rapat konsolidasi laksana sama wakil kepala badan gizi nasional bgn jambi sabtu haris jelas 205 satu layan penuh gizi sppg jambi umum pasok bahan makan dapur penuh tani laku usaha lokal manfaat sangat luas masuk dorong tumbuh ekonomi masyarakat daerah sebut sekretaris daerah provinsi jambi sudirman jelas rapat konsolidasi jadi momentum evaluasi baik kerja seluruh pihak libat sempat sampai perintah daerah sama seluruh pihak kait terus dorong kuat rantai pasok lalu daya masyarakat lalu daya tani kota urban farming guna ruang kosong rumah rooftop gardening nilai dorong penting jamin sedia bahan pangan sppg masuk kembang desa tematik lingkung tentu dukung program makan gizi lalu konsolidasi harap laksana program provinsi jambi makin optimal tepat sasar beri dampak nyata tingkat gizi masyarakat sejahtera ekonomi daerah wakil kepala bgn sony sanjaya jelas provinsi jambi dapat 446 087 terima manfaat libat 545 supplier rantai pasok estimasi putar anggar besar rp7 miliar seluruh kabupaten kota serap bentuk upah 635 tenaga kerja besar rp963 juta hitung upah besar rp100 ribu per hari rp881 juta operasional air minum gas bahan bakar minyak alat lindung diri bbm lengkap dukung rp4 miliar belanja bahan pangan lokal beras daging ayam telur buah sayur uang sebut sepenuh alir tingkat bawah sppg ada desa desa dana masuk tani ternak dagang beras jual ayam telur buah sayur gerak ekonomi rakyat jelas sony tegas jadi simpang kelola rantai pasok masuk praktik rekayasa koperasi ada sesuai tentu satgas kabupaten kota minta pasti sppg benar benar serap produk lokal diri ingat sasar utama program ibu hamil ibu susu balita ribu hari pertama hidup jangkau serta didik luas jaga kualitas layan mulai pekan depan bgn terap sistem evaluasi bas aplikasi terima manfaat beri nilai kait tepat waktu distribusi aroma rasa makan variasi menu hingga sesuai standar operasional prosedur sop langkah laku cegah jadi tonjol akibat langgar sop pasti laksana tetap sesuai standar warta agus suprayitnoeditor siri antoni copyright 2026 larang keras ambil konten laku crawling indeks otomatis situs web izin tulis kantor berita,Positif
ingat hardiknas mahasiswa sorong raya tolak sorong jubi solidaritas mahasiswa sorong raya papua barat daya laku long march kantor gubernur papua barat daya senin 2026 aksi mahasiswa nyata tolak program makan gizi gratis aksi rangka ingat hari didik nasional hardikas tahun jatuh mei 2026 aksi libat bagai organisasi mahasiswa mulai bem universitas muhammadiyah sorong unamin forum independent mahasiswa west papua fim ikat pemuda ajar mahasiswa mare sorong raya ippmmsr hingga komunitas lapak baca papua pikir klbpb mahasiswa mulai long march kampus unamin sorong lewat jalan utama kota tuju kawasan taman deo akhir kantor gubernur papua barat daya bawa spanduk tulis tolak tuntut didik gratis serta orasi orasi wakil mahasiswa aslan wajo kata program bukan solusi utama krisis didik papua barat daya tolak korban anggar didik jangan alih fokus didik hak dasar bukan proyek samping kata aslan wajo mahasiswa nilai program potensi gerus anggar didik guna baik akses fasilitas kualitas didik hingga kini jauh kata layak papua barat daya koordinator aksi paulus buto nyata negara lenceng amanat konstitusi buka undang undang dasar uud 1945 sebut cerdas hidup bangsa hari lihat negara justru abur prioritas didik korban program populis kata paulus buto tolak mahasiswa tuntut realisasi didik gratis seluruh mulai taman kanak kanan hingga guru tinggi khusus anak anak asli papua barat daya hadap batas ekonomi akses mahasiswa desak anggar didik duga alih program guna sepenuh sektor didik masuk tingkat sejahtera tenaga honorer lama abai lihat pola biar terus jadi tahun hardiknas ingat soal didik papua barat daya pernah benar benar selesai kalau tuntut jawab turun massa lebih besar bukan ancam ingat ujar mahasiswa ingat ambil bijak tutup gagal didik program butuh sekolah layak guru sejahtera biaya didik jangkau adapun tuntut mahasiswa desak gubernur papua barat daya segera alih anggar didik gratis seluruh wilayah segera hadir kampus negeri provinsi papua barat daya bentuk adil akses didik alokasi dana otsus mesti beri mahasiswa asli papua mampu semester sesuai amanat konstitusi evaluasi total dinas didik audit seluruh anggar salur sekolah guru tinggi segera evaluasi seluruh guru tinggi papua barat daya kait salur anggar otsus wakil gubernur papua barat daya ahmad nasrau temu mahasiswa kata perintah guna anggar nilai dampak langsung masyarakat masuk jalan dinas dana benar benar salur langsung masyarakat umkm didik sehat guru kontrak khusus orang asli papua kata ahmad nasrau turut mekanisme salur dana otsus ubah kini persen dana otsus transfer langsung perintah pusat kabupaten kota perintah provinsi kelola persen salur dana otsus lewat provinsi dulu jadi wenang besar daerah kabupaten kota ucap kena tuntut mahasiswa kait hadir guru tinggi negeri papua barat daya nasrau sebut proses jalan sedang kawal perintah usul sampai menteri didik tinggi proses instan butuh waktu kaji sedang jalan bukan baru mulai hari ujar sisi kata nasrau papua barat daya alami batas anggar misal 2026 apbd papua barat daya rp1 triliun hampir persen habis belanja pegawai operasional kata daerah otonomi baru papua barat daya beban butuh bangun infrastruktur perintah serap anggar besar meski nasrau perintah daerah tetap jadi didik sehat prioritas utama program didik gratis mulai smp sma smk guru tinggi aku maksimal batas anggar kata nasrau kena bantu didik beri langsung mahasiswa nasrau sebut laku hindar soal hukum ajar alam apabila bantu didik beri langsung pertanggungjawabannya sulit makanya sekarang salur lalu mekanisme kampus transparan aman hukum ucap kena program kritik mahasiswa ahmad nasrau kata rupa bijak nasional tuju sentuh langsung butuh masyarakat nyata perintah provinsi papua barat daya tak tutup mata tuntut didik gratis anti kritik aspirasi mahasiswa jadi bahan evaluasi penting perintah perlu paham papua barat daya provinsi baru sedang bangun nol gubernur papua barat daya elisa kambu kata pihak tetap prioritas didik sehat implementasi tahap sekaligus harap kena tuntut alih anggar bijak sebut rupa bagi program nasional jalan daerah daerah punya wajib dukung pasti korban sektor didik kata elisa kambu elisa kambu nyata pihak siap duduk sama mahasiswa dengar cari jalan keluar semua bas data mampu ril daerah program sangat baik program presiden jamin anak anak dapat makan gizi buka lapang kerja kurang anggur ucap,Negatif
guru besar untad palu program jadi siswa tara guru besar untad palu program jadi siswa tara palu guru besar universitas tadulako untad palu nur sangadji nilai program makan gizi gratis jadi siswa tara keluarga kaya miskin kalau kasih semua dampak psikologis baik rasa lebih kaya rasa lebih miskin kata podcast kolaborasi sulteng diskominfosantik sulteng kutip palu minggu tegas sampai tanggap ada kritik beri kelompok tentu misal anak anak sekolah miskin tingkat didik tentu sesuai efektifitas sedia anggar program tunjuk ada sama tara sama sama makan makan sama ompreng sama kata tegas ungkap program makan gratis siswa laksana bagai negara brasil sejak tahun 1940 prancis india jepang hingga china bahkan kata program makan siang gratis perintah china tambah program tidur siang siswa kata repot siap generasi hebat ungkap maklum ada sorot kritik bagai pihak yakin perintah terus laku baik waktu waktu pic sma palu mohammad ikra kata program rupa program positif kembang siswa program sangat positif kata sangat harap serta didik kata pic sma palu mohammad ikra jelas ekonomi serta didik sma palu ada klaster kelas tengah bawah total terima manfaat program sma palu banyak 800 orang tinggi antusias siswa faktor ekonomi keluarga sangat batas bahkan beberapa anak milik uang jajan makan siang warta fauzi editor andilala copyright 2026,Positif
santri ponpes cilacap racun rawat jumlah santri pondok pesantren putri wilayah lurah gumilir camat cilacap tengah kabupaten cilacap duga racun menu makan gizi gratis kondisi baik santriwati sempat rawat rsud cilacap kini tinggal satu jalan awat santri asuh masuk igd rsud cilacap rawat inap rawat jalan kata kepala dinas sehat kendali duduk keluarga rencana kabupaten cilacap hasanuddin minta konfirmasi detikjateng jumat 2026 pagi rawat inap alhamdulillah pulang orang tinggal orang rawat lanjut hasan lanjut satu pasien rawat baru masuk kamis pagi santri rasa gejala mual pusing boleh pulang keluh relatif sama sakit perut mual pusing satu baru masuk kemarin pagi terang hasan tambah hingga sebab duga racun tahu dinkes cilacap kirim sampel menu saji hari selasa laboratorium sehat provinsi jawa tengah tunggu hasil periksa menu mas bawa labkes semarang pungkas berita belum puluh santri pondok pesantren putri lurah gumilir camat cilacap utara kabupaten cilacap alami gejala racun hingga rawat rumah sakit jadi santri sebut sempat santap menu makan gizi gratis kepala dinas sehat kendali duduk keluarga rencana kabupaten cilacap hasanuddin kata pihak terima lapor jadi sebut rabu siang jadi informasi pesantren putri mulai kemarin siang keluh sakit perut mual muntah diare dinkes puskesmas langsung sana masuk balai karantina sehat laku kece ambil sampel makan kata hasanuddin hubung detikjateng kamis 2026 jumlah santri langsung lari rumah sakit dapat tangan medis santri sempat jalan awat rsud cilacap anak anak keluh kemudian kirim rsud anak jumlah anak pulang rawat jalan lain rawat inap mulai rasa keluh sejak selasa malam ujar singgung kena sebab jadi sebut hasanuddin kata santri belum memang sempat konsumsi menu program makan gizi gratis tambah santri konsumsi makan lingkung pesantren anak anak konsumsi kan anak pesantren kata,Negatif
program governance continues improved bgn inp polri the national nutrition agency bgn stated that the governance the free nutritious meals program continuously being improved strengthen the national food security system bgn deputy for provision and distribution suardi samir emphasized that the program long term investment improving the quality indonesia human resources the program not just social assistance but strategic innovation enhance children cognitive potential and strengthen the national food security system said suardi tuesday 2026 added that access healthy food schools the foundation for developing superior and globally competitive generation meanwhile molly prabawati expert staff for communication and media the ministry communication and digital stated that the program benefits have not yet been felt urban communities but the outermost most remote and most underdeveloped regions this program truly serves pillar the community especially children indonesia vast consisting more than 000 islands have large cities and remote areas including the left behind foremost and outermost the program may seem less effective for urban communities but our children remote and areas certainly need explained molly she emphasized that build the golden generation 2045 indonesia needs ensure that indonesian children are well nourished this case the program plays vital role school help improve their focus while studying ndt,Netral
viral siswa keluar sekolah gegara ortu kritik bgn bilang gin viral media sosial kabar siswa sdn banjaranyar kabupaten malang keluar sekolah usai orang tua kritik program makan gizi gratis badan gizi nasional bgn buka suara koordinator regional bgn jawa tengah reza mahendra ban tegas kabar sebut sebut informasi edar awal kesalahpahaman kini selesai pihak sekolah jadi sdn banjaranyar kena siswa keluar kritis benar hingga siswa keluar siswa sebut status serta didik kata reza selasa turut soal sempat cuat tangan sekolah pihak sekolah beri edukasi wali murid kait anggar program belum keluh reza jelas polemik mula kesalahpahaman orang tua soal besar anggar menu khusus bulan puasa sekolah kemudian lurus informasi sebut lalu temu wali siswa tak tangan libat aparat tempat laku lalu proses berita acara periksa bap sisi satu layan penuh gizi sppg malang randudongkal sebut laku evaluasi layan utama kait kualitas menu kronologi kritik lks isu dasar kronologi isu benar muncul sejak januari 2026 ramai tengah april 2026 narasi kembang jadi tuduh siswa henti pihak awal bincang media sosial fokus kritik orang tua lembar kerja siswa lks kemudian lebar program informasi awal sebut asal komunikasi babinsa pihak sppg kait isu lama orang tua siswa sekolah kritik sampai cakup jumlah mulai lks infaq hingga program khusus kritik picu kesalahpahaman soal harga menu bulan puasa orang tua ira harga paket capai rp15 ribu padahal tarif benar rp8 ribu porsi kecil rp10 ribu porsi besar sekolah kemudian panggil wali siswa beri jelas temu siswa sebut sekolah situasi makin kembang muncul tuding media sosial sebut ada rundung pihak sekolah pihak sekolah sebut upaya bujuk siswa orang tua hasil kasus sebut akhir bawa jalur hukum mediasi lalu dinas didik temu titik terang proses pihak sppg aku pantau kasus sejak april 2026 sekolah jalan periksa polres malang banyak enam kali fokus duga rundung bukan kritik mei 2026 sekolah jalan bap lalu mei 2026 laku temu kuasa hukum pihak kait lanjut selesai hingga kini proses hukum jalan damping tingkat provinsi bgn tegas komitmen terus tingkat kualitas layan jalan optimal sekolah kepala sdn banjaranyar sri umbartiningsih kata siswa justru antusias program siswa sekolah sangat antusias ada bukti siswa tunggu bagi siswa sering kali minta makan punya teman berangkat sekolah ujar sppg pasti terus tingkat layan program tepat sasar sppg malang randudongkal sendiri operasi sejak september 2025 kini layan 608 terima manfaat simak video video zulkifli hasan ribu pegawai bgn bakal angkat jadi pppk gambas video 20detik naf kna,Netral
ksp kpk bahas cegah korupsi masuk soal kepala staf presiden ksp dudung abdurachman temu jumlah pimpin komisi berantas korupsi kpk kantor ksp istana selasa 2026 bahas tur presiden nomor tahun 2018 strategi nasional cegah korupsi dudung sebut temu kpk bahas masalah program makan gizi gratis sedang jadi sorot belakang libat dalam bappenas kpk mendagri ksp menpan sedang rancang usul ubah menkeu bpkp libat ujar dudung istana selasa siang baca prabowo minta dudung ecek dapur suspend insentif juta hari serius beliau betul tim cegah lah arti sekarang sedang booming masalah tadi diskusi banyak jadi timpang timpang sidak imbuh dudung tegas temu masalah kait segan segan ekspos langsung publik presiden prabowo subianto milik semangat berantas korupsi maling uang rakyat rakyat tahu sampai apa jadi temu lapang manfaat manfaat kemudian manfaat kelompok orang kata dudung baca presiden lihat nurani manfaat wakil ketua kpk agus joko pramono kata pihak laku cegah kait potensi korupsi posisi cegah banyak tajam governance nya coba tinjau coba awas kemudian sistem sistem lama kurang jalan ikan masuk rekomendasi beri kepala bgn tunggu tindak lanjut kata agus komitmen beri fakta jernih percaya imbang dukung lanjut jurnalisme jernih nikmat nyaman baca iklan lalu membership gabung plus sekarang,Negatif
tan amran program jadi offtaker 165 juta tani desa menteri tani tan andi amran sulaiman tegas program makan gizi gratis jadi serap offtaker 165 juta tani desa tegas sampai tan amran usai laku forum group discussion fgd sama badan eksekutif mahasiswa bem beberapa universitas kalibata selatan rabu tokoh asal sulawesi selatan kata program jadi serap hasil produksi tani 165 juta tani desa jangan lihat diri sendiri kata kunci diri offtaker 165 juta tani ulang jadi offtaker tani indonesia tegas tan amran tegas program kait pilih presiden pilpres 2029 turut program fokus baik gizi anak anak indonesia cakup balita anak sekolah anak putus sekolah hingga anak nikah dini milik hak pilih 2029 kalau lihat segi politik bapak presiden penting politis anak bahkan anak kandung beri milu 2029 hubung ujar tan amran benar kan pilih 2029 arti benar benar rakyat indonesia siap generasi muda lebih tangguh lebih cerdas sambung dasar survei status gizi indonesia ssgi 2024 prevalensi stunting nasional turun jadi persen angka tanda turun persen 2023 pertama kali ada bawah persen,Positif
atur program leceh konstitusi ylbhi nilai pres tak banding sisdiknas uud 1945 atur program leceh konstitusi ylbhi nilai pres tak banding sisdiknas uud 1945 online selasa mei 2026 haekal attar tulis online program makan gizi gratis tuai jumlah kontroversi mulai laksana lapang nilai beranta soal anggar hingga dasar hukum sebut sepenuh penuh baru wakil ketua advokasi yayasan lembaga bantu hukum indonesia ylbhi edy kurniawan tegas langgar perintah atur laksana level bukan langgar leceh konstitusi constitusional harassment leceh konstitusi jadi level bukan langgar leceh konstitusi leceh dasar dasar negara kata siar makan gizi gratis didik senin 2026 nilai dapat bentur norma jadi atur sebut mula program milik dasar hukum atur presiden pres nomor 115 tahun 2025 tata kelola selenggara program banding atur pasal sistem didik nasional sisdiknas pasal ayat uud 1945 tegas pasal sisdiknas pasal ayat uud 1945 sama sama amanat alokasi didik besar persen edy jelas hitung total anggar dapat belanja negara apbn 2026 jumlah rp769 triliun jadi level atur presiden jauh level bawah undang undang jadi undang undang kemudian atur perintah baru atur presiden level bawah undang undang tiga level bawah undang undang dasar tegas kata leceh konstitusi betapa sistem hukum bolak balik negara prabowo kawan kawan sambung tak edy sebut dapat soal kait modus program masuk apbn nomor tahun 2025 sejak oktober dasar hukum lalu pres 115 tahun 2025 baru tetap november 2025 super aneh duluan beri uang baru buat dasar hukum fatal bijak sangat pengaruh penting umum hajat hidup orang banyak jelas modus baja legislasi edy ungkap ada duga modus operandi ampo baja sistem legislasi turut dapat mens rea niat buruk perintah selundup jelas pasal pasal ayat apbn 2026 masuk tentu dana operasional didik cakup program jadi selip jelas pasal ayat maksud semua orang baca kata baja selundup norma kata edy nilai problem program sekadar jelas maksud pasal ayat justru luas tafsir dana operasional didik masalah tentang konstitusi mana kata jelas niat bukan luas beri jelas kira kira niat selundup norma terang populer organisasi pers desak prabowo minta maaf atas nyata londo ireng kait wartawan hukum makan gaji buta presiden prabowo subianto jadwal buka muktamar pesantren tambakberas mui dorong zakat jadi kurang pajak beri insentif lebih adil ormas islam perlu ubah strategi dakwah gen tak makin jauh agama besok sunnah puasa ayyamul bidh safar 1448 pahala tara puasa tahun kini lihat semua,Negatif
tan tegas tak kait milu 2029 menteri tani amran sulaiman tegas program makan gizi gratis milik penting politik jelang milu 2029 sebut program sebut murni tuju tingkat kualitas generasi muda tegas terima manfaat program anak sekolah bahkan anak kandung milik kait hak pilih rupa program prioritas presiden prabowo subianto sasar juta terima manfaat kalang siswa ibu hamil hingga ibu susu kalau mau segi politik bapak presiden segi politis anak anak kandung beri milu 2029 hubung benar pilih kan 2029 arti betul betul rakyat indonesia siap generasi muda lebih tangguh lebih cerdas ujar amran diam pribadi kawasan selatan rabu 2026 amran sebut program dampak tingkat gizi anak anak indonesia nilai generasi depan tumbuh lebih sehat cerdas lalu intervensi sebut sisi putar ekonomi desa sebut tingkat ada minta program nilai langsung rasa masyarakat tingkat bawah ikut anak anak cerdas depan penuh gizi kemudian ikut ekonomi putar desa pasar hidup langsung rasa rakyat tutur amran amran lihat program diri sendiri jelas libat 165 juta tani indonesia program yakin kontribusi tingkat kerja sektor terna tani jangan lihat diri sendiri kata kunci diri jadi off taker 165 juta tani ulang diri jadi off taker tani 165 juta tani indonesia tutup amran acd acd,Netral
bem ipb tolak kampus jadi dapur desak bgn evaluasi badan eksekutif mahasiswa bem keluarga mahasiswa ipb university sampai kecam soal kampus ipb dapur makan gizi gratis langsung ditujukkan kepala badan gizi nasional bgn dad hindayana jangan paksa 242 orang racun makan gizi gratis ratus triliun anggar didik realokasi makan gizi gratis 720 sppg tutup sesuai standar operasional puluh sppg milik penting partai politik oligarki tulis nyata bem ipb unggah instagram nya kutip kamis 2026 desak bgn evaluasi bem ipb nilai implementasi pakai satu model paksa terap semua wilayah ketidaksuaian laksana program timpang standar makan banyak racun cacat wenang lembaga rupa implikasi paksa model guna tulis bem ipb bem ipb desak bgn evaluasi program nukan paksa masif luas bahkan libat instansi didik bagaimana sedia resource kampus bagaimana kondisi fasilitas sarana prasara pokok instansi bagaimana ekosistem kualitas kurikulum lembaga didik akhir dosen mahasiswa ambil alih fokus jadi tenaga kerja ungkap bem ipb ipb pusat unggul nasional direktur kerjasama komunikasi pasar ipb university alfian helm kata ipb rupa center excellence pusat unggul nasional program sebut ada coe pasti program jalan efektif ukur dampak nyata ipb university kembang model dapur bas karakteristik lokal kaya menu gizi inovasi sama bagai stakeholder kait kata kutip laman ipb kamis 2026 tutur alas ipb perlu libat kembang turut jumlah soal lingkup nasional butuh peduli institusi didik tinggi ambil peran coe penuh gizi nasional pgn inovasi inovasi lahir laboratorium kebun coba ipb university akhir uji terap skala nyata varietas pangan lokal unggul formula menu bas butuh gizi spesifik teknologi olah pangan sederhana efisien sistem pantau mutu bas data semua kini punya ruang gerak riset tuju dampak jelas kampus kelola sppg bukan ipb langsung alfian nyata pihak ipb kelola sppg langsung adapun dapur kelola holding company milik kampus kait sppg bangun kelola sppg bukan ipb langsung blst holding company milik ipb lalu yayasan bentuk khusus urai menambagkan yayasan sebut guna anggar didik operasional akademik kampus yayasan sebut badan hukum kelola profesional pisah anggar didik operasional akademik ipb jadi struktur tata kelola mandat akademik kampus tetap jaga ungkap direktur blst luhur budijarso harap sppg kelola pihak direplikasi nasional dapur garap blst camat ciampea camat sukajaya luhur ungkap satu dapur siap operasi dapur rencana sasar warga nilai punya butuh penuh gizi tinggi milik ekosistem agribisnis dukung kembang turut ekosistem jadi beda dapur nya banding sppg bangun dapur bangun rantai pasok tani ternak olah tahu tempe kampus lokasi sppg bina jadi pasok standar lanjut tutur kata bina sebut libat dosen mahasiswa ipb lewat program abdi masyarakat struktur landas tri dharma turut teliti pasti standar gizi didik latih laku program sebut ekosistem integrasi bukan sekadar dapur diri sendiri ucap bukan soal dapur sempat kontribusi lapang dukung hasil program perintah model harap hasil dapat sehat blst bagi alokasi dukung riset beasiswa abdi masyarakat ipb kalau inovasi kampus ikut alir dalam laboratorium meja makan anak anak indonesia makna sungguh kampus dampak ujar soal aman pangan luhur kata pihak pasti aman pangan dapur nya jaga nyata semua sistem mulai bahan baku hingga saji piring rancang penuh prinsip asuh aman sehat utuh halal bawah koordinasi lembaga riset internasional pangan gizi sehat halal ipb lri pgkh audit internal laku kala hasil buka verifikasi publik ucap,Negatif
unhas ungkap biaya bangun dapur capai miliar rektor universitas hasanuddin jamaluddin jompa beber jumlah biaya keluar kampus bangun dapur makan gizi gratis jamaluddin sebut satu dapur habis biaya miliar jamalauddin biaya wajar keluar satu dapur fasilitas dapur milik jelas bangun dapur lingkung kampus bukan sekadar dukung program perintah jadi investasi akademik jangka panjang guru tinggi bukan dapur laboratorium hidup didik teliti abdi masyarakat kata jamaluddin kamis april 2026 scroll bawah lanjut baca iklan jamaluddin kata biaya miliar beli lengkap alat dapur unhas milik bangun jadi lingkung kampus proses diri dapur unhas guna anggar yayasan kerja sama usaha krakatau steel usaha sebut peran sedia infrastruktur dapur hingga alat kompor sistem ventilasi hingga lengkap masak penuh standar aman pangan kalau bangun sendiri lama kompleks standar milik mitra proses lebih cepat empat lima bulan selesai ujar jamaluddin jelas kampus bangun dapur ikut prosedur badan gizi nasional mulai lengkap administrasi hingga studi layak sederhana kampus wajib milik yayasan badan kelola operasional dapur dokumen aju tim bgn laku verifikasi langsung lapang beri tuju semua penuh standar mulai lokasi desain dapur hingga kesiap operasional kata beda dapur umum sppg unhas rancang fasilitas multifungsi produksi makan gizi siswa dapur manfaat sarana praktik mahasiswa mahasiswa program studi gizi sehat lingkung hingga teknik libat kembang inovasi mulai sistem sanitasi hingga teknologi dapur jadi tempat ajar langsung mahasiswa teori lihat proses produksi makan gizi nyata kata jamaluddin unhas integrasi dapur ekosistem produksi internal kampus salah satu lalu manfaat hasil terna kampus mampu produksi puluh ribu ayam per bulan skema jamaluddin dapur sekaligus jadi offtaker produk kampus cipta rantai pasok integrasi produk kampus langsung serap kuat ekosistem sekaligus jadi bahan ajar ujar pilih editor rektor unhas jelas alas kampus kelola dapur,Netral
masuk kampus mundur didik transaksional marina ekatari mei 2026 nasional program makan gizi gratis kini masuk kampus lalu dapur satu layan penuh gizi sppg kelola guru tinggi muncul polemik kampus terima bimbang apa alas balik beda sikap sebut tulis marina ekatarieditor agnes rita sulistyawatycover nabhanproduser marina ekatarivideo ridwan arifin yogi yuka rozaki,Negatif
duga tipu program asuh pesantren minta damping lbh ansor duga tipu program asuh pesantren minta damping lbh ansor online sabtu mei 2026 online banyak asuh pondok pesantren wilayah jawa barat datang lembaga bantu hukum pimpin pusat gera pemuda ansor lbh ansor kamis 2026 lalu datang kiai gus sebut sampai lapor adu kait duga tipu program dapur makan gizi gratis pesantren asuh aku jadi korban pihak mengatasnamakan koperasi santri nusantara kopsantara dapur santri nusantara dsn temu masing masing pesantren sebut alami rugi finansial nilai capai puluh hingga ratus juta rupiah rugi timbul pihak dsn janji program dapur sppg mitra badan gizi nasional bgn pesantren dasar terang lapor mulai bangun dapur pesantren minta aju proposal koperasi dsn syarat milik lahan luas 400 meter persegi minta bayar biaya daftar rp1 juta menandatangani janji commitment fee lanjut koperasi dsn tunjuk kontraktor bangun dapur bayar tahap pihak dsn janji biaya bangun ganti program jalan bulan bulan janji sebut realisasi hingga kini biaya bangun ganti kantor dsn tahu pindah urus hubung salah satu asuh pesantren asal cirebon ade abdurrahman sebut modus guna rupa kasus kontraktor percaya bangun laku atas kerja sama pihak pesantren pribadi jual mobil aset lain pesantren cemar masyarakat padahal banyak warga harap kerja dapur sebut ujar ketua lbh ansor dendy zuhairil finsa nyata pihak siap beri damping hukum korban duga jumlah korban lebih banyak bahkan capai ratus pesantren pola rupa bukan sekadar kasus individual soal serius potensi timpa lembaga didik pesantren luas tegas dendy tegas lbh ansor komitmen damping asuh pesantren tempuh upaya hukum oleh adil dukung datang ketua umum ansor temu gelar kantor lbh ansor jalan kramat raya 56a pusat turut hadir sekretaris rabithah ahid islamiyah rmi pbnu gus ulun nuha sempat sebut gus ulun sampai prihatin atas kasus timpa pesantren tegas penting langkah hukum sekaligus dekat instansi kait laku dekat institusi wenang upaya hukum pihak dsn tetap laku ujar sila pesantren rasa jadi korban segera lapor lbh ansor pihak rmi pbnu nyata siap kerja sama dukung penuh langkah lbh ansor kasus proses adil transparan beri pasti hukum korban adu sampai lalu nomor 0813 2284 0288 sahabat hamzah paling lambat kamis 2026 lbh ansor bentuk tim hukum tangan kasus tim sebut awal seluruh proses hukum jerat pihak duga laku tipu koordinator tim hukum korban afreindi sikumbang sebut hasil telusur lalu situs koperasi tunjuk koperasi santri nusantara daftar legal arti sisi legal standing koperasi badan hukum kasus duga murni tipu badan usaha palsu tegas populer organisasi pers desak prabowo minta maaf atas nyata londo ireng kait wartawan hukum makan gaji buta presiden prabowo subianto jadwal buka muktamar pesantren tambakberas mui dorong zakat jadi kurang pajak beri insentif lebih adil ormas islam perlu ubah strategi dakwah gen tak makin jauh agama besok sunnah puasa ayyamul bidh safar 1448 pahala tara puasa tahun kini lihat semua,Negatif
sppg popalo jadi dapur pertama sertifikat halal gorontalo satu layan penuh gizi sppg popalo jadi dapur program makan gizi gratis pertama provinsi gorontalo kantong sertifikat halal sertifikat sebut terbit dasar surat putus tetap halal produk majelis ulama indonesia mui nomor mui lppom 18160005030526 tanggal mei 2026 direktur lppom mui gorontalo prof astin lukum total dapur sppg operasi gorontalo baru sppg popalo urus sertifikasi halal lalu lembaga kaji pangan obat obat kosmetika majelis ulama indonesia lppom mui provinsi gorontalo baru sppg popalo urus sertifikat halal gorontalo sangat apresiasi langkah makan bagi terima manfaat benar benar kondisi baik halal ujar prof astin harap depan lebih banyak dapur gorontalo ikut langkah rupa masyarakat terima manfaat program dapat jamin makan halal aman konsumsi langkah sppg popalo inisiatif urus sertifikat halal patut apresiasi sertifikasi halal penting pasti proses olah makan mulai bahan baku hingga siap saji benar benar jamin imbuh sppg popalo sendiri ada bawah naung yayasan denia ghaniya berkah lokasi desa popalo camat anggrek kabupaten gorontalo utara ketua yayasan denia ghaniya berkah rahmat bialangi kata pihak langsung urus sertifikat halal sejak dapur mulai operasi proses urus mulai latih selia halal aju dokumen badan selenggara jamin produk halal bpjph lalu lppom mui gorontalo hingga audit langsung lokasi dapur papar sampai rasa syukur berkat kerja sama tim solid mampu selesai dapat sertifikat halal harap ada sertifikasi halal jadi jamin serius saji makan baik dukung program presiden alhamdulillah berkat kerja sama tim sppg popalo seluruh syarat selesai buah hasil hasil lepas dukung semua pihak utama kepala sppg popalo kata kepala sppg popalo wiwan anyole aku syukur atas terbit sertifikat halal sebut pasti pihak terus jaga kualitas halal makan saji terima manfaat program komitmen pasti seluruh makan saji tetap kondisi baik aman halal terang,Positif
pnl lhokseumawe dukung tak punya sumber daya kelola lhoksukon pihak politeknik negeri lhokseumawe pnl provinsi aceh nyata siap kelola makan gizi gratis guru tinggi negeri sebut pasal kampus vokasi milik sumber daya manusia sesuai kelola program unggul presiden prabowo subianto direktur pnl rizal syahyadi kamis 2026 sebut kampus dukung program perintah kampus milik sektor tani gizi bahan pangan bagai butuh sesuai kompetensi kelola baca kampus unimal aceh utara siap kelola seluruh bahan pangan produksi sendiri dukung program perintah punya sumber daya kelola ujar rizal kampus sambung rizal fokus tingkat kompetensi lulus saing tingkat nasional internasional sambung saing dunia usaha dunia industri makin ketat peluang kerja lulus terus tingkat fokus tingkat kompetensi banyak kerja sama dunia usaha industri lulus milik tempat kerja formal tamat kampus tutur baca universitas andalas tak mau gegabah kelola alas belum jumlah guru tinggi negeri siap kelola salah satu universitas malikussaleh unimal kabupaten aceh utara provinsi aceh siap kelola dapur makan gizi gratis unimal aju kesiap salah satu kampus aceh kelola universitas hasanuddin makassar jadi kampus pertama kelola indonesia komitmen beri fakta jernih percaya imbang dukung lanjut jurnalisme jernih nikmat nyaman baca iklan lalu membership gabung plus sekarang,Netral
malu kuat program manfaat pangan lokal ambon perintah provinsi malu kuat laksana program makan gizi gratis dorong manfaat pangan lokal hasil laut sagu produk tani umkm bagi utama rantai pasok luas dampak ekonomi masyarakat gubernur malu hendrik lewerissa ambon kamis kata program fokus penuh butuh gizi masyarakat jadi instrumen kuat ekonomi lokal daya laku usaha daerah potensi pangan lokal malu hasil laut sagu produk tani umkm perlu jadi bagi utama rantai pasok program manfaat ekonomi program rasa lebih luas masyarakat kata hendrik sosialisasi program sama komunitas provinsi malu kata program rupa salah satu program strategis nasional peran penting tingkat kualitas gizi masyarakat khusus generasi muda sekaligus jadi fondasi bangun sumber daya manusia tuju indonesia emas 2045 program sebut tunjuk capai signifikan nasional baik sisi jumlah terima manfaat maupun dampak ekonomi masyarakat program bicara soal penuh butuh gizi hadir dampak ekonomi nyata masyarakat lalu libat tenaga kerja umkm laku usaha lokal ujar dasar data laksana malu banyak 106 satu layan penuh gizi sppg operasi total potensi 192 unit persen program sebut jangkau 222 640 siswa total potensi 488 994 siswa persen kelompok rentan liput ibu hamil ibu susu balita terima manfaat capai 345 orang total potensi 562 orang persen terima manfaat laksana program malu turut libat 075 rawan tenaga kerja nilai kontribusi buka lapang kerja kuat ekonomi daerah program buka peluang kerja masyarakat bukti milik efek ganda dorong tumbuh ekonomi lokal kata aspek aman pangan banyak sppg milik sertifikat laik hygiene sanitasi slhs instalasi olah air limbah ipal unit lain proses penuh standar meski hendrik aku laksana program malu hadap tantang utama kondisi geografis pulau batas distribusi perata layan hingga daerah pencil malu komitmen cepat bangun perata sppg tingkat cakup terima manfaat kuat awas mutu aman pangan dorong libat aktif masyarakat laku usaha lokal kunci hasil program kolaborasi semua pihak gerak sama manfaat program benar benar rasa rata masyarakat malu kata warta ode dedy lion abdul azisuploader moh ponting copyright 2026 larang keras ambil konten laku crawling indeks otomatis situs web izin tulis kantor berita,Positif
p2g sorot phk massal guru akibat mangkas transfer daerah p2g sorot phk massal guru akibat mangkas transfer daerah online selasa mei 2026 guru honorer sdn wanasari cibitung kabupaten bekas indah permata sari foto tangkap layar youtube tvr parlemen haekal attar tulis online kepala bidang advokasi guru himpun didik guru p2g iman zanatul haeri ungkap sejak desember 2025 jadi putus hubung kerja phk massal guru bagai daerah iman catat kondisi kait bijak efisiensi anggar dapat belanja negara apbn dampak turun transfer daerah jelas turun apbn sebut lepas realokasi dana masuk program makan gizi gratis kalau lihat tahun tahun belum 2025 atau 2024 atau 2023 transfer daerah biasa ambil didik hampir tengah persen 2026 kurang persen kata siar makan gizi gratis didik senin 2026 iman dampak bijak rasa langsung guru baik status asn pppk pns maupun honorer daerah lama gantung dana transfer akibat banyak guru alami phk rumah hingga kurang hasil jadi paradoks dana sppg buat milik dapur joget joget joget joget angkat pppk motor kaos kaki gambar tidak tahu rp100 000 harga kata p2g catat fenomena sebut jadi jumlah daerah antara dompu deli serdang lombok timur mus rawas tuban cianjur langkat sumedang bandung blitar aceh selatan serang lhokseumawe wilayah nusa tenggara timur ntt nusa tenggara barat ntb jawa barat provinsi kemarin sanggup bayar 000 guru demonstrasi jelas kata iman bagi guru honorer lapor angkat jadi pppk paruh waktu gaji lebih rendah banding belum kalaupun tahan jadi paruh waktu gaji makin kecil kata iman sorot nasib guru madrasah swasta belum laku aksi demonstrasi libat 000 guru istana presiden kamis 2025 hingga kini turut dapat pasti janji tunjang profesi guru lama jadi jamin sejahtera justru tangguh waktu tentu kata langgar didik sangat luar biasa sekali prinsipil sasar salah tambah lebih jauh nilai bijak dampak luas sektor didik sejahtera guru turun kata program bantu didik program indonesia pintar pip beasiswa sebut alami kurang makin sulit akses siswa murid murid baru lulus rasa sulit dapat beasiswa jadi bohong besar kalau sampai pengaruh didik terang populer organisasi pers desak prabowo minta maaf atas nyata londo ireng kait wartawan hukum makan gaji buta presiden prabowo subianto jadwal buka muktamar pesantren tambakberas mui dorong zakat jadi kurang pajak beri insentif lebih adil ormas islam perlu ubah strategi dakwah gen tak makin jauh agama besok sunnah puasa ayyamul bidh safar 1448 pahala tara puasa tahun kini lihat semua,Negatif
kampus minta libat dosen ugm sorot risiko hilang independensi akademisi menteri didik tinggi riset teknologi brian yuliarto sebut kampus libat aktif jalan program perintah salah satu diri dapur makan gizi gratis kampus gagas picu kritik kalang akademisi nilai guru tinggi risiko geser fungsi utama institusi didik teliti abdi masyarakat jadi operator teknis program perintah dosen manajemen bijak publik ugm sekaligus pakar analisis bijak publik subarsono sebut rencana bijak sangat lenceng tugas pokok fungsi universitas turut sangat jalan visi misi institusi didik tinggi tekan kampus tetap konsisten jalur kembang kualitas akademik guru tinggi pantas buka sppg kait visi misi tridharma guru tinggi ujar selasa sebut libat kampus jalan program khawatir uras energi sumber daya internal skala besar masif kelola dapur anggap beban infrastruktur kampus mulai aspek sumber daya manusia hingga rumit kelola limbah libat kampus kelola sedot banyak energi sumberdaya kampus antara sdm listrik air olah limbah hingga awas sehat gizi menu terang masalah teknis khawatir muncul soal kena independensi akademisi apabila guru tinggi turut jadi bagi implementasi program perintah nanti daya kritis civitas akademika bijak publik khawatir lemah dapat bentur antar penting bagaimana suara kritis lantang kalau guru tinggi libat ikut nikmat benefit implementasi penuh soal sedot apbn luar biasa banyak tegas nilai libat kampus jalan program dampak persepsi negatif masyarakat masyarakat lihat fenomena bagi perintah bungkam suara kritis institusi didik lalu beri peran proyek publik baca wujud politisasi kampus perintah dapat legitimasi lebih kampus libat sppg dampak civitas akademika kurang mampu kritisi bijak program perintah jelas turut ingat ada konsekuensi hukum jadi waktu waktu apabila jadi kendala lapang kasus racun makan khawatir jalan program saran kampus tetap ada luar pusar operasional program jaga integritas institusi kampus tetap ambil posisi luar program rupa pilih rasional jaga marwah universitas gelincir pusar isu kontroversial tutup subarsono tulis cyntia noviana editor gusti grehenson foto,Negatif
punya banyak manfaat sujiwo komitmen sukses program punya banyak manfaat sujiwo komitmen sukses program rabu mei 2026 berita pimpinanprokopim kubu raya bupati kubu raya sujiwo apresiasi badan gizi nasional bgn percaya kabupaten kubu raya tuan rumah giat sosialisasi sinergi ekonomi rakyat selasa 2026 turut sosialisasi aula kantor bupati hadir wakil ketua bgn sony sanjaya menep stigma publik kerap sebut perintah daerah jadi tonton laksana program makan gizi gratis hadir sosialisasi jumlah kepala daerah wakil sppg kalimantan barat ucap terima kasih atas percaya badan gizi nasional gelar rapat koordinasi libat semua elemen korelasi kabupaten kubu raya anggap stigma publik perintah daerah libat memang belum iya rasa betul betul jadi tonton hadir wakil kepala bgn stigma patah buat semangat kata sujiwo sujiwo ungkap kubu raya milik dapur mandiri operasi satu dapur tambah sedang proses tindak lanjut kawasan tinggal depan luar pasti komitmen perintah daerah sukses bagai program perintah khusus program sangat strategis hadir bgn semua elemen kait wajib sukses proyek strategis nasional bapak presiden laku sesuai standar operasional kawin bagai elemen sangat dahsyat bukan soal baik gizi turun stunting tingkat sdm siswa balik gera ekonomi luar biasa putar uang masuk kubu raya cukup besar lokalisir jangan uang keluar tutur sujiwo tegas wujud lokalisasi ekonomi sebut sujiwo papar langkah konkret laku butuh menu ikan daging ayam daging sapi telur sayur mayur buah sedia lanjut tani ternak lokal punya semangat melokalisir uang tanggung jawab sedia pasok lanjut minggu depan laku najam dinas ikan segera meta butuh ikan nila lele buat kalender tebar benih putus dinas tani buat kalender tanam sayur mayur sustainable kalau penuh yakin dapur dapur ambil produk tani kubu raya benar hasil semua komoditas tadi jadi ekonomi rakyat papar lebih lanjut sujiwo nilai sinergi program koperasi desa merah putih kdmp rupa proyek strategis nasional presiden prabowo hasil dampak ganda ujung tahan pangan goal nya sejahtera tekad program betul betul dampak multiplier effect gera ekonomi tambah sisi sujiwo ingat oknum oknum lalai jalan tanggung jawab ingat teman teman oknum lama kurang laksana tanggung jawab sampai pak sekda selaku kasatgas mesti tekan khusus terima kasih bgn ambil langkah tegas tutup delapan dapur penuh syarat pungkas sujiwo wakil kepala bgn bidang operasional penuh gizi sony sonjaya jelas tuju hadir kait program kalimantan barat alhamdulillah badan gizi nasional tim direktur kepala biro khusus datang kalimantan barat konsolidasi program apresiasi perintah kabupaten kota kalbar kasatgas program tingkat provinsi kabupaten kota seluruh kepala daerah tunjuk perhati serius ujar sony jelas hingga kini kalimantan barat verifikasi 508 satu layan penuh gizi sppg bagi besar operasional serap 381 orang saudara saudara ada tingkat miskin ekstrem desil beri layan 995 321 terima manfaat bahan pangan hari datang ribu supplier mulai bumdes bumd koperasi hingga umkm urai rdw berita baru hkg pkk tingkat kalbar kubu raya hadir selasa juli 2026 larang tebang mangrove pemkab genjot revi selasa juli 2026 stunting kalbar tingkat bupati sujiwo dorong senin juli 2026 hadap 147 titik karhutla pemkab kubu raya optima senin juli 2026,Positif
bagaimana bgn jadi lembaga kuat pengaruh bagaimana badan gizi nasional jelma jadi lembaga kuat pengaruh tulis faisal irfani peran jurnalis bbc indonesia terbit waktu baca menit badan gizi nasional bgn jadi lembaga tonjol lama laku bijak makan gizi gratis bentuk kurang lebih tahun lalu sepak terjang bgn sering curi perhati agenda sidang kabinet mei 2025 presiden prabowo subianto singgung kena program andal sekaligus prioritas hadap jajar menteri prabowo tepuk dada juta sekian terima manfaat racun cuma 200 orang prabowo lanjut kalkulasi tingkat hasil kutip klaim nyata prabowo tanggap tepuk tangan serta rapat walaupun bayang prabowo bijak beri makan gratis nyaris sempurna minta laksana lapang cepat puas diri nama dad hindayana selaku kepala bgn lantas sebut prabowo harga kepala bgn seluruh jajar kata pak sasar nol simpang nol salah erti gampang tandas sekali bgn muncul bincang panjang implementasi usia lebih tahun bgn sering warna tajuk tajuk berita mulai kasus racun menu makan polemik belanja barang lepas posisi bgn sendiri utama sejak prabowo kuasa vital dalam bbc indonesia langsung whatsapp klik sini akhir whatsapp ajar ilmu politik universitas udayana kandidat doktor monash university mirah mahaswari sebut bgn rupa salah satu instrumen politik utama perintah prabowo pasal bgn jadi kendara realisasi tambah mirah unik bgn jadi alat konsolidasi politik hasil sangat tentu legitimasi politik perintah terang strategis bgn anggap oleh leluasa kelola dana tutur pakar ekonomi tahan pangan center economic and law studies celios isnawati hidayah buat bgn olah milik unlimited power dapat support sangat besar perintah papar unlimited suatu kias tunjuk benar benar benar batas bebas sangat longgar laku bijak bijak bagaimana bgn baru umur jagung jelma lembaga kuat gagas makan siang gratis sejak kampanye pilpres 2024 bulan lengser presiden joko widodo keluar atur presiden pres ihwal bentuk badan gizi nasional bgn pres bgn lembaga perintah laksana tugas penuh gizi nasional pasal jelas bgn ada bawah tanggung jawab presiden tugas bgn maktub pasal rentang tetap bijak teknis tata kelola sedia salur gizi nasional laksana fungsi beri presiden lama resmi pres jokowi lantik orang akademisi institut tani bogor ipb dad hindayana jadi kepala bgn usai angkat dad aku lembaga pimpin punya kantor hadir bgn tak lepas konstelasi pilih umum presiden pilpres 2024 pasang prabowo subianto gibran rakabuming raka janji salah satu distribusi makan gratis masyarakat janji sebut pacak dokumen judul asta cita muat visi misi prabowo gibran detail prabowo gibran hendak salur makan siang susu gratis baik sekolah maupun pesantren samping bantu gizi anak balita ibu hamil atas masalah fundamental baik kualitas hidup rakyat indonesia tuju hilang miskin bumi indonesia prabowo ungkap latar belakang program makan gratis waktu debat lima capres cawapres februari 2024 janji kampanye makan gratis kemudian wujud prabowo menang pilpres naik kursi kuasa bgn tunjuk mobil selaku operator struktur bgn pegang delapan jabat laksana kepala orang nomor satu kemudian bantu wakil hingga deputi dasar informasi jauh dapat puluh sosok duduk kursi bgn tarik semua jabat bgn temu ahli gizi kepala bgn dad hindayana misal akademisi bidang riset ekologi serangga tiga orang wakil dad masing masing rupa mantan wartawan purnawirawan tni polri level deputi jumlah enam orang empat antara pensiun tni polri sisa ialah profesional bidang perintah tata kelola sumber daya manusia seluruh jabat utama bgn satu perempuan teknis tugas bgn cakup pilih siapa jalan tunai asal kanal bgn sendiri mitra basis mitra topang kerjasama yayasan nonyayasan nonyayasan kualifikasi liput instansi perintah hingga persero batas maksud yayasan organisasi bidang sosial pasang salur sebut turun lapang bentuk satu penuh layan gizi sppg sppg tindak dapur sedia makan terima manfaat pihak wenang seleksi sppg bgn per april 2026 lebih 000 sppg diri sebar seluruh indonesia rujuk data bgn terap program bgn tunjang alokasi anggar dapat belanja negara apbn 2025 kutip lapor uang bgn oleh anggar besar rp71 triliun ketika buat bgn masuk besar lembaga pos dana banyak tahun selang 2026 anggar terima bgn roket nyaris empat kali lipat jadi rp268 triliun predikat tempel bgn ubah jadi lembaga negara pos dana besar kalah tahan maupun didik budaya riset teknologi kemendikbudristek proyeksi anggar rancang uang bgn rentang tiga tahun depan 2029 turut tunjuk tren naik apa bikin bgn kuat aspek anggar pengaruh politik sebut teliti wawancara bbc indonesia indikator betapa kuat strategis badan gizi nasional bgn teliti center economic and law studies celios isnawati hidayah kata bgn diri janji presiden prabowo arung kontes pilpres 2024 alhasil bgn raih unlimited power dapat support sangat besar perintah tegas isnawati isnawati beri catat makna unlimited sepenuh bebas batas sangat leluasa laku bijak bijak bentuk longgar lihat manakala anggar bgn 2026 mayoritas keruk pos didik perintah dalih terima anak anak bangku sekolah masuk akal apabila dana didik bagi perintah tekan prioritas bangun infrastruktur didik kurang kait alih dana didik lantas buah gugat koalisi sipil mahkamah konstitusi luar anggar kuasa bgn temu ada barang jasa riset transparency international indonesia tii pernah sorot bagaimana ada barang jasa bgn lebih banyak pakai purchasing lalu daring banyak sisa bagi atas ada langsung tunjuk langsung paling minim lelang situasi sebut sambung tii gambar ada barang maupun jasa bgn benar benar transparan terap asas saing sehat skala anggar besar ada barang jasa bgn langsung buka sekaligus kompetitif tii beberapa waktu belakang publik kritik realisasi guna anggar bgn periode 2025 pecah lebih 000 paket nilai rp6 triliun paket belanja jumpa barang barang pandang cermin penuh gizi semir sepatu ikat pinggang hingga handuk dapat dorong besar perintah buat beli mungkin pikir lebih hati hati timbang mampu fiskal punya ucap isnawati kuat bgn henti titik anggar pengaruh politik bgn lekat fungsi ganda lembaga service delivery bijak sosial kuantitas besar bgn mampu pikul peran jadi alat konsolidasi politik terang ajar ilmu politik universitas udayana kandidat doktor monash university mirah mahaswari alas mirah terus hasil sangat tentu legitimasi politik perintah tutup mungkin rencana lanjut periode ikut prinsip posisi bgn cenderung dekat pusat kuasa punya akses langsung sumber daya maupun decision making papar mirah tanya kursi jabat bgn risi mantan polisi tentara cukup jawab amat konteks politik kembang mirah nilai tunjuk jabat latar belakang aman picu argumen logika kontrol stabilitas mana perintah pasti kontrol kuat atas implementasi program ujar gaya leadership militer polisi mungkin pandang milik alam koordinasi skala besar mobilisasi cepat punya disiplin desain bgn pijak sistem rantai komando tambah mirah konsisten gaya pimpin prabowo tatar praktik sebar sppg total sentuh puluh ribu indonesia baca modal jaring puas masyarakat beri jalan modal rangka bangun sppg riset susun indonesia corruption watch icw tunjuk ratus yayasan lapang jalur diri sppg bgn afiliasi partai politik tim menang pilpres militer aparat tegak hukum hubung icw simpul indikasi ada duga distribusi sumber daya jalin dekat politik kuasa sisi pola sebut mampu manfaat luas dukung politik icw pandang terima akses manfaat bakal cenderung balas budi tawar loyalitas beri mudah pegang mandat kuasa selalu pikir negatif kala pidato sidang kabinet istana negara oktober tahun lalu presiden prabowo minta kepala badan gizi nasional bgn dad hindayana hasil suatu prosedur tetap laksana ketat tuju ialah cegah salah ujung program maksimal terjemah arah prabowo bgn klaim semua implementasi tempuh hati hati profesional orientasi hasil tanggap tuding bagi pengaruh bgn larang keras praktik buah konflik penting lingkup mitra pilih mitra dasar nilai objektif sekaligus ukur proses verifikasi ambil contoh jalan buka pantau utama penting masyarakat kemudian kelola anggar besar bgn aku gandeng jaksa agung laku awas nah uang banyak alir bawah badan gizi nasional milik komponen awas deputi pantau awas bekerjasama badan awas uang bangun bpkp audit seluruh keluar ungkap dad sekarang tambah satu komponen awas lalu seluruh komponen jaksa agung daerah apabila rasa cukup dad imbau masyarakat lapor langsung bgn kalau temu langgar bgn punya kanal adu nasional operasi jam jawab komitmen atas transparansi publik layan bgn beri nama sahabat sentra adu gizi indonesia sagi 127 fungsi tampung adu masuk klarifikasi publik kena transparansi kunci jaga percaya publik pasti masyarakat jadi terima manfaat milik ruang awas partisipasi aktif tutur kepala biro hukum humas bgn khairul hidayat tak tinggal perintah ban guna bgn maupun kendara politik nuduh prabowo bikin pilih selalu pikir negatif kalau rakyat milih 2029 apa salah tegas prabowo hadir giat raya natal nasional 2025 januari silam perintah misi besar tampung lewat ialah tingkat sejahtera entas miskin masa depan indonesia baik perspektif perintah mulai tuntas butuh paling dasar anak anak bicara kejar dorong hati lihat anak anak indonesia kurang gizi kaya mapan penting ucap anak anak banyak daerah makan gizi sangat sangat penting mangkas power ubah desain program giat rapat dengar dapat rdp selenggara komisi dpr november 2025 sedikit kritik lontar badan gizi nasional bgn jumlah anggota komisi bgn anggap punya banyak istimewa sayang imbang akuntabilitas maupun transparansi pada komisi ingat bgn tindak hati hati sesuai koridor masalah lebih besar seruak acu siklus bijak publik evaluasi rupa komponen penting jelas ajar ilmu politik universitas udayana kandidat doktor monash university mirah mahaswari kasus kerja bgn evaluasi jalan tempat komprehensif mirah sodor tiga analisis pertama program makan gizi gratis rasa cukup baru tengah gerak fase ekspansi cepat jadi fokus perintah lebih coverage jangkau program bukan evaluasi dalam terang mirah dua dapat sensitivitas politik iring ingat program flagship utama kritik target implementasi pandang wujud serang perintah jadi evaluasi cenderung sangat hati hati bahkan kabur tegas akhir tiga kapasitas monitoring lapang seperti siap ikut skala program mirah tambah jadi masalah masalah racun distribusi tunjuk sistem awas tidak banding ambisi coverage program tutur baru baru banyak 500 orang diri siswa guru camat tulung klaten alami gejala racun lepas santap saji periksa laboratorium lihat kandung bakteri bacillus menu tarik lebih luas kutip rekapitulasi jaring pantau didik indonesia jppi catat kurang kurang hampir 000 ajar racun duga akibat panjang awal 2025 april 2026 guru besar teknologi pangan hasil tani ugm profesor sri raharjo nyata kasus racun nyaris jadi bulan lihat data lama 2025 imbuh lihat kritik masuk bgn sepenuh akomodasi walaupun bgn henti operasional sppg masalah turut langkah sebut cenderung reaktif olah tunjuk tindak disiplin benar masalah awal siap paksa jalan tandas cukup urus standar makan lahir rentet racun bgn terpa sengkarut tata kelola upa ada jasa sertifikasi halal indonesia corruption watch icw minggu kemarin lapor duga korupsi skema sebut komisi berantas korupsi kpk potensi rugi negara capai rp49 miliar icw pandang ada jasa sertifikasi halal bgn punya dasar hukum bagai masalah lahir terap bukti betapa besar kuat maupun wenang bgn jamin apa jelas pakar ekonomi tahan pangan center economic and law studies celios isnawati hidayah situ dapat lapor masalah satu poin sangat kompleks mulai tata kelola terus masyarakat kerja sppg situ duga penyalahgunaan power bagai ungkap isnawati isnawati argumen butuh evaluasi wenang kontrol bgn sangat desak perlu lama bgn tetap beri leluasa limpah efek justru bakal panjang cara ambil perintah rombak total desain program papar isnawati strategi definisi rombak terjemah pertama sempit cakup arah lebih targeted terang kata fokus anak anak kelompok ekonomi mampu tambah isnawati lalu dua skema sppg sekarang kritik isnawati mahal kompleks ganti kantin kantin sekolah lebih dulu eks perintah cukup beri damping awas latih ucap jadi ekspansi sppg bahkan perlu sppg ombak hasil wujud program bakal tepat sasar penting manfaat imbuh isnawati program perintah akhir mampu layan penting luas bukan ambisi politik kuasa bagaimana khawatir khalayak rupa salah satu program fiskal anggar fiskal besar sejarah indonesia terima manfaat sangat besar papar bikin miris sedih desain amburadul tata kelola simpang siur tumpang tindih cost nya sangat tinggi,Netral
wali kota mojokerto resmi sppg wates pasti jalan sesuai standar kota mojokerto wali kota mojokerto ika puspitasari tegas penting standar layak operasional laksana program makan gizi gratis kota mojokerto sampai resmi satu layan penuh gizi sppg wates camat magersari kamis turut program nasional gagas presiden prabowo subianto sebut tuju tingkat kualitas gizi anak anak indonesia sekaligus dukung wujud indonesia emas 2045 rangka jamin makan gizi gratis laksana sesuai niat baik bapak presiden sehat anak anak indonesia cipta generasi emas sppg tugas siap penuh standar layak operasional kata ning ita apresiasi langkah sppg wates ikut arah tim verifikasi laku relokasi dapur seluruh standar operasional penuh maksimal lebih lanjut ning ita sampai jaga kualitas makan saji jumlah sppg kota mojokerto mula jadi sppg kapasitas 500 terima manfaat jaga sama sama awas sama tegas ning ita tambah program taut bagai program prioritas nasional koperasi desa lurah merah putih program tahan pangan turut integrasi sebut harap mampu bangun sirkular ekonomi tingkat lurah desa sppg nanti harap sinergi koperasi merah putih kerja sama kelompok tani kelompok budidaya ikan hingga ternak lokal suplai butuh bahan pangan kalau program program saling taut bentuk sirkular ekonomi masing masing wilayah kecil pungkas humas,Positif
ketua satgas jatim tanggap duga racun ratus siswa surabaya jatim newsroom ratus siswa surabaya kabar alami duga racun usai santap makan program makan gizi gratis senin 2026 dasar informasi terima 200 siswa sekolah lurah tembok dukuh camat bubut duga alami racun konsumsi makan program wakil gubernur jawa timur sekaligus ketua satgas emil elestianto dardak sampai minta dinas sehat segera laku kece tangan siswa dampak kepala dinkes ecek bagaimana pertama tangan situasi jadi mohon waktu ujar emil pasti perintah segera sampai kembang baru kait insiden duga racun sebut proses data periksa selesai laku hari ikan informasi baru kait lanjut kait mungkin beri sanksi emil jelas wenang utama ada badan gizi nasional bgn turut lama terap sanksi satu layan penuh gizi sppg alami insiden laksana program wenang beri sanksi laku kolektif utama lalu bgn bgn terap sanksi sppg alami insiden insiden kata emil tegas pihak fokus insiden racun surabaya ratus siswa alami racun liput siswa jenjang smp keluh sakit perut hingga muntah muntah duga usai santap makan dapur sppg lurah tembok dukuh camat bubut surabaya siswa alami racun dapat awat puskesmas tembok dukuh rumah sakit ibu anak ikat bidan indonesia rsia ibi surabaya dinas sehat surabaya periksa sampel makan balai besar laboratorium sehat masyarakat bblk surabaya pca,Negatif
bulan jalan ksp temu dapur sppg tak penuh standar badan gizi nasional henti operasional 720 dapur sppg bukti langgar dokumentasi kantor staf presiden iqbal basyari mei 2026 politik hukum pasuk bulan implementasi program makan gizi gratis soal dasar kait bersih tata kelola dapur standar sehat pangan temu lapang kantor staf presiden ksp bahkan temu belatung area dapur olah makan ksp dorong dapur satu layan penuh gizi penuh standar segera henti temu dapat kepala staf presiden jenderal tni purn dudung abdurachman inspeksi dadak dapur satu layan penuh gizi sppg kawasan kebon jeruk grogol tambur selasa 2026 inspeksi dapat kondisi sanitasi jauh kata ideal program mulai sejak awal januari 2025 masalah sertifikat verifikasi batas administrasi yakin betul faktor sehat terima manfaat dapur sidak layak kata dudung lalu terang tulis kalau untung wajar wajar jangan turun kualitas uang rakyat dipertanggungjawabkan sidak dudung temu beberapa kondisi sesuai standar aman pangan antara area dapur kotor temu belatung guna palet higienis tempat cuci layak suhu ruang dapur nilai terlalu panas milik sirkulasi baik dudung sorot campur area dapur kering simpan basah gudang padahal pisah area kotor bersih rupa prinsip dasar tawar manajemen dapur massal dudung ingat anggar makan gizi gratis asal uang rakyat dipertanggungjawabkan benar minta semua pihak mulai yayasan hingga kelola sppg jadi program prioritas presiden prabowo subianto semata mata ladang bisnis justru turun kualitas asupan gizi kalau untung wajar wajar jangan turun kualitas uang rakyat dipertanggungjawabkan ujar mantan kepala staf tni angkat darat sebut ksp segera audit cepat verifikasi nasional seluruh sppg nanti klasifikasi ketat tiap satu layan layak penuh layak syarat layak operasi dudung nyata koordinasi badan gizi nasional bgn segera menindaklanjuti temu minta dapur penuh standar segera baik baik laku waktu dekat dorong bgn tutup beku suspend operasional dapur sebut kalau penuh target jumlah makan katering biasa paling penting bukan sekadar makan saji nilai gizi sehat selalu tekan bapak presiden ujar dudung pasti standar taat rata ksp pasti awas henti dudung rencana inspeksi dadak jumlah daerah masuk jawa tengah jawa barat langkah ambil lihat kondisi faktual lapang jamin aman pangan anak anak indonesia pisah kepala bgn dad hindayana ungkap dapat 720 sppg status operasional sedang henti suspend jumlah sebut banyak 356 sppg pasti terima insentif masuk kategori langgar mayor masalah cakup rusa fasilitas sistem butuh waktu pulih cukup lama baik sangkut aspek cukup luas makan waktu satu bulan lebih baik sisi fasilitas sistem maupun kesiap operasional ujar dad dad jelas status suspend merta hapus hak uang kelola otomatis sanksi finansial jatuh tim awas temu lalai fatal lapang buah jadi luar biasa klb picu fasilitas dapur kumuh guna bahan baku segar hak insentif kelola otomatis hangus bgn tutup pintu kelola bukti laku praktik sehat masuk praktik sehat monopoli supplier main harga jelas insentif tutur dad meski lanjut dad bgn beri ruang toleransi salah sifat teknis operasional sistemik contoh ketidakpatuhan prosedur masak terlalu cepat bahaya sehat fatal kasus sebut salah nilai baik insentif tetap mungkin cair mekanisme terap instrumen jaga disiplin kelola satu layan seluruh indonesia dorong tingkat patuh standar aman pangan tata kelola operasional baik sppg kata dad tulis iqbal basyarieditor cyprianus anto saptowalyonopenyelaras bahasa hibar himawan,Negatif
ketua satgas kabupaten asah tinjau sppg mekar sari camat buntu pane skip content menu menu home profil sejarah kabupaten asah lambang kabupaten asah infrastruktur demografi sehat tani terna ikan profil jabat daerah prestasi harga perintah struktur organisasi visi misi program strategis potensi daerah potensi wisata layan publik internal ketua satgas kabupaten asah tinjau sppg mekar sari camat buntu pane may 2026 admin leave comment cancel reply comment name email website save name email and website this browser for the next time comment,Netral
bupati usul kdmp pasok butuh bupati usul kdmp pasok butuh senin mei 2026 kubu rayakubu raya perintah kabupaten kubu raya gelar rapat audiensi sama badan gizi nasional bgn pusat ruang kerja bupati kubu raya senin 2026 langkah kuat sinergi laksana program strategis nasional makan gizi gratis koperasi desa merah putih kdmp audiensi sebut bahas kuat ekosistem ekonomi rakyat aman pangan rantai pasok bahan baku hingga langkah cegah racun laksana program kabupaten kubu raya wakil bgn pusat agustinus hari sampai apresiasi atas sambut masuk perintah kabupaten kubu raya kait kembang kolaborasi kdmp bumdes umkm dapur satu layan penuh gizi sppg turut bgn pasti seluruh laksana jalan standar aman pangan baik meminimalisir potensi racun lalu kuat tata kelola dapur rantai pasok depan aman pangan rantai pasok baik toleransi racun besok beri paham kait tata cara masak baik pilih suplai pangan standar penuh dapur sppg ujar bupati kubu raya sujiwo tegas perintah kabupaten kubu raya dukung penuh program bagi program strategis nasional presiden republik indonesia sujiwo kata program milik tuju mulia sasar penuh gizi anak anak mampu gerak ekonomi rakyat lalu libat tani nelayan ternak umkm hingga koperasi desa tegas depan seluruh butuh dapur sayur mayur telur ikan daging ayam bahan pangan lain harap pasok langsung kdmp libat kelompok tani umkm masyarakat desa anggota sebut simbiosis mutualisme kdmp hidup tani umkm dapat pasar jelas program jalan baik kata sujiwo sujiwo tekan penting awas ketat laksana program jadi simpang maupun lalai terap standar operasional minta sekretaris daerah selaku ketua satgas kubu raya pasti kasus racun makan laksana daerah sebut depan zero racun kalau oknum menyalahgunakan amanah baik kelola dapur maupun pihak lain tegas tegas sekda yusran anizam selaku kepala satgas kubu raya kata dapat dapur operasi mandiri kubu raya delapan dapur lain tahap baik standar operasional operasi jelas perintah kabupaten kubu raya siap skema ekosistem pasok bas kdmp rantai distribusi bahan pangan lebih pendek harga tetap kendali kalau rantai pasok terlalu panjang harga tingkat kualitas makan dampak dorong semua supplier masuk lalu kdmp sesuai arah presiden ujar yusran yusran sebut seluruh desa kubu raya bentuk kdmp lengkap legalitas siap dukung butuh pasok dapur dapur target capai 140 dapur seluruh wilayah kabupaten kubu raya diskominfokkr ikp berita baru hkg pkk tingkat kalbar kubu raya hadir selasa juli 2026 larang tebang mangrove pemkab genjot revi selasa juli 2026 stunting kalbar tingkat bupati sujiwo dorong senin juli 2026 hadap 147 titik karhutla pemkab kubu raya optima senin juli 2026,Positif
perintah lewat program masyarakat kian mudah mempero tribratanews polri kepala badan komunikasi perintah bakom muhammad qodari kata masyarakat makin rasa manfaat program makan gizi gratis masuk aspek mudah oleh makan gizi kepala bakom sampai survei laku badan pusat statistik bps libat 100 rumah tangga seluruh indonesia lihat mayoritas rumah tangga terima nyata tuju atas manfaat program tingkat tuju tingkat juli november 2025 semua aspek survei tingkat mudah oleh makan gizi naik persen jadi persen baik perilaku makan gizi persen jadi persen jelas kepala bakom rabu 2026 tingkat tuju masyarakat kait peran ringan beban waktu siap makan siang tingkat persen jadi persen aspek ringan keluar hari hari persen jadi persen sorot persentase siswa habis seluruh porsi naik persen juli 2025 jadi persen november 2025 indikasi ada baik kualitas menu cita rasa kala kepala bakom kata baik tata kelola laksana terus laku kerja sama lembaga kait kena sampai inti perintah terus baik tata kelola tentu urus jumlah sangat banyak perlu kerja sama tutur kepala bakom khusus kepala bakom sorot sejak terap sertifikat laik higiene sanitasi slhs jadi tingkat signifikan panjang 2026 dapat 615 adu masuk call center sagi 127 operasi badan gizi nasional bgn ndt,Positif
legislator pks tolak rencana kerja sama impor industri unggas minta kuat ternak lokal masuk revisi pkh legislator pks tolak rencana kerja sama impor industri unggas minta kuat ternak lokal masuk revisi pkh anggota dpr slamet sorot rencana kerja sama kamar dagang industri kadin indonesia jumlah usaha asal china kembang hilir industri unggas dukung butuh program makan gizi gratis turut langkah sebut perlu kaji hati hati justru lemah posisi ternak rakyat negeri program jadi momentum bangkit ternak lokal bukan malah buka ruang gantung baru pihak luar indonesia milik kapasitas produksi telur ayam besar perlu kuat tata kelola distribusi pihak ternak rakyat ujar slamet terang jumat 2026 nilai harga telur tingkat ternak sedang alami tekan akibat lemah serap pasar tinggi biaya produksi masuk investasi skema industri terlalu dominan luar negeri justru potensi sempit ruang usaha ternak mandiri umkm terna daerah slamet butuh protein hewani program penuh lalu kuat kapasitas produksi nasional perintah nilai perlu fokus bina ternak rakyat kuat koperasi ternak stabilisasi faktor produksi harga pakan lama jadi beban utama usaha terna unggas masalah utama ternak hari bukan mampu produksi biaya produksi tinggi pasar stabil solusi butuh kuat ternak lokal bukan buka kompetisi makin berat kata jelas komponen pakan capai bagi besar biaya produksi terna unggas perintah perlu kuat bijak produksi jagung nasional kembang bahan baku pakan alternatif bas lokal kuat cadang bahan baku pakan jaga stabil harga slamet dorong program benar benar integrasi rantai pasok ternak lokal bagai daerah turut serap telur ayam koperasi maupun kelompok ternak rakyat beri dampak ekonomi jauh lebih besar kuat ekonomi nasional sempat sebut slamet sampai kuat lindung ternak lokal jadi salah satu perhati penting bahas revisi undang undang terna sehat hewan pkh nilai regulasi depan beri pihak lebih kuat ternak rakyat tengah saing industri makin besar revisi pkh benar benar hadir lindung kuat ternak lokal mulai aspek biaya stabilisasi harga lindung usaha rakyat hingga prioritas libat ternak domestik program strategis nasional tegas,Negatif
bupati kukar resmi dapur sppg bintang kaltim serah bantu sangasanga bupati kukar resmi dapur sppg bintang kaltim serah bantu sangasanga tenggarong bupati kuta kartanegara kukar aulia rahman basri resmi dapur makan gizi gratis satu layan penuh gizi sppg bintang kaltim sangasanga kamis 2026 tempat jalan corong camat sangasanga giat sebut rangkai salur bantu makan tahun 2026 kelompok terima manfaat sandang disabilitas anak lantar lanjut usia lansia wilayah camat sanga sanga sambut bupati aulia rahman basri tegas bantu bahan pokok beri perintah bulan rupa bagi tanggung jawab perintah daerah pasti seluruh masyarakat konsumsi makan layak bantu pokok ikan tiap bulan jamin masyarakat konsumsi bahan pokok bagi tanggung jawab perintah pasti warga makan layak ujar tekan penting komitmen sama sukses program penuh gizi masyarakat khusus anak anak kukar turut perintah daerah sama badan gizi nasional seluruh pihak kait terus upaya pasti program gizi anak jalan optimal kabupaten kuta kartanegara semangat pasti gizi anak anak kukar sama komitmen program gizi anak jalan kukar terima kasih badan gizi nasional semua pihak kait kata bupati kata seluruh pihak paham proses jadi dapur butuh masyarakat tahu baik operasional dapur jalan maksimal ajak forkopimcam sanga sanga sama sama sukses program sebut terus laku sempurna apabila temu kendala lapang erti apa jadi dapur butuh tahu baik dapur jalan baik forkopimcam sangasanga sama sukses program sempurna terus program masalah sama cari solusi tegas usung tema satu piring juta harap bupati sebut program bukan sekadar beri makan bagi upaya sama bangun generasi cerdas sehat lalu penuh gizi baik tema ingat sama sama bangun generasi cerdas pasti gizi anak cukup makan pemkab sangat dukung program ungkap aulia konsep milik dampak besar kuat ekonomi masyarakat harap seluruh butuh dapur sppg penuh masyarakat mulai tani ternak hingga budi daya ikan wilayah sppg konsep bukan beri makan bangun ekonomi harap semua butuh sppg penuh masyarakat baik tani ternak maupun budi daya ikan ujar tambah ada koperasi merah putih harap hubung operasional dapur sppg cipta rantai pasok sehat lanjut perintah daerah perhati stabilitas harga seluruh pihak libat rasa nyaman program jalan lancar bentuk dukung sektor terna lokal pemkab kukar beri bantu bina ternak ayam telur kuat lalu program kredit kukar idam bunga usaha masyarakat makin kembang pemkab kukar terus komitmen wujud masyarakat kukar maju sejahtera dukung baik program perintah pusat baik dukung program kukar idam baik salah satu program baik warga aktif ikut rapat program tepat sasar kata sempat sebut bupati kukar tegas resmi dapur sppg bintang kaltim sanga sanga bukan sekadar hadir fasilitas olah makan jadi bagi upaya sama pasti masyarakat khusus anak anak oleh makan gizi sehat layak konsumsi resmi dapur sppg bintang kaltim sanga sanga tema satu piring juta harap bukan sekadar resmi buah fasilitas dapur lebih giat bagi ikhtiar sama pasti anak anak oleh asupan makan gizi aman sehat layak ujar sasar serta didik program beri manfaat sandang disabilitas lansia bentuk peduli perintah kelompok masyarakat butuh perhati khusus penuh gizi sejahtera bupati tegas hasil program sangat tentu tata kelola baik mulai rencana menu ada bahan pangan proses masak hingga distribusi makan terima manfaat minta seluruh kelola dapur jaga kualitas bersih aman pangan program laksana asal asal makan beri penuh prinsip gizi agam imbang aman layak konsumsi tegas sempat bupati kukar turut sampai apresiasi seluruh pihak kontribusi diri operasi dapur sppg bintang kaltim sangasanga mulai kelola perangkat daerah perintah camat tenaga sehat hingga mitra laksana akhir sambut bupati kukar resmi dapur sppg bintang kaltim sangasanga harap ada dapur sebut mampu beri manfaat besar masyarakat dukung tingkat kualitas sehat didik kabupaten kuta kartanegara bupati kemudian tinjau aktivitas dapur sebut hadir acara sekda kukar sunggono segenap kepala perangkat daerah kukar koordinator regional provinsi kalimantan timur binti maulina putri damping koordinator regional provinsi kalimantan timur muhammad sirajul amin mubarak kom koordinator wilayah kabupaten kuta kartanegara sandi risqy wakil manajemen pertamina camat sangazanga serta unsur forum koodinasi pimpin forkopimcam pimpin yayasan alif turiadi lurah camat sangasanga kelola sppg bintang kaltim sangasanga undang lain prokom04,Positif
pimpin rapat evaluasi wabup deddy dorong transparansi manfaat produk lokal wakil bupati deddy abdul hamid selaku ketua satu tugas satgas program makan gizi gratis kabupaten bolaang mongondow selatan pimpin rapat evaluasi laksana program strategis nasional sebut giat langsung ruang berkah kantor bupati bolsel kawasan kantor panango camat bolaang uki senin 2026 rapat hadir pimpin perangkat daerah gabung tim satgas koordinator wilayah satu layan siap gizi sppg kepala sppg jajar ketua yayasan fokus utama evaluasi progres laksana program cakup penuh standar gizi tata kelola anggar kesiap sdm hingga optimalisasi peran mitra lokal arah wabup deddy tegas program rupa proyek strategis nasional tuntut komitmen tanggung jawab penuh ingat seluruh pihak jalan amanah depan penting masyarakat luas minta seluruh laksana baik sppg maupun vendor utama integritas jangan semata mata kejar untung pasti kualitas gizi beri sesuai porsi anggar sehat anak anak ibu hamil kelompok rentan lain tegas sosok kenal dekat rakyat lebih lanjut wabup ingat penting transparansi tengah arus buka informasi turut aspek layan kini awas langsung masyarakat lalu media sosial akuntabilitas jadi tawar aspek gizi pasang sehat bupati iskandar kamaru dorong program beri dampak ekonomi daerah instruksi bahan baku makan prioritas pasok lokal wilayah bolsel optimalisasi sumber daya lokal jadi prioritas gerak roda ekonomi masyarakat bolsel target kembang hingga dapur realisasi tahap sinergi ahli gizi tim satgas makin solid tandas deddy sapa akrab beliau,Netral
ketua satgas emil dardak pasti cair dana mulai proses minta masyarakat tak panik jatim newsroom wakil gubernur jawa timur sekaligus ketua satgas makan gizi gratis jatim emil elestianto dardak respons isu lambat cair dana program ramai edar jumlah grup whatsapp orang tua murid surabaya sidoarjo emil tegas soal sebut jadi seluruh dapur sedia jawa timur pasti proses cair dana mulai jalan barusan cek bgn semua dapur alami masalah sebut surabaya ppk bgn mulai proses cair virtual account ujar terang tulis jumat 2026 belum edar informasi salah satu dapur sedia satu layan penuh gizi sppg sidoarjo sebut operasional layan henti mulai mei 2026 akibat lambat cair dana pesan edar pihak dapur sampai distribusi laku pasti cair anggar perintah pusat pesan sebar grup orang tua murid sebut jumlah dapur surabaya alami kendala rupa dana operasional masuk rekening kelola tanggap emil minta masyarakat tetap tenang pancing informasi verifikasi seluruh perintah provinsi jawa timur kata terus koordinasi badan gizi nasional bgn distribusi tetap jalan pasti perintah paham penting lanjut program siswa terima manfaat proses cair dana jadi prioritas segera selesai terus laku koordinasi operasional dapur tetap jalan layan siswa ganggu tegas program sendiri rupa salah satu program prioritas perintah dukung penuh gizi anak sekolah tingkat kualitas sehat generasi muda bagai daerah masuk jawa timur pca hjr,Netral
audiensi diskominfo bgn depok siap kuat publikasi program berita depok badan gizi nasional bgn kota depok laku audiensi dinas komunikasi informatika diskominfo kota depok selasa temu sebut bahas rencana sinergi penyebarluasan informasi program makan gizi gratis masyarakat mula kuat data kelola isu hingga optimalisasi media publikasi website koordinator wilayah korwil bgn kota depok rakha pratama kata koordinasi bgn perintah kota pemkot depok jalin sejak tahun 2025 terus tingkat tahun laku audiensi nanti kuat kolaborasi sedang susun rencana masuk beberapa masuk kait website media publikasi ungkap berita depok rakha tambah koordinasi depan laku lebih pusat sampai informasi kait jalan efektif tepat sasar mengcounter klarifikasi bagai isu informasi terima masyarakat tetap positif tepat harap program makin kenal luas masyarakat terus jalan baik kota depok jelas alhamdulillah depok kasus tonjol kait komitmen tahan zero case sebut sama sppg ahli gizi milik dapur tambah laksana hari plh kepala diskominfo kota depok muhammad fahmi sampai kesiap pihak dukung publikasi program penuh butuh informasi masyarakat umum komunikasi pihak bgn depok inti penting masyarakat siap kolaborasi kait bentuk publikasi rangka penuh informasi perlu masyarakat tutur kata pihak fasilitas bagai bentuk kerja sama publikasi lama sesuai koridor atur laku insyaallah sama sama kolaborasi beri informasi fasilitas bentuk kolaborasi ingin pungkas,Positif
tengok strategi komunikasi bgn dorong jadi gera publik bgn geber strategi komunikasi publik multi kanal pasti program makan gizi gratis jalan transparan humasindonesia sukses program makan gizi gratis tuntut percaya rakyat tanggap sebut kepala biro hukum humas badan gizi nasional bgn khairul hidayat pasti instansi terus bangun paham publik lalu strategi komunikasi efektif konteks pihak bangun paham gera sama bangun generasi sehat indonesia buah gera sama khairul tegas program butuh dukung partisipasi seluruh elemen masyarakat perintah mampu bangun paham publik baik kena tuju manfaat mekanisme program kata hida sapa akrab isi kuliah daring universitas tahan jumat 2026 kutip rri strategi sebut hida bgn bagi dekat komunikasi jalur utama jalur pertama tumpu interaksi langsung tatap muka libat tokoh masyarakat guru tenaga sehat kader tempuh masyarakat bukti lebih taruh percaya figur dekat bgn imbang dekat interaksi tatap muka langsung sebut lewat salur digital lalu akun media sosial instagram tiktok youtube lanjut hida bgn rutin produksi konten edukasi rincian laksana siar ubah pola konsumsi informasi paksa perintah turun arena maya dekat komunikasi digital penting pola konsumsi informasi masyarakat ubah perintah hadir ruang digital pasti informasi terima masyarakat akurat percaya papar kerja komunikasi publik bgn strategi komunikasi jalur sebut buah capai panjang triwulan pertama 2026 bgn banjir ruang publik aneka produk sebar informasi terbit artikel sebar siar pers layan minta informasi gandeng media gelar lokakarya hingga redam isu miring buka komunikasi kunci transparansi sekaligus akuntabilitas perintah praktik komunikasi sebut hida kata target utama pihak bukan sekadar sebar brosur masyarakat lihat bukan batas program bantu sosial komunikasi publik baik perintah harap program paham program bantu gera sama bangun generasi sehat indonesia tegas arfrian,Positif
luncur pulau laut sigam pemkab kotabaru dorong penuh gizi kuat generasi sehat program makan gizi gratis luncur camat pulau laut sigam kabupaten kotabaru rabu 2026 program sebut jalan yayasan youth entrepreneurship school lalu satu layan penuh gizi sppg bentuk dukung tingkat kualitas gizi masyarakat luncur program langsung sppg sigam jalan kemuning 004 camat pulau laut sigam hadir komisi dprd abdul kadir instansi kait mitra kerja bagai elemen masyarakat ketua yayasan youth entrepreneurship school munzirin sos sampai sppg sigam rupa unit operasi kabupaten kotabaru turut program rupa program prioritas perintah tuju cipta generasi sehat tuju indonesia emas program bukan sekadar sedia makan gizi anak anak sekolah jadi bagi upaya sama cerdas generasi bangsa harap seluruh pihak dukung beri masuk hasil program ujar jelas target bangun sppg kabupaten kotabaru capai puluh unit sebar bagai wilayah masuk daerah pencil pesisir hadir sppg harap mampu dorong tumbuh ekonomi masyarakat lalu libat laku umkm tani ternak lokal pasok butuh pangan sppg bukan dapur umum pusat layan penuh gizi nanti jadi tempat konsultasi gizi kolaborasi lintas sektor kata asisten bidang ekonomi bangun setda kotabaru drs murdianto wakil bupati kotabaru sekaligus buka giat lalu prosesi potong pita sampai apresiasi yayasan seluruh pihak libat laksana program sebut nilai program rupa langkah nyata tingkat kualitas sumber daya manusia khusus anak anak generasi muda kabupaten kotabaru gizi baik sangat penting dukung tumbuh sehat mampu ajar anak anak generasi terus bangsa perintah kabupaten kotabaru sangat dukung giat positif ucap murdianto tambah kabupaten kotabaru butuh banyak sppg jangkau seluruh wilayah utama daerah tinggal depan luar perintah daerah terus upaya jalin koordinasi bagai pihak calon investor luas layan kotabaru turut tingkat kualitas didik tentu aspek ajar dukung penuh gizi baik anak anak program jadi salah satu langkah penting wujud generasi sehat cerdas daya saing masa depan tutur,Positif
masuk pelosok kubu raya pacu dapur gizi hingga desa pencil masuk pelosok kubu raya pacu dapur gizi hingga desa pencil rabu mei 2026 berita pimpinanprokopim kubu raya perintah kabupaten kubu raya komitmen sukses program makan gizi gratis sekretaris daerah kabupaten kubu raya yusran anizam kata program proyeksi penuh gizi anak sekolah arah jadi motor gerak ekonomi daerah sampai damping wakil kepala badan gizi nasional bgn sony sonjaya tinjau bangun dapur desa terentang hulu camat terentang rabu 2026 yusran anizam tegas perintah kabupaten kubu raya lihat program milik dampak beranta multiplier effect banyak sektor perintah kabupaten upaya program segera jalan offtaker beri multiplier effect apa sampai pak waka kemarin mana kawasan strategis nasional program strategis nasional lain program program strategis daerah tetap dapat multiplier effect kata yusran sebut antusiasme bupati kubu raya program sangat tinggi bupati ujar yusran harap segera jalan optimal seluruh wilayah kubu raya makanya pak bupati sangat sangat antusias harap kubu raya cepat sukses ujar yusran terang perintah kabupaten kubu raya meta 140 titik dapur target segera realisasi dapur dapur sebut nanti sasar butuh gizi anak sekolah ibu hamil anak anak fase ribu hari pertama hidup upaya cepat tangan stunting lebih kurang 140 titik dapur peta mudah mudah segera realisasi butuh bukan anak anak sekolah utama ibu hamil anak anak ribu hari hidup rangka atas stunting jelas yusran tampik soal stunting jadi kerja rumah besar kubu raya tinggi angka anggur buka jadi tantang serius tekan lalu hadir program kubu raya angka stunting cukup tinggi makanya sangat harap kemudian anggur buka tinggi sekali ukur kalimantan barat atas rata rata kata nilai ada dapur dampak tingkat sehat masyarakat buka peluang kerja gerak ekonomi lokal hingga pelosok desa jek berita baru hkg pkk tingkat kalbar kubu raya hadir selasa juli 2026 larang tebang mangrove pemkab genjot revi selasa juli 2026 stunting kalbar tingkat bupati sujiwo dorong senin juli 2026 hadap 147 titik karhutla pemkab kubu raya optima senin juli 2026,Positif
ikut rapat konsolidasi sulut wabup deddy tegas kesiap bolsel implementasi program perintah daerah kabupaten bolaang mongondow selatan nyata komitmen dukung penuh laksana program makan gizi gratis langkah strategis perintah tingkat kualitas sumber daya manusia sekaligus tekan angka stunting daerah komitmen sebut tegas wakil bupati bolaang deddy abdul hamid hadir rapat konsolidasi laksana program gelar hotel sentra kabupaten minahasa utara jumat 2026 giat hadir pimpin badan gizi nasional bgn antara wakil kepala bgn bidang operasional penuh gizi sony sanjaya deputi bidang awas pantau bgn dadang hendrayudha hadir wakil sulut kepala daerah sulut rapat konsolidasi sebut bahas kuat koordinasi pusat daerah implementasi program mulai kesiap distribusi standardisasi gizi kuat satgas hingga sinkronisasi data terima manfaat papar bgn tekan sasar prioritas program kelompok rentan utama ibu hamil ibu susu balita fase 000 hari pertama hidup hpk upaya cepat tangan stunting bgn dorong kuat tata kelola program lalu bentuk satgas daerah libat rawan manfaat bahan pangan lokal hingga terap sistem kelola lingkung lanjut sppg wabup deddy momen sebut tegas pemkab bolsel siap sinergi sukses program nasional sebut masuk dukung operasional layan gizi daerah program rupa langkah konkret tingkat kualitas sdm sekaligus tekan prevalensi stunting khusus generasi muda bolsel ujar top eksekutif tambah pemkab bolsel dukung penuh kuat koordinasi lintas sektor laksana program jalan efektif tepat sasar harap kendala teknis lapang utama kait operasional dapur sppg segera dapat tunjuk solusi layan penuh gizi masyarakat hambat tandas pasang sehat bupati iskandar kamaru,Positif
sidokkes polres tim awas seluruh menu lulus uji organoleptik tribratanews polri sanggata sidokkes polres kuta timur tim laksana periksa awas aman makan program makan gizi gratis satu layan penuh gizi sppg polres tim giat sebut pasti seluruh menu distribusi siswa tenaga didik kondisi aman sehat layak konsumsi periksa mulai sejak pagi libat tim sidokkes sama unsur awas internal polres tim giat sebut tugas laku uji organoleptik seluruh menu distribusi periksa liput bentuk warna bau rasa makan pasti kualitas makan tetap jaga tangan terima manfaat adapun menu periksa diri nasi putih ayam serundeng tumis wortel jagung tempe mendoan buah melon madu porsi reguler kecil besar sppg polres tim siap menu khusus siswa milik alergi makan tentu banyak 247 terima manfaat dapat distribusi sebut liput siswa sdn 011 sdn 015 kemala bhayangkari guru masing masing sekolah distribusi laku guna unit kendara operasional polres tim hasil periksa seluruh makan nyata penuh standar layak konsumsi aman distribusi kapolres kuta timur akbp fauzan arianto kata awas program rupa bentuk komitmen polres tim dukung sehat penuh gizi anak anak wilayah kuta timur lalu awas laku sidokkes sama tim kait pasti makan terima siswa benar benar aman sehat gizi program bukan soal distribusi makan pasti kualitas higenitasnya tetap jaga ujar kapolres selasa tegas polres tim terus laku awas kala proses olah hingga distribusi manfaat program rasa optimal ajar harap program bantu tingkat sehat semangat ajar anak anak mampu dukung cipta generasi sehat kualitas ujar,Positif
sppg buol sulteng layan program sppg buol sulteng layan program buol perintah kabupaten pemkab buol sulawesi tengah sulteng sebut delapan satu layan penuh gizi sppg daerah sebut operasi layan butuh gizi ajar kelompok ibu susu ibu hamil balita lalu program makan gizi gratis rencana operasional sppg mulai jalan senin datang bagi besar syarat administrasi higiene sanitasi izin laik higiene nyata penuh kata asisten ekonomi bangun pemkab buol syarif pusadan leok kamis muka penting awas laku perintah daerah lalu dinas sehat tempat seluruh tahap operasional sppg awas mulai terima bahan pangan proses olah hingga distribusi makan gizi terima manfaat ucap syarif tutur delapan sppg kabupaten buol penuh syarat operasional satu unit lain sedang tahap siap teliti harap program buol jalan optimal dukung tingkat sehat gizi kualitas generasi muda daerah kata syarif sebut perlu ada kuat koordinasi lintas sektor awas lingkung stabilitas pasok pangan libat laku usaha lokal dukung butuh operasional sppg hari perintah daerah pasti komitmen dukung laksana program jalan sesuai standar aman pangan transparan tepat sasar beri layan baik masyarakat kata tahu dapat delapan sppg kabupaten buol diberhentkan suspen operasional sebab penuh standar instalasi olah air limbah ipal delapan dapur tutup sppg buol biau kali sppg buol karamat busak sppg buol biau buol sppg buol bokat doulan sppg buol biau kulango sppg buol biau leok sppg buol biau leok sppg buol bokat bongo warta moh salam editor andilala copyright 2026,Positif
197 ajar surabaya racun menu kasus duga racun menu makan gizi gratis alami 197 murid smp tembok dukuh surabaya jawa timur bahana patria gupta ambrosius harto mei 2026 sehat surabaya perintah provinsi jawa timur perintah kota surabaya tangan duga racun menu makan gizi gratis alami 197 ajar senin 2026 siang dasar data 197 ajar sekolah tembok dukuh bubut surabaya keluh ganggu sehat konsumsi menu makan gizi gratis tangan unit sehat sekolah puskesmas tembok dukuh rumah sakit ibu anak rsia ikat bidan indonesia ibi surabaya dinas sehat jatim dinas sehat kota surabaya siswa siswi asal negeri tembok dukuh negeri tembok dukuh iii negeri tembok dukuh kristen aletheia kristen aletheia smp kristen aletheia pancasila abdullah ubaid abdullah ubaid raden wijaya demak jaya smp islam surabaya wakil gubernur jatim emil elestianto dardak selaku ketua satu tugas jatim nyata tangan siswa siswi racun menu pusat rsia ibi surabaya pukul 197 ajar tangan orang fokus lebih tangan siswa siswi dampak investigasi sppg satu penuh layan gizi tembok dukuh salur menu ujar emil sampel menu saji duga sebab ganggu sehat sedang periksa laboratorium sehat emil patut mekanisme sanksi menu picu ganggu terima manfaat sanksi terap badan gizi nasional sesuai lapor daerah kepala puskesmas tembok dukuh tyas pradadani lapor ganggu sehat jumlah sekolah jadi sejak pukul tugas terima keluh siswa siswi pusing mual muntah santap menu curiga awal menu olah daging keluh sampai murid guru kata tyas tugas sehat tangan ajar keluh racun awal sekolah minta tangan klinik dekat puskesmas tembok dukuh rsia ibi pukul tangan puskesmas tembok dukuh tangan baik siswa siswi kenan pulang puskesmas kata tyas kepala dinas sehat kota surabaya billy daniel messakh kata sampel menu sedang periksa laboratorium sehat daerah curiga awal menu olah daging ujar tahu informasi duga racun wakil wali kota surabaya armuji datang sppg tembok dukuh minta salur menu henti investigasi selesai sppg nyata bgn operasi kata kepala sppg tembok dukuh chafi alida najla mohon maaf atas ganggu sehat alami terima manfaat menu hari sppg salur 020 paket banyak sekolah keluh racun masuk terima menu tembok dukuh chafi kata lapor ganggu sehat sppg distribusi 000 paket segera henti produksi salur mohon maaf tanggung biaya awat terima manfaat dampak ujar chafi nyata segera evaluasi seluruh sistem sedia menu sppg sppg tunggu hasil periksa laboratorium sampel menu duga picu ganggu sehat terima manfaat evaluasi laku dapur sama koordinator wilayah kppg kantor layan penuh gizi kata tulis ambrosius hartoeditor rini kustiasihpenyelaras bahasa didik durianto,Negatif
252 siswa racun dki cuma 167 sppg punya sertifikat higienis 252 siswa timur jaktim duga racun makan gizi gratis perintah provinsi dki respons serius soal dki sangat prihatin tanggap serius kasus duga racun pangan kata staf khusus gubernur dki chico hakim hubung minggu 2026 chico pasti pihak terus koordinasi dinkes dki hingga bgn sebut pihak ambil sampel makan duga sebab ratus siswa racun salah satu menu lapor asa masam sampel makan ambil uji laboratorium dinkes hasil kira keluar pekan depan ucap kemudian chico sampai pihak tangan siswa racun pasti semua siswa dapat awat baik hingga sembuh imbuh lebih lanjut sebut dki evaluasi sppg khusus sppg pulogebang suplai makan siswa racun sebut jauh baru 167 sppg penuh sertifikat laik higienis sppg pulogebang operasi sejak maret 2026 proses urus slhs sertifikat laik higiene sanitasi sesuai atur bgn 2026 hasil inspeksi lingkung sepenuh penuh syarat proses slhs jalan total 609 sppg baru 167 milik slhs ujar belum dinas sehat dinkes dki catat banyak 252 siswa alami gejala duga racun makan usai santap menu makan gizi gratis wilayah pulogebang timur duga sumber masalah asal menu pangsit isi tahu sebut milik rasa masam kepala dinas sehat dki ani ruspitawati kata pihak sama suku dinas sehat timur laku bina awas satu layan penuh gizi sppg pulogebang dinas sehat lalu sudin sehat timur laku bina awas sppg pulogebang bentuk bina awas lalu inspeksi sehat lingkung latih jamah makan terbit slhs kata ani minta konfirmasi sabtu,Negatif
sppg surabaya tak kantong slhs buntut 200 siswa racun banyak satu layan penuh gizi sppg surabaya kantong sertifikat laik higiene sanitasi slhs tetap operasi temu buntut kasus 200 siswa sekolah camat bubut racun menu makan gizi gratis kepala layan penuh gizi ppg kota surabaya kusmayanti ungkap dasar data per rabu 2026 dapat total 133 sppg surabaya jumlah baru sppg milik slhs sppg milik slhs jumlah sppg operasional banyak 108 sppg jumlah sppg operasional banyak sppg jumlah sppg henti operasional sppg kata kusmayanti dprd surabaya lansir detikjatim rabu 2026 kusmayanti jelas sppg milik slhs tetap operasi syarat tentu salah satu kelola wajib segera urus daftar sertifikasi dapur mulai operasi memang kenan batas kriteria tanggal operasional maksimum hari segera daftar ujar tambah proses aju slhs dapat jumlah syarat sertifikasi penuh semua selesai waktu singkat baca lengkap sini azh azh,Negatif
video 200 siswa sekolah surabaya racun scroll guna tombol klik panah sisi kanan jajah feed video tahu siswa dapat saji upa nasi daging krengsengan sayur tahu goreng jeruk gejala alami korban pusing mual muntah muntah,Negatif
